ADX_THRESHOLD_LONG,ADX_THRESHOLD_SHORT,ROC_THRESHOLD_LONG,ROC_THRESHOLD_SHORT,TARGET_MULTIPLIER,STOP_LOSS_ATR_MULT,MAX_HOLDING_DAYS,PARTIAL_EXIT_THRESHOLD,sharpe_oos,n_trades
30,35,0.8,1.2,2.0,1.0,3,0.05,2.327465293166748,321
30,35,0.8,1.2,2.0,1.0,3,0.07,2.319478979357408,321
30,35,0.8,1.2,1.5,1.0,3,0.1,2.28998104539334,330
30,35,0.8,1.2,1.5,1.0,3,0.07,2.2876922130319857,330
30,35,0.8,1.2,2.0,1.0,3,0.1,2.2857471476036255,321
30,35,0.8,1.2,1.5,1.0,3,0.05,2.269081116397127,330
30,30,0.8,1.2,2.0,1.0,3,0.05,2.252273489264098,339
30,30,0.8,1.2,1.5,1.0,3,0.1,2.24333479478214,348
30,30,0.8,1.2,1.5,1.0,3,0.07,2.2397818798169467,348
30,30,0.8,1.2,2.0,1.0,3,0.07,2.230763046390679,339
30,30,0.8,1.2,1.5,1.0,3,0.05,2.2168273865319184,348
30,35,0.8,0.8,2.0,1.0,3,0.05,2.204792096084835,324
30,35,0.8,0.8,2.0,1.0,3,0.07,2.197013350650214,324
30,35,0.8,1.2,1.2,1.0,3,0.1,2.1875078308945066,339
30,35,0.8,1.2,1.2,1.0,3,0.07,2.1858260959673044,339
30,30,0.8,1.2,2.0,1.0,3,0.1,2.182870510514314,339
30,35,0.8,1.2,1.2,1.0,3,0.05,2.1742847488578474,339
30,35,0.8,0.8,1.5,1.0,3,0.1,2.1699101550854842,333
30,35,0.8,0.5,2.0,1.0,3,0.05,2.1667135699784534,327
30,35,0.8,0.8,2.0,1.0,3,0.1,2.16557302014416,324
30,35,0.8,0.8,1.5,1.0,3,0.07,2.1652452541444007,333
30,35,0.8,0.5,2.0,1.0,3,0.07,2.1583891348168653,327
30,35,0.8,0.8,1.5,1.0,3,0.05,2.1464280145608106,333
30,30,0.8,0.8,2.0,1.0,3,0.05,2.1296002921821846,342
30,35,0.8,0.5,2.0,1.0,3,0.1,2.1274821361241623,327
30,35,0.8,0.5,1.5,1.0,3,0.1,2.1262278005550863,336
30,30,0.8,0.8,1.5,1.0,3,0.1,2.1232639044742845,351
30,35,0.8,0.5,1.5,1.0,3,0.07,2.1214076673437825,336
30,30,0.8,0.8,1.5,1.0,3,0.07,2.1173349209293617,351
30,30,0.8,1.2,1.2,1.0,3,0.07,2.1120401144514784,357
30,30,0.8,0.8,2.0,1.0,3,0.07,2.108297417683485,342
30,30,0.8,1.2,1.2,1.0,3,0.1,2.10650877680682,357
30,30,0.8,0.5,2.0,1.0,3,0.05,2.1052370614089972,345
30,30,0.8,1.2,1.2,1.0,3,0.05,2.103953610560835,357
30,35,0.8,0.5,1.5,1.0,3,0.05,2.1029857434647266,336
30,30,0.8,0.5,1.5,1.0,3,0.1,2.096148410157171,354
30,30,0.8,0.8,1.5,1.0,3,0.05,2.094174284695602,351
30,30,0.8,0.5,1.5,1.0,3,0.07,2.0899055988537216,354
30,35,0.8,1.2,1.5,1.0,7,0.1,2.0854022783945685,321
30,30,0.8,0.5,2.0,1.0,3,0.07,2.0837314177336297,345
30,30,0.8,0.5,1.5,1.0,3,0.05,2.0668765955150348,354
30,30,0.8,1.2,1.5,1.0,7,0.1,2.0660122710329882,339
30,35,0.8,0.8,1.2,1.0,3,0.1,2.0630968307715807,342
30,30,0.8,0.8,2.0,1.0,3,0.1,2.062696383054848,342
30,35,0.8,0.8,1.2,1.0,3,0.07,2.0614280618267333,342
30,35,0.8,0.8,1.2,1.0,3,0.05,2.049803935519219,342
30,30,0.8,0.5,2.0,1.0,3,0.1,2.0386531593215147,345
30,35,0.8,1.2,1.5,1.0,7,0.07,2.0347280183068226,321
30,35,0.8,0.5,1.2,1.0,3,0.1,2.0238337975761125,345
30,35,0.8,0.5,1.2,1.0,3,0.07,2.02181570920441,345
30,30,0.8,1.2,1.5,1.0,7,0.07,2.0168368949928146,339
30,35,0.8,0.5,1.2,1.0,3,0.05,2.010311530988185,345
30,30,0.8,0.8,1.2,1.0,3,0.07,1.987642080310908,360
30,35,0.8,0.8,1.5,1.0,7,0.1,1.982851941326,324
30,30,0.8,0.8,1.2,1.0,3,0.1,1.982097776683894,360
30,30,0.8,0.8,1.2,1.0,3,0.05,1.979472797222207,360
30,30,0.8,0.8,1.5,1.0,7,0.1,1.9634619339644197,342
30,30,0.8,0.5,1.2,1.0,3,0.07,1.9624800152627035,363
30,30,0.8,0.5,1.2,1.0,3,0.1,1.9573905277931207,363
30,30,0.8,0.5,1.2,1.0,3,0.05,1.9542616940752995,363
30,35,0.8,0.5,1.5,1.0,7,0.1,1.9475745306157726,327
30,30,0.8,0.5,1.5,1.0,7,0.1,1.9406340013743046,345
30,35,0.8,1.2,1.5,1.0,7,0.05,1.9347572198222003,321
30,35,0.8,0.8,1.5,1.0,7,0.07,1.9305141741758123,324
30,30,0.8,1.2,1.5,1.0,7,0.05,1.9217291895913597,339
30,30,0.8,0.8,1.5,1.0,7,0.07,1.9126230508618043,342
30,35,0.8,0.5,1.5,1.0,7,0.07,1.896081900322639,327
30,30,0.8,0.5,1.5,1.0,7,0.07,1.8902250382088264,345
30,35,0.8,1.2,2.0,1.0,7,0.1,1.8504615845066577,312
30,35,0.8,1.2,1.5,1.0,5,0.1,1.8501855460164347,324
30,35,0.8,1.2,2.0,1.0,7,0.07,1.8430429423691772,312
30,30,0.8,1.2,1.5,1.0,5,0.1,1.8383223419927937,342
30,35,0.8,0.8,1.5,1.0,7,0.05,1.830528617066501,324
30,30,0.8,0.8,1.5,1.0,7,0.05,1.8175005868356602,342
30,35,0.8,1.2,1.5,1.0,5,0.07,1.8088101512471966,324
30,30,0.8,1.2,1.5,1.0,5,0.07,1.7967798312786374,342
30,35,0.8,0.5,1.5,1.0,7,0.05,1.7965410763980973,327
30,30,0.8,0.5,1.5,1.0,7,0.05,1.7952772454637818,345
30,30,0.8,1.2,2.0,1.0,7,0.07,1.7826705354802024,330
30,35,0.8,1.2,2.0,1.0,7,0.05,1.7816681357853088,312
30,30,0.8,1.2,2.0,1.0,7,0.1,1.7748597144865192,330
20,35,0.8,1.2,2.0,1.0,3,0.05,1.7678703209877469,456
20,30,0.8,1.2,2.0,1.0,3,0.05,1.7593721013932748,474
30,35,0.8,0.8,1.5,1.0,5,0.1,1.7476352089478662,327
30,30,0.8,1.2,2.0,1.0,7,0.05,1.7396633035348832,330
30,35,0.8,0.8,2.0,1.0,7,0.1,1.739055505049508,315
30,30,0.8,0.8,1.5,1.0,5,0.1,1.7357720049242251,345
30,35,0.8,0.8,2.0,1.0,7,0.07,1.7300096325413437,315
30,30,0.8,0.5,1.5,1.0,5,0.1,1.71294407233411,348
30,35,0.8,0.5,1.5,1.0,5,0.1,1.712357798237639,330
30,35,0.8,1.2,1.5,1.0,5,0.05,1.707494333742114,324
30,35,0.8,0.5,2.0,1.0,7,0.1,1.7063521907662922,318
20,35,0.8,0.8,2.0,1.0,3,0.05,1.7055352881785637,459
30,35,0.8,0.8,1.5,1.0,5,0.07,1.7045963071161863,327
30,30,0.8,1.2,1.5,1.0,5,0.05,1.7003770012759392,342
30,35,0.8,0.5,2.0,1.0,7,0.07,1.698014483659709,318
20,30,0.8,0.8,2.0,1.0,3,0.05,1.6970370685840914,477
30,35,0.8,1.2,1.2,1.0,7,0.1,1.6950142625255633,333
30,35,0.8,1.2,1.2,1.0,5,0.1,1.6950142625255633,333
30,30,0.8,0.8,1.5,1.0,5,0.07,1.692565987147627,345
20,35,0.8,1.2,2.0,1.0,3,0.07,1.69199454743743,456
20,35,0.8,0.5,2.0,1.0,3,0.05,1.6860114623342004,462
20,30,0.8,0.5,2.0,1.0,3,0.05,1.68265132542355,480
20,30,0.8,1.2,2.0,1.0,3,0.07,1.6796315095926386,474
30,35,0.8,1.2,1.2,1.0,7,0.07,1.6743215847914679,333
30,35,0.8,1.2,1.2,1.0,5,0.07,1.6743215847914679,333
30,30,0.8,0.5,1.5,1.0,5,0.07,1.6701679744946492,348
30,35,0.8,0.5,1.5,1.0,5,0.07,1.670164033263013,330
30,30,0.8,0.8,2.0,1.0,7,0.07,1.6696372256523693,333
30,35,0.8,0.8,2.0,1.0,7,0.05,1.6684618006335457,315
30,30,0.8,0.8,2.0,1.0,7,0.1,1.66345363502937,333
30,30,0.8,1.2,1.2,1.0,7,0.1,1.650868492764139,351
30,30,0.8,1.2,1.2,1.0,5,0.1,1.650868492764139,351
30,30,0.8,0.5,2.0,1.0,7,0.07,1.6485854449726454,336
30,30,0.8,0.5,2.0,1.0,7,0.1,1.6420594660686882,336
30,30,0.8,1.2,1.2,1.0,7,0.07,1.6380554512186305,351
30,30,0.8,1.2,1.2,1.0,5,0.07,1.6380554512186305,351
30,35,0.8,0.5,2.0,1.0,7,0.05,1.6369719795532633,318
20,35,0.8,0.8,2.0,1.0,3,0.07,1.6296975086229408,459
30,30,0.8,0.8,2.0,1.0,7,0.05,1.6264569683831203,333
30,35,0.8,1.2,2.0,1.0,5,0.07,1.6225481312319279,315
30,35,0.8,1.2,2.0,1.0,5,0.1,1.621309297072579,315
20,30,0.8,0.8,2.0,1.0,3,0.07,1.6173344707781494,477
20,35,0.8,0.5,2.0,1.0,3,0.07,1.6107482533612913,462
20,35,0.8,1.2,2.0,1.0,3,0.1,1.6085504807212538,456
30,30,0.8,0.5,2.0,1.0,7,0.05,1.6056095010211309,336
20,30,0.8,0.5,2.0,1.0,3,0.07,1.603378785158315,480
30,35,0.8,0.8,1.5,1.0,5,0.05,1.6032657309864145,327
30,30,0.8,0.8,1.5,1.0,5,0.05,1.5961483985202396,345
20,30,0.8,1.2,1.5,1.0,3,0.05,1.5880448602852677,489
20,30,0.8,1.2,2.0,1.0,3,0.1,1.5880147436446552,474
30,35,0.8,0.8,1.2,1.0,7,0.1,1.587993222033389,336
30,35,0.8,0.8,1.2,1.0,5,0.1,1.587993222033389,336
30,35,0.8,1.2,1.2,1.0,5,0.05,1.5799089859141615,333
30,35,0.8,1.2,1.2,1.0,7,0.05,1.5799089859141615,333
30,30,0.8,0.5,1.5,1.0,5,0.05,1.5739250571483612,348
20,30,0.8,1.2,1.2,1.0,3,0.05,1.569688921727203,504
30,35,0.8,0.5,1.5,1.0,5,0.05,1.569278190318011,330
30,30,0.8,1.2,2.0,1.0,5,0.07,1.5687473455359424,333
30,35,0.8,0.8,1.2,1.0,7,0.07,1.5673005442992936,336
30,35,0.8,0.8,1.2,1.0,5,0.07,1.5673005442992936,336
30,35,0.8,1.2,2.0,1.0,5,0.05,1.5591517879204688,315
30,35,0.8,0.5,1.2,1.0,5,0.1,1.5575089313639794,339
30,35,0.8,0.5,1.2,1.0,7,0.1,1.5575089313639794,339
30,30,0.8,1.2,1.2,1.0,7,0.05,1.5550362010078653,351
30,30,0.8,1.2,1.2,1.0,5,0.05,1.5550362010078653,351
30,30,0.8,1.2,2.0,1.0,5,0.1,1.5534636651970595,333
20,35,0.8,0.8,2.0,1.0,3,0.1,1.547946404633546,459
20,30,0.8,1.2,1.5,1.0,3,0.07,1.5453825330364739,489
20,35,0.8,1.2,1.2,1.0,3,0.05,1.5440247419500097,486
30,30,0.8,0.8,1.2,1.0,7,0.1,1.5438474522719647,354
30,30,0.8,0.8,1.2,1.0,5,0.1,1.5438474522719647,354
20,35,0.8,1.2,1.5,1.0,3,0.05,1.540527632653556,471
20,30,0.8,1.2,1.2,1.0,3,0.07,1.5376699028166159,504
30,35,0.8,0.5,1.2,1.0,7,0.07,1.5370793341603506,339
30,35,0.8,0.5,1.2,1.0,5,0.07,1.5370793341603506,339
30,30,0.8,0.8,1.2,1.0,5,0.07,1.5310344107264562,354
30,30,0.8,0.8,1.2,1.0,7,0.07,1.5310344107264562,354
20,35,0.8,0.5,2.0,1.0,3,0.1,1.5295292195975099,462
20,30,0.8,0.8,2.0,1.0,3,0.1,1.5274106675569477,477
20,30,0.8,0.8,1.5,1.0,3,0.05,1.5256507827311026,492
30,30,0.8,1.2,2.0,1.0,5,0.05,1.5241068756692968,333
30,30,0.8,0.5,1.2,1.0,7,0.1,1.5239993302523254,357
30,30,0.8,0.5,1.2,1.0,5,0.1,1.5239993302523254,357
30,25,0.8,1.2,2.0,1.0,3,0.07,1.5219877076073376,366
20,30,0.8,1.2,1.2,1.0,3,0.1,1.5216376273562249,504
30,25,0.8,1.2,1.5,1.0,7,0.1,1.5158679127069647,366
30,25,0.8,1.2,2.0,1.0,3,0.1,1.5152919941227272,366
20,30,0.8,0.5,2.0,1.0,3,0.1,1.5139117921682543,480
30,35,0.8,1.2,1.2,2.0,3,0.05,1.5131637878188704,270
20,30,0.8,0.5,1.5,1.0,3,0.05,1.5128472728522069,495
20,35,0.8,1.2,1.2,1.0,3,0.07,1.5115789517534592,486
30,30,0.8,0.5,1.2,1.0,7,0.07,1.5111910996661224,357
30,30,0.8,0.5,1.2,1.0,5,0.07,1.5111910996661224,357
30,35,0.8,0.8,2.0,1.0,5,0.1,1.5099032176154297,318
30,35,0.8,0.8,2.0,1.0,5,0.07,1.5095148214040945,318
20,30,0.8,0.8,1.2,1.0,3,0.05,1.506100320282087,507
30,25,0.8,0.8,2.0,1.0,3,0.07,1.5027438777579476,372
20,35,0.8,1.2,1.2,1.0,3,0.1,1.5021555204972517,486
30,25,0.8,1.2,2.0,1.0,3,0.05,1.501439913748796,366
30,25,0.8,0.8,2.0,1.0,3,0.05,1.5004851415997433,372
20,30,0.8,0.5,1.2,1.0,3,0.05,1.4943124603499538,510
30,35,0.8,1.2,1.2,2.0,3,0.07,1.4931724730166371,270
20,30,0.8,1.2,1.5,1.0,3,0.1,1.4901319899743202,489
20,35,0.8,1.2,1.5,1.0,3,0.07,1.4887990698334295,471
30,25,0.8,0.8,1.5,1.0,7,0.1,1.4868330441139237,372
20,30,0.8,0.8,1.5,1.0,3,0.07,1.483026107675852,492
30,25,0.8,1.2,1.5,1.0,3,0.1,1.4814144492125016,375
20,35,0.8,0.8,1.2,1.0,3,0.05,1.4804361405048934,489
30,25,0.8,0.8,2.0,1.0,3,0.1,1.4800947068058374,372
20,35,0.8,0.8,1.5,1.0,3,0.05,1.4781335550993908,474
30,30,0.8,1.2,1.2,2.0,3,0.05,1.4778561885649133,288
30,35,0.8,0.5,2.0,1.0,5,0.07,1.4775196725224597,321
30,35,0.8,0.5,2.0,1.0,5,0.1,1.4771999033322136,321
20,30,0.8,0.8,1.2,1.0,3,0.07,1.4740928489387066,507
30,35,0.8,0.8,1.2,1.0,5,0.05,1.4728894265782868,336
30,35,0.8,0.8,1.2,1.0,7,0.05,1.4728894265782868,336
30,35,0.8,1.2,1.5,2.0,3,0.05,1.4728736267653546,270
30,35,0.8,1.2,2.0,2.0,3,0.05,1.4728736267653546,270
20,30,0.8,0.5,1.5,1.0,3,0.07,1.4705837244688342,495
30,35,0.8,1.2,1.2,2.0,3,0.1,1.469388469629302,270
30,35,0.8,1.2,1.5,2.0,7,0.07,1.465814539230728,252
20,35,0.8,0.5,1.2,1.0,3,0.05,1.4648406041095767,492
20,30,0.8,0.5,1.2,1.0,3,0.07,1.4626726534007533,510
20,35,0.8,0.5,1.5,1.0,3,0.05,1.460992202785183,477
20,30,0.8,0.8,1.2,1.0,3,0.1,1.4589518821323157,507
30,30,0.8,0.8,2.0,1.0,5,0.07,1.4557140357081093,336
30,25,0.8,1.2,1.5,1.0,3,0.07,1.4528764247162935,375
30,25,0.8,0.8,1.5,1.0,3,0.1,1.450545578168596,381
30,30,0.8,0.8,1.2,1.0,7,0.05,1.4480166416719902,354
30,30,0.8,0.8,1.2,1.0,5,0.05,1.4480166416719902,354
20,35,0.8,0.8,1.2,1.0,3,0.07,1.44800189787555,489
20,30,0.8,0.5,1.2,1.0,3,0.1,1.44762566488636,510
30,35,0.8,0.8,2.0,1.0,5,0.05,1.4459454527687057,318
30,35,0.8,1.2,1.5,2.0,3,0.07,1.445653500430809,270
30,35,0.8,1.2,2.0,2.0,3,0.07,1.445653500430809,270
30,25,0.8,1.2,1.5,1.0,7,0.07,1.4446493631011144,366
30,30,0.8,1.2,2.0,2.0,3,0.05,1.4431723744178973,288
30,30,0.8,1.2,1.5,2.0,3,0.05,1.4431723744178973,288
30,30,0.8,1.2,1.2,2.0,3,0.07,1.4430510797809577,288
30,35,0.8,0.5,1.2,1.0,5,0.05,1.442903469481767,339
30,35,0.8,0.5,1.2,1.0,7,0.05,1.442903469481767,339
30,30,0.8,0.8,2.0,1.0,5,0.1,1.4420575857399103,336
30,25,0.8,0.5,2.0,1.0,3,0.07,1.4397504933006577,378
20,35,0.8,0.8,1.2,1.0,3,0.1,1.4394697752733423,489
30,25,0.8,0.8,1.5,1.0,3,0.07,1.4388731842026066,381
30,35,0.8,1.2,1.5,2.0,7,0.1,1.4373101015303473,252
30,25,0.8,0.5,2.0,1.0,3,0.05,1.436388084973301,378
30,30,0.8,0.5,2.0,1.0,5,0.07,1.4346622550283854,339
20,35,0.8,0.5,1.2,1.0,3,0.07,1.4328359946372233,492
30,25,0.8,0.8,1.5,1.0,7,0.07,1.4326259313331127,372
20,30,0.8,0.8,1.5,1.0,3,0.1,1.4294763600698888,492
20,35,0.8,1.2,1.5,1.0,3,0.1,1.4286136660438375,471
30,25,0.8,0.5,1.5,1.0,7,0.1,1.428362129706692,378
30,30,0.8,0.5,1.2,1.0,7,0.05,1.42821022763791,357
30,30,0.8,0.5,1.2,1.0,5,0.05,1.42821022763791,357
20,35,0.8,0.8,1.5,1.0,3,0.07,1.426442644472808,474
30,35,0.8,1.2,1.5,2.0,3,0.1,1.425278956507995,270
30,35,0.8,1.2,2.0,2.0,3,0.1,1.425278956507995,270
20,35,0.8,0.5,1.2,1.0,3,0.1,1.4243111594847984,492
30,30,0.8,0.5,2.0,1.0,5,0.1,1.4206634167792285,339
30,25,0.8,0.5,2.0,1.0,3,0.1,1.418321644567544,378
20,30,0.8,0.5,1.5,1.0,3,0.1,1.4173719834022849,495
30,30,0.8,1.2,1.5,2.0,7,0.07,1.4170568922853726,270
30,35,0.8,0.5,2.0,1.0,5,0.05,1.4144556316884234,321
30,35,0.8,1.2,1.5,2.0,7,0.05,1.411995204345751,252
30,30,0.8,0.8,2.0,1.0,5,0.05,1.4109005405175339,336
20,35,0.8,0.5,1.5,1.0,3,0.07,1.4097618424625256,477
30,25,0.8,0.8,1.5,1.0,3,0.05,1.407939008751338,381
20,30,0.8,1.2,1.5,1.0,7,0.07,1.407284956359718,474
30,25,0.8,1.2,1.5,1.0,3,0.05,1.402246578688785,375
30,30,0.8,1.2,1.5,2.0,3,0.07,1.4015937409825152,288
30,30,0.8,1.2,2.0,2.0,3,0.07,1.4015937409825152,288
30,35,0.8,1.2,1.2,2.0,7,0.07,1.4010849766749458,255
30,30,0.8,1.2,1.2,2.0,3,0.1,1.3986946186902622,288
30,35,0.8,1.2,2.0,2.0,7,0.07,1.3981860936862567,252
20,30,0.8,1.2,1.5,1.0,7,0.05,1.392201413339382,474
30,30,0.8,1.2,1.5,2.0,7,0.05,1.3917470119351274,270
30,30,0.8,0.5,2.0,1.0,5,0.05,1.3900530731555445,339
20,30,0.8,1.2,1.5,1.0,7,0.1,1.3880667491845442,474
30,35,0.8,0.8,1.2,2.0,3,0.05,1.387696757174967,273
30,25,0.8,0.5,1.5,1.0,3,0.1,1.3861941065107546,387
25,30,0.8,1.2,2.0,1.0,3,0.05,1.3845801633419683,405
30,30,0.8,1.2,1.5,2.0,7,0.1,1.3789432280364187,270
30,35,0.8,1.2,1.2,2.0,7,0.1,1.3784155161044054,255
30,25,0.8,0.5,1.5,1.0,7,0.07,1.3738167355860464,378
30,25,0.8,0.5,1.5,1.0,3,0.07,1.3734715976209861,387
25,30,0.8,1.2,1.5,1.0,3,0.1,1.3680763924863086,420
20,35,0.8,0.8,1.5,1.0,3,0.1,1.367958036139406,474
30,35,0.8,0.8,1.2,2.0,3,0.07,1.367890933649167,273
30,30,0.8,1.2,1.2,2.0,7,0.07,1.3662597260512288,273
20,35,0.8,1.2,1.5,1.0,7,0.07,1.366159336323677,456
25,30,0.8,1.2,1.5,1.0,3,0.07,1.3650489477244403,420
25,30,0.8,1.2,2.0,1.0,3,0.07,1.3649086849707557,405
30,35,0.8,1.2,2.0,2.0,7,0.1,1.362985370794425,252
30,35,0.8,0.8,1.5,2.0,7,0.07,1.3601580655578054,255
30,30,0.8,1.2,2.0,2.0,3,0.1,1.3595054496752506,288
30,30,0.8,1.2,1.5,2.0,3,0.1,1.3595054496752506,288
25,35,0.8,1.2,2.0,1.0,3,0.05,1.3589271845836453,387
20,30,0.8,0.8,1.5,1.0,7,0.07,1.3545964841867506,477
30,30,0.8,1.2,2.0,2.0,7,0.07,1.3542588609599497,270
20,35,0.8,1.2,1.5,1.0,7,0.05,1.3538558793523854,456
25,30,0.8,1.2,1.5,1.0,3,0.05,1.3525762387043625,420
30,30,0.8,0.8,1.2,2.0,3,0.05,1.3523891579210099,291
20,35,0.8,0.5,1.5,1.0,3,0.1,1.3516373665721093,477
25,35,0.8,1.2,2.0,1.0,3,0.07,1.3509446835915488,387
30,35,0.8,1.2,1.2,2.0,7,0.05,1.3479014630901542,255
30,35,0.8,0.8,2.0,2.0,3,0.05,1.347406596121451,273
30,35,0.8,0.8,1.5,2.0,3,0.05,1.347406596121451,273
30,35,0.8,0.5,1.2,2.0,3,0.05,1.3454687140565904,276
30,35,0.8,0.8,1.2,2.0,3,0.1,1.3442864486056585,273
20,35,0.8,1.2,1.5,1.0,7,0.1,1.3439002831851286,456
20,30,0.8,0.5,1.5,1.0,7,0.07,1.3428477973632789,480
30,35,0.8,1.2,2.0,2.0,7,0.05,1.3417144555943985,252
30,25,0.8,0.5,1.5,1.0,3,0.05,1.3413855330673325,387
20,30,0.8,0.8,1.5,1.0,7,0.05,1.3394334942080972,477
30,30,0.8,1.2,1.2,2.0,7,0.05,1.339234701497548,273
20,30,0.8,0.8,1.5,1.0,7,0.1,1.3366276106383073,477
30,30,0.8,1.2,1.2,2.0,7,0.1,1.332605161788505,273
30,35,0.8,0.8,1.5,2.0,7,0.1,1.3317981107498753,255
20,30,0.8,1.2,1.2,2.0,3,0.05,1.3311534438825319,414
25,30,0.8,1.2,2.0,1.0,3,0.1,1.329600541626523,405
30,25,0.8,0.8,1.5,1.0,7,0.05,1.3293011942748378,372
25,35,0.8,1.2,2.0,1.0,3,0.1,1.3282545073560421,387
30,35,0.3,1.2,2.0,1.0,3,0.07,1.3276507227444,345
20,35,0.8,1.2,1.2,2.0,3,0.05,1.3274738534864112,396
20,30,0.8,0.5,1.5,1.0,7,0.05,1.3274382044384452,480
30,30,0.8,0.5,1.2,2.0,3,0.05,1.327285617027732,294
30,25,0.8,1.2,2.0,1.0,7,0.1,1.3265466345488506,354
30,30,0.8,1.2,2.0,2.0,7,0.05,1.3265287467986218,270
30,35,0.3,1.2,2.0,1.0,3,0.05,1.3260149558136514,345
30,35,0.8,0.5,1.2,2.0,3,0.07,1.325117292052749,276
20,30,0.8,0.5,1.5,1.0,7,0.1,1.3248793102477199,480
30,35,0.8,0.5,1.5,2.0,7,0.07,1.3245437088986853,258
30,35,0.5,1.2,1.5,1.0,3,0.07,1.3245124232276675,354
30,25,0.8,1.2,1.5,1.0,7,0.05,1.3231154906009077,366
30,35,0.8,0.8,1.5,2.0,3,0.07,1.3203719610633384,273
30,35,0.8,0.8,2.0,2.0,3,0.07,1.3203719610633384,273
30,35,0.5,1.2,1.5,1.0,3,0.1,1.3190934585794614,354
30,30,0.8,0.8,1.2,2.0,3,0.07,1.3177695404134873,291
30,30,0.8,0.8,1.5,2.0,3,0.05,1.3177053437739938,291
30,30,0.8,0.8,2.0,2.0,3,0.05,1.3177053437739938,291
20,35,0.8,0.8,1.5,1.0,7,0.07,1.3134708641507096,459
30,30,0.5,1.2,1.5,1.0,3,0.07,1.3128626723656465,372
30,35,0.5,1.2,1.5,1.0,3,0.05,1.3123753563948444,354
30,30,0.5,1.2,1.5,1.0,3,0.1,1.3114543593720038,372
30,30,0.8,0.8,1.5,2.0,7,0.07,1.3114004186124504,273
30,25,0.8,1.2,1.5,1.0,5,0.1,1.3113074809267886,369
30,30,0.8,1.2,2.0,2.0,7,0.1,1.310573884882342,270
30,35,0.3,1.2,1.5,1.0,3,0.07,1.3088777564316678,357
25,30,0.8,1.2,1.2,1.0,3,0.05,1.3088134211353182,429
30,35,0.5,1.2,2.0,1.0,3,0.07,1.307060906180907,345
30,35,0.8,0.5,2.0,2.0,3,0.05,1.3065079974380511,276
30,35,0.8,0.5,1.5,2.0,3,0.05,1.3065079974380511,276
25,30,0.8,1.2,1.2,1.0,3,0.1,1.3058781668213058,429
30,35,0.5,1.2,2.0,1.0,3,0.05,1.3052997249306912,345
30,35,0.5,1.2,1.2,1.0,3,0.1,1.304549417481545,363
30,35,0.8,0.8,1.5,2.0,7,0.05,1.3040790591385008,255
25,30,0.8,0.8,2.0,1.0,3,0.05,1.3037749597436248,408
30,35,0.3,1.2,1.5,1.0,3,0.1,1.3036427256057679,357
25,30,0.8,1.2,1.2,1.0,3,0.07,1.3033671767589532,429
25,35,0.8,1.2,1.5,1.0,3,0.1,1.3033629068334927,402
20,30,0.8,1.2,1.5,2.0,3,0.05,1.303326798901569,414
20,30,0.8,1.2,2.0,2.0,3,0.05,1.303326798901569,414
25,35,0.8,1.2,1.5,1.0,3,0.07,1.302684104835213,402
30,35,0.8,0.5,1.2,2.0,3,0.1,1.3019940119560114,276
20,35,0.8,0.8,1.5,1.0,7,0.05,1.3010879602211005,459
30,35,0.8,0.8,2.0,2.0,3,0.1,1.3001769354843513,273
30,35,0.8,0.8,1.5,2.0,3,0.1,1.3001769354843513,273
30,35,0.5,1.2,1.2,1.0,3,0.07,1.299705296912341,363
30,35,0.3,1.2,2.0,1.0,3,0.1,1.2996215646348896,345
20,35,0.8,0.5,1.5,1.0,7,0.07,1.2978448219568948,462
30,25,0.8,1.2,2.0,1.0,7,0.07,1.2974828753400496,354
30,30,0.3,1.2,1.5,1.0,3,0.07,1.297228005569647,375
20,35,0.8,1.2,2.0,1.0,7,0.05,1.2970703793871048,435
20,35,0.8,1.2,2.0,2.0,3,0.05,1.2968909201824463,396
20,35,0.8,1.2,1.5,2.0,3,0.05,1.2968909201824463,396
30,35,0.8,0.5,1.5,2.0,7,0.1,1.2968232850680528,258
30,30,0.3,1.2,1.5,1.0,3,0.1,1.29600362639831,375
30,35,0.8,0.8,2.0,2.0,7,0.07,1.2949441346614339,255
25,35,0.8,1.2,1.5,1.0,3,0.05,1.2942716011972395,402
30,30,0.5,1.2,1.5,1.0,3,0.05,1.2940461054751915,372
30,30,0.8,0.5,2.0,2.0,3,0.05,1.2934021303683718,294
30,30,0.8,0.5,1.5,2.0,3,0.05,1.2934021303683718,294
20,35,0.8,0.8,1.5,1.0,7,0.1,1.292461144638892,459
30,30,0.8,0.5,1.2,2.0,3,0.07,1.2924373839196255,294
25,30,0.8,0.5,2.0,1.0,3,0.05,1.291439940274961,411
30,35,0.3,1.2,1.5,1.0,3,0.05,1.2910498118033826,357
25,35,0.8,1.2,1.2,1.0,3,0.1,1.2908397863716794,411
30,25,0.8,0.8,1.5,1.0,5,0.1,1.2905479376239155,375
20,30,0.8,1.2,2.0,1.0,7,0.05,1.2905202720673812,453
30,35,0.3,1.2,1.2,1.0,3,0.1,1.2901524239047624,366
30,30,0.8,0.5,1.5,2.0,7,0.07,1.2899820582992383,276
30,35,0.8,0.8,1.2,2.0,7,0.07,1.2896789929499042,258
30,25,0.8,0.8,2.0,1.0,7,0.1,1.289437401391635,360
25,30,0.8,0.8,1.5,1.0,3,0.1,1.2884875282468589,423
30,35,0.3,1.2,1.2,1.0,3,0.07,1.2855459748475462,366
20,35,0.8,0.5,1.5,1.0,7,0.05,1.2851613437038911,462
25,30,0.8,0.8,1.5,1.0,3,0.07,1.2843555062820207,423
25,30,0.8,0.8,2.0,1.0,3,0.07,1.2842007311819534,408
30,30,0.8,0.8,1.5,2.0,7,0.05,1.2838308667278768,273
25,35,0.8,1.2,1.2,1.0,3,0.05,1.2830542424908726,411
25,35,0.8,1.2,1.2,1.0,3,0.07,1.2812273695877943,411
30,35,0.5,1.2,1.2,1.0,3,0.05,1.281185670674056,363
30,30,0.3,1.2,2.0,1.0,3,0.05,1.2802743286931606,363
30,35,0.8,0.5,2.0,2.0,3,0.07,1.2789143811777484,276
30,35,0.8,0.5,1.5,2.0,3,0.07,1.2789143811777484,276
30,35,0.5,1.2,2.0,1.0,3,0.1,1.2786762780042564,345
25,35,0.8,0.8,2.0,1.0,3,0.05,1.2781219809853017,390
20,35,0.8,0.5,1.5,1.0,7,0.1,1.2767915497855997,462
30,25,0.8,0.8,2.0,1.0,7,0.07,1.2765742236214297,360
30,30,0.8,0.8,1.5,2.0,3,0.07,1.2763122016150448,291
30,30,0.8,0.8,2.0,2.0,3,0.07,1.2763122016150448,291
25,30,0.8,0.5,1.5,1.0,3,0.1,1.2752207962912352,426
30,30,0.8,0.8,1.2,2.0,3,0.1,1.273592597666619,291
30,30,0.8,0.8,1.5,2.0,7,0.1,1.2734312372559462,273
30,30,0.3,1.2,1.5,1.0,3,0.05,1.2727205608837293,375
30,25,0.8,0.8,1.2,1.0,3,0.07,1.271824602824783,393
25,30,0.8,0.8,1.5,1.0,3,0.05,1.2717862543619074,423
25,30,0.8,0.5,2.0,1.0,3,0.07,1.2717645548498637,411
25,30,0.8,0.5,1.5,1.0,3,0.07,1.2709859394387906,426
25,35,0.8,0.8,2.0,1.0,3,0.07,1.2702367298027464,390
30,30,0.3,1.2,2.0,1.0,3,0.07,1.2697877285612813,363
30,25,0.8,0.5,1.5,1.0,7,0.05,1.2692355105235127,378
30,35,0.8,0.5,1.5,2.0,7,0.05,1.2690073180601522,258
30,25,0.8,0.8,1.2,1.0,3,0.1,1.2677217660604265,393
30,35,0.8,0.8,1.2,2.0,7,0.1,1.2673092472587253,258
30,30,0.8,0.5,1.5,2.0,7,0.05,1.2625238266771133,276
25,35,0.8,0.5,2.0,1.0,3,0.05,1.261258448701814,393
30,35,0.3,1.2,1.2,1.0,3,0.05,1.2611446868521483,366
30,35,0.8,0.8,2.0,2.0,7,0.1,1.2599355912857761,255
30,30,0.5,1.2,2.0,1.0,3,0.05,1.2595590978102005,363
30,35,0.8,0.5,2.0,2.0,7,0.07,1.2593297780023134,258
30,35,0.8,0.5,2.0,2.0,3,0.1,1.259034518120193,276
30,35,0.8,0.5,1.5,2.0,3,0.1,1.259034518120193,276
25,30,0.8,0.5,1.5,1.0,3,0.05,1.2584822861861078,426
30,25,0.8,0.8,1.2,1.0,3,0.05,1.2567830062693206,393
30,30,0.8,0.8,1.2,2.0,7,0.07,1.254853742326187,276
20,30,0.8,0.8,1.2,2.0,3,0.05,1.2548287326938266,417
20,35,0.8,1.2,2.0,1.0,7,0.07,1.253642130591668,435
25,35,0.8,0.5,2.0,1.0,3,0.07,1.2531252137081845,393
30,35,0.8,0.5,1.2,2.0,7,0.07,1.2528049417732574,261
30,30,0.8,0.5,1.5,2.0,7,0.1,1.2523416394575775,276
30,30,0.8,0.5,1.5,2.0,3,0.07,1.2518104579515765,294
30,30,0.8,0.5,2.0,2.0,3,0.07,1.2518104579515765,294
20,35,0.8,0.8,1.2,2.0,3,0.05,1.2511491422977055,399
30,30,0.8,0.8,2.0,2.0,7,0.07,1.2510169019351267,273
25,30,0.8,0.8,2.0,1.0,3,0.1,1.2499579504554998,408
30,30,0.5,1.2,1.2,1.0,3,0.07,1.2492875220078945,381
30,30,0.5,1.2,2.0,1.0,3,0.07,1.2491979119977878,363
30,30,0.8,0.5,1.2,2.0,3,0.1,1.2488050562875663,294
25,35,0.8,0.8,2.0,1.0,3,0.1,1.2486119161850187,390
30,25,0.8,1.2,1.5,1.0,5,0.07,1.2479562858012123,369
30,30,0.5,1.2,1.2,1.0,3,0.1,1.2470689532447545,381
30,25,0.8,0.8,1.5,1.0,5,0.07,1.2444145140113323,375
20,35,0.8,0.8,2.0,1.0,7,0.05,1.2422500930637885,438
20,30,0.8,1.2,2.0,1.0,7,0.07,1.2411070737423104,453
20,30,0.8,0.5,1.2,2.0,3,0.05,1.2387587435059497,420
20,30,0.8,1.2,1.2,2.0,3,0.07,1.2379954260251531,414
25,30,0.8,0.5,2.0,1.0,3,0.1,1.2376814296735958,411
30,35,0.3,0.8,2.0,1.0,3,0.07,1.2371927947644241,348
30,35,0.8,0.8,2.0,2.0,7,0.05,1.236166246513453,255
30,35,0.8,0.8,1.2,2.0,7,0.05,1.23593825017564,258
20,30,0.8,0.8,2.0,1.0,7,0.05,1.2356999857440647,456
30,35,0.3,0.8,2.0,1.0,3,0.05,1.2354275229542329,348
30,30,0.3,1.2,1.2,1.0,3,0.07,1.2351281999430992,384
20,35,0.8,1.2,1.2,2.0,3,0.07,1.234721453125673,396
30,30,0.5,1.2,1.2,1.0,3,0.05,1.2344781875996218,381
25,30,0.8,1.2,1.5,1.0,7,0.1,1.2344347428808786,408
30,30,0.8,0.8,1.5,2.0,3,0.1,1.2344034286516068,291
30,30,0.8,0.8,2.0,2.0,3,0.1,1.2344034286516068,291
30,35,0.5,0.8,1.5,1.0,3,0.07,1.2328821879497538,357
30,30,0.3,1.2,1.2,1.0,3,0.1,1.2326719596679723,384
30,30,0.8,0.5,1.2,2.0,7,0.07,1.2326643933874741,279
30,25,0.8,0.5,1.5,1.0,5,0.1,1.2320770232166833,381
30,25,0.8,0.5,2.0,1.0,7,0.1,1.231998159246393,366
25,35,0.8,0.5,2.0,1.0,3,0.1,1.231569918001888,393
30,35,0.8,0.5,1.2,2.0,7,0.1,1.2311257142304362,261
30,30,0.8,0.5,2.0,2.0,7,0.07,1.2295985416219148,276
30,30,0.3,1.2,2.0,1.0,3,0.1,1.2289101352698601,363
30,35,0.5,0.8,1.5,1.0,3,0.1,1.228817362307337,357
20,35,0.8,0.5,1.2,2.0,3,0.05,1.2281367474657314,402
30,30,0.8,0.8,1.2,2.0,7,0.05,1.2272714885830338,276
20,30,0.8,0.8,2.0,2.0,3,0.05,1.2270020877128638,417
20,30,0.8,0.8,1.5,2.0,3,0.05,1.2270020877128638,417
25,30,0.8,0.8,1.2,1.0,3,0.05,1.2267275170725762,432
20,25,0.8,0.8,2.0,1.0,3,0.05,1.2261273088195475,507
20,35,0.8,0.5,2.0,1.0,7,0.05,1.225089164365323,441
30,35,0.8,0.5,2.0,2.0,7,0.1,1.2249607656039534,258
25,30,0.8,0.8,1.2,1.0,3,0.1,1.2238253225803668,432
25,35,0.8,0.8,1.5,1.0,3,0.1,1.2237740425940424,405
20,30,0.8,0.5,2.0,1.0,7,0.05,1.2229386565859874,459
30,35,0.3,0.8,1.5,1.0,3,0.07,1.2229379763541144,360
25,35,0.8,0.8,1.5,1.0,3,0.07,1.2219906633927935,405
20,30,0.8,1.2,1.5,1.0,5,0.07,1.2219811108744212,477
30,30,0.8,0.8,1.2,2.0,7,0.1,1.2214988929428248,276
25,30,0.8,0.8,1.2,1.0,3,0.07,1.2213206089858162,432
30,30,0.5,0.8,1.5,1.0,3,0.07,1.2212324370877328,375
30,30,0.5,0.8,1.5,1.0,3,0.1,1.2211782630998793,375
30,30,0.8,0.8,2.0,2.0,7,0.05,1.2209805377176766,273
30,35,0.5,0.8,1.5,1.0,3,0.05,1.220624636596395,357
20,35,0.8,0.8,1.5,2.0,3,0.05,1.2205662089937408,399
20,35,0.8,0.8,2.0,2.0,3,0.05,1.2205662089937408,399
30,35,0.3,0.8,1.5,1.0,3,0.1,1.2188688145413213,360
30,25,0.8,0.5,2.0,1.0,7,0.07,1.218751246147385,366
30,35,0.5,0.8,2.0,1.0,3,0.07,1.2154065427283682,348
30,25,0.8,1.2,2.0,1.0,7,0.05,1.2150443309831191,354
20,25,0.8,1.2,2.0,1.0,3,0.05,1.2144764547750388,501
30,30,0.3,1.2,1.2,1.0,3,0.05,1.214437203777714,384
25,30,0.8,0.5,1.2,1.0,3,0.05,1.2142600576290463,435
30,35,0.5,0.8,2.0,1.0,3,0.05,1.2135240381543437,348
25,35,0.8,0.8,1.5,1.0,3,0.05,1.2134816168547842,405
25,30,0.8,0.5,1.2,1.0,3,0.1,1.2115913511546743,435
20,30,0.8,0.5,1.5,2.0,3,0.05,1.2113029554163919,420
20,30,0.8,0.5,2.0,2.0,3,0.05,1.2113029554163919,420
30,30,0.3,0.8,1.5,1.0,3,0.07,1.2112882254920936,378
30,35,0.5,0.8,1.2,1.0,3,0.1,1.2112720113426554,366
30,25,0.8,0.8,2.0,1.0,7,0.05,1.2112712277029418,360
30,30,0.3,0.8,1.5,1.0,3,0.1,1.211229715333864,378
30,35,0.3,0.8,2.0,1.0,3,0.1,1.210385062126838,348
30,30,0.8,0.5,2.0,2.0,3,0.1,1.2103676922397597,294
30,30,0.8,0.5,1.5,2.0,3,0.1,1.2103676922397597,294
30,25,0.8,1.2,1.2,1.0,3,0.07,1.209860020367801,387
25,30,0.8,0.5,1.2,1.0,3,0.07,1.208888383820369,435
25,35,0.8,0.8,1.2,1.0,3,0.1,1.2087869421307402,414
30,30,0.5,1.2,2.0,1.0,3,0.1,1.2079648486392267,363
30,30,0.8,0.8,2.0,2.0,7,0.1,1.2075241053736936,273
30,25,0.8,1.2,1.2,1.0,3,0.1,1.20705696084436,387
30,35,0.5,0.8,1.2,1.0,3,0.07,1.206435736364459,366
30,30,0.8,0.5,1.2,2.0,7,0.05,1.2052340193748081,279
25,35,0.8,0.5,1.5,1.0,3,0.1,1.205200059372505,408
30,35,0.3,0.8,1.5,1.0,3,0.05,1.2051273980544766,360
30,25,0.8,0.5,1.2,1.0,3,0.07,1.2050343448125191,399
20,30,0.8,1.2,1.5,1.0,5,0.05,1.2040322255466989,477
20,30,0.8,1.2,2.0,2.0,3,0.07,1.2038683390526443,414
20,30,0.8,1.2,1.5,2.0,3,0.07,1.2038683390526443,414
25,35,0.8,0.5,1.5,1.0,3,0.07,1.2034265732817744,408
30,35,0.3,0.5,2.0,1.0,3,0.07,1.2029466577483734,351
30,35,0.3,0.8,1.2,1.0,3,0.1,1.2028744085445873,369
30,30,0.5,0.8,1.5,1.0,3,0.05,1.202295385676742,375
30,35,0.3,0.5,2.0,1.0,3,0.05,1.201682735123947,351
30,25,0.8,0.5,1.2,1.0,3,0.1,1.2012912716109585,399
30,35,0.8,0.5,2.0,2.0,7,0.05,1.201094505435105,258
25,35,0.8,0.8,1.2,1.0,3,0.05,1.200968338428131,414
30,30,0.8,0.5,2.0,2.0,7,0.05,1.1996734976669132,276
30,30,0.8,0.5,1.2,2.0,7,0.1,1.1996705368535248,279
30,35,0.8,0.5,1.2,2.0,7,0.05,1.1996340272183355,261
25,35,0.8,0.8,1.2,1.0,3,0.07,1.1991808018146577,414
20,35,0.8,0.8,2.0,1.0,7,0.07,1.1989536614112495,438
30,35,0.3,0.8,1.2,1.0,3,0.07,1.1982679594873709,369
20,35,0.8,0.5,2.0,2.0,3,0.05,1.1980726144494795,402
20,35,0.8,0.5,1.5,2.0,3,0.05,1.1980726144494795,402
20,30,0.8,1.2,1.5,1.0,5,0.1,1.1974762694188543,477
20,35,0.8,1.2,1.5,2.0,3,0.07,1.1972327837012986,396
20,35,0.8,1.2,2.0,2.0,3,0.07,1.1972327837012986,396
30,30,0.5,0.5,1.5,1.0,3,0.1,1.196614576898738,378
30,30,0.5,0.5,1.5,1.0,3,0.07,1.1964007570509305,378
20,35,0.8,1.2,2.0,1.0,7,0.1,1.1956678717100695,435
25,35,0.8,0.5,1.5,1.0,3,0.05,1.1951068873571618,408
20,35,0.8,1.2,1.5,2.0,7,0.05,1.1944699033567414,366
30,35,0.5,0.5,1.5,1.0,3,0.07,1.194283048994933,360
30,30,0.5,1.2,1.5,1.0,7,0.1,1.19270681375768,363
25,35,0.8,0.5,1.2,1.0,3,0.1,1.1916420063493303,417
30,25,0.8,1.2,1.2,1.0,3,0.05,1.1914105520404403,387
30,35,0.5,0.5,1.5,1.0,3,0.1,1.1903293057278228,360
25,30,0.8,1.2,1.5,1.0,7,0.07,1.1902859542001656,408
30,30,0.3,0.8,2.0,1.0,3,0.05,1.1896868958337419,366
30,25,0.8,0.5,1.2,1.0,3,0.05,1.189521861589147,399
30,35,0.5,0.8,2.0,1.0,3,0.1,1.1883250456407362,348
30,35,0.5,0.8,1.2,1.0,3,0.05,1.1878672111812214,366
30,30,0.3,0.8,1.5,1.0,3,0.05,1.1867981471348235,378
30,30,0.3,0.5,1.5,1.0,3,0.1,1.1866660291327222,381
30,30,0.3,0.5,1.5,1.0,3,0.07,1.1864565454552911,381
30,30,0.8,0.5,2.0,2.0,7,0.1,1.1864345075753249,276
20,30,0.8,0.8,2.0,1.0,7,0.07,1.1864186045618916,456
30,25,0.8,0.5,1.5,1.0,5,0.07,1.185605318264266,381
30,35,0.3,0.5,1.5,1.0,3,0.07,1.1843388373992938,363
25,35,0.8,0.5,1.2,1.0,3,0.05,1.1837825430472586,417
20,35,0.8,0.5,2.0,1.0,7,0.07,1.1824355748210267,441
30,35,0.5,0.5,1.5,1.0,3,0.05,1.18241107596969,360
20,30,0.8,1.2,1.5,2.0,7,0.05,1.182186481313838,384
25,35,0.8,0.5,1.2,1.0,3,0.07,1.1819309355865522,417
30,35,0.5,1.2,1.5,1.0,7,0.1,1.1819065819299668,345
30,35,0.5,0.5,2.0,1.0,3,0.07,1.1811604057123177,351
30,35,0.3,0.5,1.5,1.0,3,0.1,1.180380757961807,363
30,35,0.5,0.5,2.0,1.0,3,0.05,1.179779250324058,351
30,30,0.3,0.8,2.0,1.0,3,0.07,1.179329800581305,366
20,35,0.8,1.2,1.5,1.0,5,0.07,1.1779827235110691,459
30,30,0.5,0.5,1.5,1.0,3,0.05,1.177598112413525,378
25,35,0.8,1.2,1.5,1.0,7,0.1,1.176851115492781,390
30,35,0.3,0.5,2.0,1.0,3,0.1,1.1765788163900448,351
30,35,0.5,0.5,1.2,1.0,3,0.1,1.1764844590828551,369
20,30,0.8,1.2,2.0,1.0,7,0.1,1.1748878862784276,453
20,25,0.8,1.2,2.0,1.0,3,0.07,1.1748582411009751,501
20,30,0.8,0.5,2.0,1.0,7,0.07,1.1741476927844723,459
30,35,0.3,0.8,1.2,1.0,3,0.05,1.1739255928764953,369
30,35,0.8,1.2,1.2,2.0,5,0.07,1.1738432954465137,258
20,30,0.8,1.2,1.2,1.0,7,0.07,1.1734873229110607,492
20,30,0.8,1.2,1.2,1.0,5,0.07,1.1734873229110607,492
20,25,0.8,0.5,2.0,1.0,3,0.05,1.173055643807223,513
20,25,0.8,0.8,2.0,1.0,3,0.07,1.171875194399682,507
30,35,0.5,0.5,1.2,1.0,3,0.07,1.1713582101966828,369
20,30,0.8,0.8,1.5,1.0,5,0.07,1.1692926387014537,480
20,30,0.8,1.2,1.2,1.0,7,0.1,1.1682331754237034,492
20,30,0.8,1.2,1.2,1.0,5,0.1,1.1682331754237034,492
30,35,0.3,0.5,1.2,1.0,3,0.1,1.168086856284787,372
30,30,0.5,0.8,2.0,1.0,3,0.05,1.1677834110338527,366
30,30,0.3,1.2,1.5,1.0,7,0.1,1.1677626411351303,366
30,30,0.3,0.5,2.0,1.0,3,0.05,1.167523925558701,369
30,35,0.3,0.5,1.5,1.0,3,0.05,1.1669138374277714,363
25,30,0.8,0.8,1.5,1.0,7,0.1,1.16363227426265,411
30,35,0.3,0.5,1.2,1.0,3,0.07,1.1631904333195946,372
20,35,0.8,1.2,1.5,1.0,5,0.05,1.1629462162558588,459
30,35,0.8,1.2,1.2,2.0,5,0.1,1.1628995500238481,258
30,30,0.3,0.5,1.5,1.0,3,0.05,1.1621008738716065,381
20,30,0.8,0.8,1.2,2.0,3,0.07,1.1617111487098462,417
20,35,0.8,0.8,1.2,2.0,3,0.07,1.1584371758103662,399
20,30,0.8,0.5,1.5,1.0,5,0.07,1.157543951877982,483
30,30,0.5,0.8,2.0,1.0,3,0.07,1.1575435485452497,366
30,30,0.3,0.5,2.0,1.0,3,0.07,1.1569737870183323,369
30,35,0.3,1.2,1.5,1.0,7,0.1,1.1569624093074171,348
20,35,0.8,1.2,1.2,1.0,5,0.1,1.156120156207038,474
20,35,0.8,1.2,1.2,1.0,7,0.1,1.156120156207038,474
30,30,0.5,0.8,1.2,1.0,3,0.07,1.1560179614600121,384
20,35,0.8,1.2,1.2,1.0,7,0.07,1.1549371237566417,474
20,35,0.8,1.2,1.2,1.0,5,0.07,1.1549371237566417,474
30,35,0.5,0.5,2.0,1.0,3,0.1,1.1545187999039432,351
30,30,0.5,0.8,1.2,1.0,3,0.1,1.1537915471058653,384
30,35,0.5,0.5,1.2,1.0,3,0.05,1.1529303108581144,369
30,25,0.8,0.5,2.0,1.0,7,0.05,1.1522336867775886,366
20,30,0.8,0.8,1.5,1.0,5,0.05,1.151264306415414,480
25,30,0.8,0.5,1.5,1.0,7,0.1,1.1507768320358571,414
30,30,0.5,1.2,1.5,1.0,7,0.07,1.150441029597729,363
20,35,0.8,1.2,1.5,1.0,5,0.1,1.1492602958735625,459
30,30,0.3,0.8,1.2,1.0,3,0.07,1.1478501845829239,387
20,30,0.8,0.5,1.2,2.0,3,0.07,1.1464478165715752,420
20,30,0.8,0.8,1.5,1.0,5,0.1,1.1460371308726176,480
30,30,0.5,0.5,2.0,1.0,3,0.05,1.1456204407588122,369
20,30,0.8,1.2,1.2,1.0,7,0.05,1.1455290197227597,492
20,30,0.8,1.2,1.2,1.0,5,0.05,1.1455290197227597,492
30,30,0.3,0.8,1.2,1.0,3,0.1,1.1453939443077972,387
20,35,0.8,1.2,2.0,2.0,7,0.05,1.144315034461763,366
20,35,0.8,1.2,1.2,2.0,7,0.05,1.1437193076059662,369
20,35,0.8,0.8,2.0,1.0,7,0.1,1.1422832204604165,438
30,30,0.5,0.8,1.2,1.0,3,0.05,1.1411597281067876,384
30,35,0.5,1.2,1.5,1.0,7,0.07,1.14066711248055,345
30,25,0.8,0.8,1.5,1.0,5,0.05,1.1401554268673069,375
30,30,0.3,0.8,2.0,1.0,3,0.1,1.1396736327618084,366
20,30,0.8,0.5,1.5,1.0,5,0.05,1.1392690166457622,483
30,35,0.3,0.5,1.2,1.0,3,0.05,1.138988692553388,372
20,30,0.8,1.2,1.2,2.0,7,0.05,1.1377208325285575,387
20,35,0.8,0.5,1.2,2.0,3,0.07,1.1367205126626558,402
30,30,0.5,0.5,2.0,1.0,3,0.07,1.1351875349822766,369
30,30,0.8,1.2,1.2,2.0,5,0.07,1.13518521358329,276
20,35,0.8,1.2,1.5,2.0,7,0.07,1.135047678895476,366
20,30,0.8,1.2,2.0,2.0,7,0.05,1.1345661657940693,384
20,30,0.8,0.5,1.5,1.0,5,0.1,1.1342888304820302,483
30,30,0.5,0.5,1.2,1.0,3,0.07,1.1331579880250948,387
25,35,0.8,1.2,1.5,1.0,7,0.07,1.1328077094494695,390
20,35,0.8,0.8,1.5,2.0,7,0.05,1.131839723090272,369
30,30,0.5,0.5,1.2,1.0,3,0.1,1.1313300465883047,387
20,35,0.8,1.2,1.2,2.0,3,0.1,1.1294015787747682,396
20,30,0.8,0.8,1.5,2.0,3,0.07,1.1275840617373376,417
20,30,0.8,0.8,2.0,2.0,3,0.07,1.1275840617373376,417
30,30,0.3,0.8,1.2,1.0,3,0.05,1.127218109802061,387
20,35,0.8,0.5,2.0,1.0,7,0.1,1.1257579064194763,441
30,30,0.3,1.2,1.5,1.0,7,0.07,1.125468984145772,366
30,25,0.8,1.2,1.5,1.0,5,0.05,1.1253787958597556,369
20,35,0.8,0.8,1.5,1.0,5,0.07,1.1252942513381017,462
30,30,0.3,0.5,1.2,1.0,3,0.07,1.1249902111480066,390
20,30,0.8,1.2,1.2,2.0,3,0.1,1.123365669611066,414
30,30,0.3,0.5,1.2,1.0,3,0.1,1.1229324437902366,390
20,35,0.8,1.2,1.2,1.0,7,0.05,1.1228210219682169,474
20,35,0.8,1.2,1.2,1.0,5,0.05,1.1228210219682169,474
20,30,0.8,0.8,2.0,1.0,7,0.1,1.1215032350287748,456
20,35,0.8,0.8,1.5,2.0,3,0.07,1.1209485063859919,399
20,35,0.8,0.8,2.0,2.0,3,0.07,1.1209485063859919,399
20,25,0.8,0.5,2.0,1.0,3,0.07,1.1202781646308442,513
20,30,0.8,0.8,1.5,2.0,7,0.05,1.1195563010473686,387
20,30,0.8,0.8,1.2,1.0,5,0.07,1.11951006197074,495
20,30,0.8,0.8,1.2,1.0,7,0.07,1.11951006197074,495
25,30,0.8,0.8,1.5,1.0,7,0.07,1.1186348418237684,411
20,25,0.8,1.2,2.0,1.0,3,0.1,1.1182812843667058,501
30,30,0.5,0.5,1.2,1.0,3,0.05,1.1182705580886225,387
30,30,0.3,0.5,2.0,1.0,3,0.1,1.1177739026030875,369
30,30,0.5,0.8,2.0,1.0,3,0.1,1.1176136162757067,366
20,30,0.8,1.2,1.5,2.0,7,0.07,1.117080354208888,384
30,35,0.3,1.2,1.5,1.0,7,0.07,1.115695067028593,348
20,30,0.8,0.8,1.2,1.0,5,0.1,1.1149488170179451,495
20,30,0.8,0.8,1.2,1.0,7,0.1,1.1149488170179451,495
30,30,0.5,0.8,1.5,1.0,7,0.1,1.113281858411533,366
20,30,0.8,0.5,1.5,2.0,3,0.07,1.1126982736380235,420
20,30,0.8,0.5,2.0,2.0,3,0.07,1.1126982736380235,420
20,35,0.8,0.5,1.5,2.0,7,0.05,1.1112817041532745,372
25,30,0.8,1.2,1.5,1.0,7,0.05,1.1111042314137731,408
30,35,0.8,1.2,1.2,2.0,5,0.05,1.1109498909920985,258
20,35,0.8,0.8,1.5,1.0,5,0.05,1.110178297124574,462
20,35,0.8,0.5,1.5,1.0,5,0.07,1.109668209144287,465
20,35,0.8,1.2,2.0,1.0,5,0.05,1.1096170090237827,438
20,30,0.8,0.5,2.0,1.0,7,0.1,1.1092661422488608,459
20,30,0.8,0.5,1.2,1.0,7,0.07,1.109051964297967,498
20,30,0.8,0.5,1.2,1.0,5,0.07,1.109051964297967,498
30,30,0.8,1.2,1.2,2.0,5,0.1,1.1086418421153128,276
20,30,0.8,1.2,2.0,1.0,5,0.05,1.1064234969595705,456
25,30,0.8,0.5,1.5,1.0,7,0.07,1.1060798601958182,414
25,35,0.8,0.8,1.5,1.0,7,0.1,1.106048646874552,393
20,30,0.8,0.5,1.5,2.0,7,0.05,1.1052241324601169,390
20,30,0.8,0.5,1.2,1.0,5,0.1,1.104401198413867,498
20,30,0.8,0.5,1.2,1.0,7,0.1,1.104401198413867,498
30,30,0.3,0.5,1.2,1.0,3,0.05,1.1043289397838965,390
20,25,0.8,0.8,2.0,1.0,3,0.1,1.1033375482676278,507
20,35,0.8,0.8,1.2,1.0,7,0.1,1.1028357978012797,477
20,35,0.8,0.8,1.2,1.0,5,0.1,1.1028357978012797,477
30,35,0.5,0.8,1.5,1.0,7,0.1,1.1024816265838195,348
20,35,0.8,0.8,1.2,1.0,5,0.07,1.100959862816321,477
20,35,0.8,0.8,1.2,1.0,7,0.07,1.100959862816321,477
20,35,0.8,0.5,1.5,2.0,3,0.07,1.0997460015576483,402
20,35,0.8,0.5,2.0,2.0,3,0.07,1.0997460015576483,402
20,35,0.8,0.8,1.5,1.0,5,0.1,1.0978211573273258,462
30,30,0.5,0.5,2.0,1.0,3,0.1,1.0957138861169857,369
30,30,0.8,1.2,1.2,2.0,5,0.05,1.0952610864910963,276
20,35,0.8,0.5,1.5,1.0,5,0.05,1.0942516806073646,465
20,35,0.8,1.2,2.0,2.0,3,0.1,1.0936198060880675,396
20,35,0.8,1.2,1.5,2.0,3,0.1,1.0936198060880675,396
30,35,0.8,1.2,1.5,2.0,5,0.07,1.0927978043929478,258
30,35,0.8,1.2,2.0,2.0,5,0.07,1.0927978043929478,258
30,30,0.5,0.5,1.5,1.0,7,0.1,1.0924285758804309,369
20,30,0.8,0.8,1.2,1.0,5,0.05,1.0914704052522395,495
20,30,0.8,0.8,1.2,1.0,7,0.05,1.0914704052522395,495
20,30,0.8,1.2,2.0,2.0,3,0.1,1.090575803381249,414
20,30,0.8,1.2,1.5,2.0,3,0.1,1.090575803381249,414
30,30,0.3,0.8,1.5,1.0,7,0.1,1.0889607727942077,369
20,35,0.8,0.5,1.2,1.0,7,0.1,1.0888032154357001,480
20,35,0.8,0.5,1.2,1.0,5,0.1,1.0888032154357001,480
25,35,0.8,0.5,1.5,1.0,7,0.1,1.0882946030455334,396
20,35,0.8,0.5,1.2,1.0,7,0.07,1.0871350255714975,480
20,35,0.8,0.5,1.2,1.0,5,0.07,1.0871350255714975,480
20,35,0.8,1.2,2.0,2.0,7,0.07,1.0866707825010278,366
20,35,0.8,0.8,2.0,2.0,7,0.05,1.0823212925254604,369
20,35,0.8,0.5,1.5,1.0,5,0.1,1.0821515624740337,465
20,30,0.8,0.5,1.2,1.0,7,0.05,1.080761483631797,498
20,30,0.8,0.5,1.2,1.0,5,0.05,1.080761483631797,498
20,35,0.8,1.2,1.2,2.0,7,0.07,1.0803026892351506,369
30,25,0.8,0.5,1.5,1.0,5,0.05,1.0800897431159817,381
20,35,0.8,0.8,1.2,2.0,7,0.05,1.0796371414269619,372
30,35,0.8,1.2,1.5,2.0,5,0.1,1.0790878242257327,258
30,35,0.8,1.2,2.0,2.0,5,0.1,1.0790878242257327,258
30,35,0.3,0.8,1.5,1.0,7,0.1,1.0781605409664945,351
20,30,0.8,0.8,1.2,2.0,7,0.05,1.0736386663495534,390
20,35,0.8,0.8,1.5,2.0,7,0.07,1.0735256367717478,369
20,30,0.8,0.8,2.0,2.0,7,0.05,1.0725724238577667,387
20,30,0.8,1.2,2.0,2.0,7,0.07,1.0712713074328977,384
30,35,0.5,0.5,1.5,1.0,7,0.1,1.0709964658745212,351
20,30,0.8,1.2,1.2,2.0,7,0.07,1.0704448588603068,387
30,30,0.5,0.8,1.5,1.0,7,0.07,1.0700005538575712,366
20,35,0.8,1.2,2.0,1.0,5,0.07,1.069310869035465,438
20,35,0.8,0.8,1.2,1.0,5,0.05,1.0687624074976967,477
20,35,0.8,0.8,1.2,1.0,7,0.05,1.0687624074976967,477
30,30,0.3,0.5,1.5,1.0,7,0.1,1.0681074902631058,372
30,35,0.8,0.8,1.2,2.0,5,0.07,1.0624373117214716,261
20,35,0.8,0.5,2.0,2.0,7,0.05,1.0617632735884632,372
25,35,0.8,0.8,1.5,1.0,7,0.07,1.061156597073072,393
30,35,0.5,0.8,1.5,1.0,7,0.07,1.060226636740392,348
20,30,0.8,1.2,2.0,1.0,5,0.07,1.0600568808521975,456
20,30,0.8,0.5,1.2,2.0,7,0.05,1.0589689683316055,393
30,35,0.5,1.2,2.0,1.0,7,0.1,1.0588255123974357,336
20,35,0.8,0.5,1.2,2.0,7,0.05,1.0586049624278282,375
30,25,0.8,0.8,1.2,1.0,7,0.1,1.0585858750701633,387
30,25,0.8,0.8,1.2,1.0,5,0.1,1.0585858750701633,387
20,30,0.8,0.5,2.0,2.0,7,0.05,1.058240255270515,390
30,30,0.5,1.2,1.5,1.0,7,0.05,1.057107088613375,363
20,30,0.8,0.8,1.5,2.0,7,0.07,1.05555831208516,387
30,30,0.8,1.2,2.0,2.0,5,0.07,1.0551840859058428,276
30,30,0.8,1.2,1.5,2.0,5,0.07,1.0551840859058428,276
20,35,0.8,0.8,2.0,1.0,5,0.05,1.0547967227004664,441
20,35,0.8,0.5,1.2,1.0,7,0.05,1.0546609266766598,480
20,35,0.8,0.5,1.2,1.0,5,0.05,1.0546609266766598,480
20,35,0.8,0.8,1.2,2.0,3,0.1,1.0544422042763524,399
20,35,0.8,0.5,1.5,2.0,7,0.07,1.0544161744571772,372
20,25,0.8,0.5,2.0,1.0,3,0.1,1.052789050493301,513
30,35,0.8,0.8,1.2,2.0,5,0.1,1.0517932811781678,261
20,30,0.8,0.8,2.0,1.0,5,0.05,1.051603210636254,459
25,35,0.8,1.2,1.5,1.0,7,0.05,1.0503237492288555,390
30,30,0.5,0.5,1.5,1.0,7,0.07,1.0495425512264334,369
20,30,0.8,0.8,1.2,2.0,3,0.1,1.0484062951126503,417
30,25,0.8,0.8,1.2,1.0,7,0.07,1.0468154844696962,387
30,25,0.8,0.8,1.2,1.0,5,0.07,1.0468154844696962,387
30,35,0.3,0.5,1.5,1.0,7,0.1,1.0466753802571962,354
30,30,0.3,0.8,1.5,1.0,7,0.07,1.0455842202968404,369
30,35,0.5,1.2,1.5,1.0,7,0.05,1.0443366201411775,345
30,30,0.3,1.2,1.5,1.0,7,0.05,1.0440762553291605,366
25,35,0.8,0.5,1.5,1.0,7,0.07,1.0438947513014376,396
20,30,0.8,0.5,1.5,2.0,7,0.07,1.0421887799733927,390
25,30,0.8,0.8,1.5,1.0,7,0.05,1.0394356028787457,411
20,30,0.8,0.5,2.0,1.0,5,0.05,1.0388418814781768,462
20,35,0.8,0.5,2.0,1.0,5,0.05,1.037635794002001,444
30,35,0.3,0.8,1.5,1.0,7,0.07,1.035810303179661,351
20,30,0.8,0.5,1.2,2.0,3,0.1,1.033779052799687,420
20,35,0.8,0.5,1.2,2.0,3,0.1,1.0335277928864286,402
30,35,0.8,1.2,2.0,2.0,5,0.05,1.0313782629276327,258
30,35,0.8,1.2,1.5,2.0,5,0.05,1.0313782629276327,258
30,35,0.3,1.2,1.5,1.0,7,0.05,1.0313057868569626,348
20,35,0.8,1.2,1.5,2.0,7,0.1,1.0312400746988861,366
30,35,0.5,1.2,2.0,1.0,7,0.07,1.0296973732775723,336
30,35,0.5,0.5,1.5,1.0,7,0.07,1.0295020067631626,351
25,30,0.8,0.5,1.5,1.0,7,0.05,1.0270405612338356,414
20,35,0.8,0.8,2.0,2.0,7,0.07,1.0258173659166945,369
30,30,0.3,0.5,1.5,1.0,7,0.07,1.0251262176657028,372
30,30,0.8,1.2,2.0,2.0,5,0.1,1.023801099994007,276
30,30,0.8,1.2,1.5,2.0,5,0.1,1.023801099994007,276
30,30,0.8,0.8,1.2,2.0,5,0.07,1.0237792298582482,279
20,25,0.8,0.8,1.5,1.0,3,0.05,1.0231182756132453,522
30,35,0.8,0.5,1.2,2.0,5,0.07,1.0228586545771052,264
30,25,0.8,1.2,2.0,1.0,5,0.1,1.022540166551241,360
25,30,0.8,1.2,1.5,1.0,5,0.1,1.021194906938674,411
20,35,0.8,0.8,1.5,2.0,3,0.1,1.018660431589652,399
20,35,0.8,0.8,2.0,2.0,3,0.1,1.018660431589652,399
30,30,0.8,1.2,1.5,2.0,5,0.05,1.0182956367391045,276
30,30,0.8,1.2,2.0,2.0,5,0.05,1.0182956367391045,276
20,25,0.8,1.2,1.5,1.0,7,0.1,1.018117673649319,501
20,25,0.8,1.2,1.5,1.0,7,0.07,1.0173882670624321,501
20,25,0.8,0.8,1.5,1.0,7,0.07,1.0170838936864839,507
20,35,0.8,0.8,1.2,2.0,7,0.07,1.0165921568295235,372
20,30,0.8,0.8,1.5,2.0,3,0.1,1.0156164288828333,417
20,30,0.8,0.8,2.0,2.0,3,0.1,1.0156164288828333,417
20,35,0.8,0.8,2.0,1.0,5,0.07,1.0146223998550463,441
20,25,0.8,1.2,1.5,1.0,3,0.05,1.0138640134181627,516
30,35,0.8,0.5,1.2,2.0,5,0.1,1.0117014534711157,264
20,30,0.8,0.8,2.0,2.0,7,0.07,1.0104178908485644,387
30,30,0.8,1.2,2.0,1.5,3,0.05,1.0101750057540757,315
20,30,0.8,1.2,1.5,2.0,7,0.1,1.0098797641468955,384
30,30,0.8,1.2,1.5,1.5,3,0.05,1.0094619269445604,321
30,25,0.8,1.2,2.0,1.0,5,0.07,1.0077691344512372,360
20,30,0.8,0.8,1.2,2.0,7,0.07,1.0067343264546798,390
20,35,0.8,0.5,2.0,2.0,7,0.07,1.0067079036021236,372
20,25,0.8,0.8,1.5,1.0,7,0.1,1.0055086991003115,507
20,30,0.8,0.8,2.0,1.0,5,0.07,1.005368411671779,459
20,35,0.8,1.2,2.0,1.0,5,0.1,1.0052682074958748,438
30,35,0.3,0.5,1.5,1.0,7,0.07,1.0050856732024316,354
30,30,0.5,1.2,2.0,1.0,7,0.1,1.0039504405113298,354
20,30,0.8,0.5,2.0,2.0,3,0.1,1.0013312944790285,420
20,30,0.8,0.5,1.5,2.0,3,0.1,1.0013312944790285,420
30,30,0.8,0.5,1.2,2.0,5,0.07,0.9999975948477446,282
30,35,0.8,1.2,2.0,1.5,3,0.05,0.9998586306039281,297
30,35,0.8,0.8,1.2,2.0,5,0.05,0.9989866780775841,261
30,25,0.8,0.5,1.2,1.0,5,0.1,0.9989667011299337,393
30,25,0.8,0.5,1.2,1.0,7,0.1,0.9989667011299337,393
20,35,0.8,0.5,1.5,2.0,3,0.1,0.9982052520371496,402
20,35,0.8,0.5,2.0,2.0,3,0.1,0.9982052520371496,402
30,30,0.8,1.2,1.2,1.5,3,0.05,0.9981803116701227,321
20,35,0.8,0.5,2.0,1.0,5,0.07,0.9981043132648234,444
20,25,0.8,1.2,1.5,1.0,3,0.07,0.9978448561133039,516
30,30,0.8,0.8,1.2,2.0,5,0.1,0.9975355732696324,279
20,30,0.8,0.5,2.0,2.0,7,0.07,0.9970483587367973,390
20,35,0.8,0.5,1.2,2.0,7,0.07,0.997017449857211,375
30,25,0.8,0.8,2.0,1.0,5,0.07,0.9969643525077925,366
30,25,0.8,0.8,2.0,1.0,5,0.1,0.995312461847464,366
20,30,0.8,0.5,2.0,1.0,5,0.07,0.9930974998943594,462
20,30,0.8,0.5,1.2,2.0,7,0.07,0.9930236180218993,393
20,25,0.8,0.8,1.5,1.0,3,0.07,0.9925859882194602,522
30,25,0.8,1.2,1.2,1.0,7,0.1,0.9920994727481908,381
30,25,0.8,1.2,1.2,1.0,5,0.1,0.9920994727481908,381
30,30,0.5,1.2,2.0,1.0,7,0.07,0.989994917090559,354
30,30,0.8,1.2,1.5,1.5,3,0.07,0.9899299126748635,321
20,25,0.8,0.8,1.5,1.0,7,0.05,0.9895828801504528,507
30,35,0.3,1.2,2.0,1.0,7,0.1,0.9895672310889857,339
20,30,0.8,1.2,2.0,1.0,5,0.1,0.988626661837749,456
30,35,0.8,1.2,1.5,1.5,3,0.05,0.9873040185720552,303
30,25,0.8,0.5,1.2,1.0,5,0.07,0.9872649829500317,393
30,25,0.8,0.5,1.2,1.0,7,0.07,0.9872649829500317,393
30,35,0.8,1.2,2.0,1.5,3,0.07,0.9867729899838565,297
30,35,0.8,1.2,1.5,1.5,3,0.07,0.98416498219361,303
30,35,0.8,0.8,1.5,2.0,5,0.07,0.9838649446117979,261
30,35,0.8,0.8,2.0,2.0,5,0.07,0.9838649446117979,261
30,30,0.8,0.8,1.2,2.0,5,0.05,0.9832978735765817,279
25,30,0.8,1.2,1.5,1.0,5,0.07,0.9830515327706304,411
25,30,0.8,1.2,2.0,1.0,7,0.07,0.9829561997884145,393
30,30,0.8,1.2,2.0,1.5,3,0.07,0.9808063479495268,315
25,30,0.8,1.2,2.0,1.0,7,0.1,0.9802972193530992,393
20,35,0.8,1.2,1.2,2.0,7,0.1,0.9800941679882184,369
25,35,0.8,0.8,1.5,1.0,7,0.05,0.978655120693828,393
30,30,0.8,1.2,1.2,1.5,3,0.07,0.9786191029972134,321
30,25,0.8,1.2,1.2,1.0,7,0.07,0.9783132758817392,381
30,25,0.8,1.2,1.2,1.0,5,0.07,0.9783132758817392,381
25,35,0.8,1.2,2.0,1.0,7,0.1,0.9781702888799474,375
20,35,0.8,1.2,2.0,2.0,7,0.1,0.9775439902119127,366
30,30,0.5,1.2,1.5,1.0,5,0.1,0.9768700680345774,366
30,30,0.5,0.8,1.5,1.0,7,0.05,0.9766601058630697,366
20,25,0.8,1.2,1.5,1.0,7,0.05,0.9761458308928129,501
30,35,0.8,1.2,1.2,1.5,3,0.05,0.9760224032976177,303
30,35,0.5,0.8,2.0,1.0,7,0.1,0.9745542312870472,339
30,35,0.8,1.2,2.0,1.5,3,0.1,0.9743844925505253,297
30,30,0.8,0.5,1.2,2.0,5,0.1,0.9735362652931314,282
30,35,0.8,1.2,1.2,1.5,3,0.07,0.9728541725159603,303
20,25,0.8,0.5,1.5,1.0,3,0.05,0.9710294503462549,528
20,35,0.8,0.8,1.5,2.0,7,0.1,0.9706886329077171,369
20,25,0.8,0.5,1.5,1.0,7,0.07,0.9705269507443813,513
30,35,0.8,0.8,1.5,2.0,5,0.1,0.970321269998459,261
30,35,0.8,0.8,2.0,2.0,5,0.1,0.970321269998459,261
20,25,0.8,0.8,1.2,1.0,3,0.05,0.9702287132854729,540
30,35,0.8,1.2,1.5,1.5,3,0.1,0.9700820908666167,303
25,35,0.8,1.2,2.0,1.0,7,0.07,0.9678875728301158,375
20,30,0.8,1.2,1.2,2.0,7,0.1,0.9663866621536225,387
30,30,0.3,0.8,1.5,1.0,7,0.05,0.9641634533372436,369
30,35,0.5,0.8,1.5,1.0,7,0.05,0.9638896373908724,348
20,25,0.8,1.2,1.5,1.0,3,0.1,0.9637450882103327,516
30,35,0.3,1.2,2.0,1.0,7,0.07,0.9632951925189802,339
25,35,0.8,0.5,1.5,1.0,7,0.05,0.96170286949954,396
30,35,0.5,1.2,2.0,1.0,7,0.05,0.9607413376809081,336
20,30,0.5,1.2,2.0,1.0,3,0.05,0.9604738020204502,513
30,35,0.8,0.5,1.2,2.0,5,0.05,0.9597300327108484,264
30,30,0.8,0.5,1.2,2.0,5,0.05,0.9596374838210469,282
20,25,0.8,0.5,1.5,1.0,7,0.1,0.9594849001614222,513
20,30,0.8,1.2,2.0,2.0,7,0.1,0.9594848370682538,384
30,35,0.5,1.2,1.5,1.0,5,0.1,0.9581443044279582,348
25,35,0.8,1.2,1.5,1.0,5,0.1,0.9579288907533322,393
20,35,0.5,1.2,2.0,1.0,3,0.05,0.9574139604991748,495
30,30,0.5,0.5,1.5,1.0,7,0.05,0.9563693094246712,369
30,35,0.8,1.2,1.2,1.5,3,0.1,0.9555319102251959,303
30,25,0.8,0.8,1.2,1.0,7,0.05,0.955475117734673,387
30,25,0.8,0.8,1.2,1.0,5,0.05,0.955475117734673,387
30,30,0.8,1.2,1.5,1.5,3,0.1,0.954341258311645,321
20,35,0.8,0.5,1.5,2.0,7,0.1,0.9523834544561202,372
30,30,0.3,1.2,1.5,1.0,5,0.1,0.9519258954120278,369
20,35,0.8,0.8,2.0,1.0,5,0.1,0.9518835562462219,441
30,35,0.3,0.8,1.5,1.0,7,0.05,0.9513929848650463,351
25,30,0.8,0.8,1.5,1.0,5,0.1,0.9503924383204454,414
20,30,0.8,0.8,1.5,2.0,7,0.1,0.9493283223557267,387
20,35,0.8,1.2,1.2,2.0,5,0.05,0.9485911831707561,372
20,25,0.8,0.8,1.2,1.0,3,0.07,0.9473613859329679,540
25,30,0.8,1.2,2.0,1.0,7,0.05,0.9466767863724403,393
20,25,0.8,0.8,1.5,1.0,3,0.1,0.9466484972359613,522
30,35,0.8,0.5,2.0,2.0,5,0.07,0.9466464317807104,264
30,35,0.8,0.5,1.5,2.0,5,0.07,0.9466464317807104,264
30,30,0.8,0.8,1.5,2.0,5,0.07,0.9462512261246925,279
30,30,0.8,0.8,2.0,2.0,5,0.07,0.9462512261246925,279
30,30,0.8,1.2,2.0,1.5,3,0.1,0.9460423850822609,315
30,35,0.5,0.5,2.0,1.0,7,0.1,0.9455483076709505,342
30,35,0.5,0.8,2.0,1.0,7,0.07,0.9444798272736151,339
30,30,0.3,0.5,1.5,1.0,7,0.05,0.9438726568988449,372
20,25,0.8,0.8,2.0,1.0,7,0.05,0.9432265180230551,483
30,30,0.5,1.2,1.5,1.0,5,0.07,0.9424877236196119,366
20,25,0.8,0.5,1.5,1.0,3,0.07,0.9418843862766492,528
20,25,0.8,0.5,1.5,1.0,7,0.05,0.9416417947042096,513
30,30,0.8,1.2,1.2,1.5,3,0.1,0.9397910776702244,321
30,25,0.8,0.5,2.0,1.0,5,0.07,0.939141375033748,372
20,30,0.8,1.2,1.2,2.0,5,0.05,0.9389787834742662,390
30,25,0.8,0.5,2.0,1.0,5,0.1,0.937873219702222,372
30,30,0.5,1.2,2.0,1.0,7,0.05,0.9377439724971238,354
25,30,0.8,0.5,1.5,1.0,5,0.1,0.9375369960936527,417
20,30,0.8,0.5,1.5,2.0,7,0.1,0.9364841602265035,390
30,25,0.8,0.8,2.0,1.0,5,0.05,0.9360071097347273,366
20,35,0.8,0.5,2.0,1.0,5,0.1,0.9353582422052817,444
20,30,0.8,0.8,2.0,1.0,5,0.1,0.9352420105880962,459
30,30,0.3,1.2,2.0,1.0,7,0.1,0.9346921592028801,357
20,25,0.8,0.8,1.2,1.0,3,0.1,0.9342608530680212,540
30,35,0.5,0.5,1.5,1.0,7,0.05,0.933578454344472,351
30,35,0.3,1.2,1.5,1.0,5,0.1,0.9332001318054084,351
30,35,0.8,0.5,1.5,2.0,5,0.1,0.9324659554631963,264
30,35,0.8,0.5,2.0,2.0,5,0.1,0.9324659554631963,264
30,25,0.8,1.2,2.0,1.0,5,0.05,0.9295609634868762,360
20,25,0.8,1.2,2.0,1.0,7,0.05,0.9288305249253965,477
25,30,0.8,1.2,1.2,2.0,3,0.05,0.928363459576448,345
30,35,0.5,1.2,1.5,1.0,5,0.07,0.9264925949355097,348
30,30,0.8,0.5,1.5,2.0,5,0.07,0.9239508083155581,282
30,30,0.8,0.5,2.0,2.0,5,0.07,0.9239508083155581,282
30,30,0.3,1.2,2.0,1.0,7,0.07,0.9235927363319669,357
20,25,0.8,1.2,1.2,1.0,3,0.05,0.9234596105533593,534
20,30,0.8,0.5,2.0,1.0,5,0.1,0.9230049178081823,462
30,35,0.8,0.8,2.0,2.0,5,0.05,0.921730641804895,261
30,35,0.8,0.8,1.5,2.0,5,0.05,0.921730641804895,261
25,35,0.8,1.2,1.5,1.0,5,0.07,0.9214099225221363,393
30,35,0.3,0.5,1.5,1.0,7,0.05,0.9210818018186456,354
30,30,0.5,0.8,2.0,1.0,7,0.1,0.9196791594009412,357
20,25,0.8,0.8,2.0,1.0,7,0.07,0.9193217596972438,483
20,25,0.8,0.5,1.2,1.0,3,0.05,0.9191556084080035,546
20,25,0.8,1.2,2.0,1.0,7,0.07,0.9187769292339727,477
20,35,0.8,0.8,2.0,2.0,7,0.1,0.9176492346070162,369
30,30,0.3,1.2,1.5,1.0,5,0.07,0.9175156781676548,369
20,35,0.8,0.8,1.2,2.0,7,0.1,0.9175120740777157,372
30,35,0.5,0.5,2.0,1.0,7,0.07,0.9161495648225633,342
25,35,0.8,1.2,2.0,1.0,7,0.05,0.9156501665090221,375
30,30,0.8,0.8,2.0,2.0,5,0.1,0.9150345457667332,279
30,30,0.8,0.8,1.5,2.0,5,0.1,0.9150345457667332,279
20,35,0.5,1.2,2.0,1.0,3,0.07,0.9139798100283422,495
20,30,0.5,1.2,2.0,1.0,3,0.07,0.9121077711110134,513
25,30,0.8,0.8,1.5,1.0,5,0.07,0.9114004203942332,414
20,30,0.5,0.8,2.0,1.0,3,0.05,0.9106510643323876,516
30,35,0.3,1.2,2.0,1.0,7,0.05,0.9105145187050993,339
30,30,0.8,0.8,2.0,2.0,5,0.05,0.9086480156163665,279
30,30,0.8,0.8,1.5,2.0,5,0.05,0.9086480156163665,279
30,35,0.3,0.8,2.0,1.0,7,0.1,0.9077101191918634,342
20,35,0.5,0.8,2.0,1.0,3,0.05,0.9075912228111122,498
25,30,0.8,0.8,2.0,1.0,7,0.07,0.9074538746214891,396
25,30,0.8,1.2,1.2,2.0,3,0.07,0.9067653309869453,345
25,30,0.8,0.8,2.0,1.0,7,0.1,0.9055836045571245,396
30,30,0.5,0.8,2.0,1.0,7,0.07,0.904777371086602,357
20,30,0.8,0.8,1.2,2.0,7,0.1,0.9038045682431199,390
25,35,0.8,0.8,2.0,1.0,7,0.1,0.9034566740839726,378
20,25,0.8,1.2,1.2,1.0,3,0.07,0.903360058260265,534
25,30,0.8,1.2,1.5,1.0,5,0.05,0.9022189695840829,411
30,35,0.3,1.2,1.5,1.0,5,0.07,0.9015205494835526,351
30,30,0.5,0.5,2.0,1.0,7,0.1,0.9002523140482643,360
20,30,0.8,0.8,2.0,2.0,7,0.1,0.8995900814633572,387
20,35,0.8,0.5,2.0,2.0,7,0.1,0.8993440561554192,372
25,30,0.8,0.5,1.5,1.0,5,0.07,0.898845438766283,417
20,35,0.8,0.5,1.2,2.0,7,0.1,0.8987655214313445,375
20,30,0.5,0.5,2.0,1.0,3,0.05,0.8982709036828599,519
25,30,0.8,1.2,1.2,1.0,5,0.1,0.8976527543891072,420
25,30,0.8,1.2,1.2,1.0,7,0.1,0.8976527543891072,420
30,30,0.5,0.8,1.5,1.0,5,0.1,0.8974451126884304,369
20,25,0.8,0.5,1.2,1.0,3,0.07,0.8970654981335272,546
20,25,0.8,0.5,1.5,1.0,3,0.1,0.8968530704116051,528
25,30,0.8,1.2,2.0,2.0,3,0.05,0.896791377865416,345
25,30,0.8,1.2,1.5,2.0,3,0.05,0.896791377865416,345
20,35,0.8,1.2,1.2,2.0,5,0.07,0.8966242171839557,372
25,30,0.8,0.5,2.0,1.0,7,0.07,0.8956329824339415,399
30,25,0.8,0.5,1.2,1.0,5,0.05,0.8952176796681008,393
30,25,0.8,0.5,1.2,1.0,7,0.05,0.8952176796681008,393
20,25,0.8,0.5,2.0,1.0,7,0.05,0.8941420917613812,489
20,35,0.5,1.2,2.0,1.0,3,0.1,0.8938108836723279,495
25,30,0.8,1.2,1.5,2.0,7,0.07,0.893596913172241,324
25,30,0.8,0.5,2.0,1.0,7,0.1,0.893493375109889,399
30,30,0.8,0.8,2.0,1.5,3,0.05,0.8932581553483145,318
30,30,0.8,0.5,2.0,2.0,5,0.1,0.8924909931566213,282
30,30,0.8,0.5,1.5,2.0,5,0.1,0.8924909931566213,282
25,35,0.8,0.8,2.0,1.0,7,0.07,0.8923852476631905,378
30,30,0.8,0.8,1.5,1.5,3,0.05,0.8920895642039878,324
20,35,0.8,1.2,2.0,2.0,5,0.05,0.8914752321773027,372
20,35,0.8,1.2,1.5,2.0,5,0.05,0.8914752321773027,372
20,35,0.5,0.5,2.0,1.0,3,0.05,0.891227596049301,501
20,30,0.8,0.5,1.2,2.0,7,0.1,0.8906378702171158,393
20,25,0.8,1.2,1.2,1.0,3,0.1,0.8904967867437696,534
30,30,0.3,1.2,2.0,1.0,7,0.05,0.8875171535213144,357
25,35,0.8,0.8,1.5,1.0,5,0.1,0.8871264221351036,396
25,35,0.8,0.5,2.0,1.0,7,0.1,0.8868721538144085,381
20,30,0.8,0.5,2.0,2.0,7,0.1,0.8867459193341339,390
30,30,0.8,0.5,1.5,2.0,5,0.05,0.8864882317232357,282
30,30,0.8,0.5,2.0,2.0,5,0.05,0.8864882317232357,282
30,30,0.5,0.5,2.0,1.0,7,0.07,0.8856907000190767,360
30,35,0.5,1.2,1.2,1.0,7,0.1,0.8856768227145885,357
30,35,0.5,1.2,1.2,1.0,5,0.1,0.8856768227145885,357
20,30,0.8,1.2,1.2,2.0,5,0.07,0.8855936610006003,390
20,25,0.8,1.2,2.0,1.0,7,0.1,0.8852536352658664,477
30,35,0.8,0.5,1.5,2.0,5,0.05,0.8849212160449472,264
30,35,0.8,0.5,2.0,2.0,5,0.05,0.8849212160449472,264
20,35,0.8,0.8,1.2,2.0,5,0.05,0.8845090169917521,375
20,25,0.8,0.5,1.2,1.0,3,0.1,0.8840989464514628,546
30,25,0.8,1.2,1.2,1.0,7,0.05,0.8835316331659122,381
30,25,0.8,1.2,1.2,1.0,5,0.05,0.8835316331659122,381
30,35,0.8,0.8,2.0,1.5,3,0.05,0.8829417801981669,300
20,30,0.5,1.2,2.0,1.0,3,0.1,0.8821978886954926,513
30,25,0.8,1.2,1.5,2.0,7,0.07,0.8810387454124289,291
20,30,0.8,1.2,2.0,2.0,5,0.05,0.8809267672120978,390
20,30,0.8,1.2,1.5,2.0,5,0.05,0.8809267672120978,390
30,30,0.8,0.8,1.2,1.5,3,0.05,0.8804013181715786,324
30,35,0.3,0.8,2.0,1.0,7,0.07,0.880379412928717,342
25,30,0.8,1.2,1.2,1.0,7,0.07,0.8791162643452071,420
25,30,0.8,1.2,1.2,1.0,5,0.07,0.8791162643452071,420
30,35,0.5,0.8,1.5,1.0,5,0.1,0.8787193490818108,351
30,35,0.3,0.5,2.0,1.0,7,0.1,0.878704195575767,345
25,35,0.8,1.2,1.2,1.0,7,0.1,0.8780776274147393,402
25,35,0.8,1.2,1.2,1.0,5,0.1,0.8780776274147393,402
30,25,0.8,0.5,2.0,1.0,5,0.05,0.8769695688093742,372
30,30,0.5,0.5,1.5,1.0,5,0.1,0.8765918301573284,372
25,35,0.8,0.5,2.0,1.0,7,0.07,0.876259575365336,381
30,35,0.5,0.8,2.0,1.0,7,0.05,0.8754232520425621,339
20,30,0.8,0.8,1.2,2.0,5,0.05,0.8748966172952622,393
20,25,0.8,0.8,2.0,1.0,7,0.1,0.8735533867371299,483
30,30,0.3,0.8,1.5,1.0,5,0.1,0.873124027071105,372
30,30,0.8,0.8,1.5,1.5,3,0.07,0.8726989100390726,324
20,25,0.8,0.5,2.0,1.0,7,0.07,0.8718183806112981,489
30,30,0.8,0.5,2.0,1.5,3,0.05,0.8715021284322194,321
25,30,0.8,0.8,2.0,1.0,7,0.05,0.8710807462111869,396
30,30,0.8,0.5,1.5,1.5,3,0.05,0.8709779000190425,327
30,35,0.8,0.8,2.0,1.5,3,0.07,0.870011817405939,300
30,35,0.8,0.8,1.5,1.5,3,0.05,0.8699316558314827,306
25,35,0.8,0.5,1.5,1.0,5,0.1,0.8693723783060848,399
25,30,0.8,1.2,2.0,2.0,3,0.07,0.8684076051587952,345
25,30,0.8,1.2,1.5,2.0,3,0.07,0.8684076051587952,345
30,35,0.8,0.8,1.5,1.5,3,0.07,0.8669339795578194,306
20,35,0.5,0.8,2.0,1.0,3,0.07,0.864184230734695,498
30,30,0.8,0.8,2.0,1.5,3,0.07,0.8640451753716092,318
30,35,0.5,1.2,1.2,1.0,5,0.07,0.8623883704651846,357
30,35,0.5,1.2,1.2,1.0,7,0.07,0.8623883704651846,357
20,30,0.5,0.8,2.0,1.0,3,0.07,0.8623121918173662,516
20,35,0.8,0.5,1.2,2.0,5,0.05,0.8622994364453286,378
30,30,0.5,0.8,1.5,1.0,5,0.07,0.8620472478794541,369
25,30,0.8,1.2,1.5,2.0,7,0.1,0.8618339638655932,324
25,35,0.8,1.2,1.2,2.0,3,0.05,0.8616316673919465,327
30,30,0.8,0.8,1.2,1.5,3,0.07,0.8609788043600298,324
25,35,0.8,1.2,1.5,2.0,7,0.07,0.859877100036637,306
30,35,0.3,1.2,1.2,1.0,5,0.1,0.8596381456663595,360
30,35,0.3,1.2,1.2,1.0,7,0.1,0.8596381456663595,360
25,30,0.8,0.5,2.0,1.0,7,0.05,0.8594454088964866,399
20,30,0.8,0.5,1.2,2.0,5,0.05,0.8594411587062569,396
30,30,0.8,0.5,1.2,1.5,3,0.05,0.8592896539866334,327
30,30,0.5,1.2,1.2,1.0,7,0.1,0.8586849947921614,375
30,30,0.5,1.2,1.2,1.0,5,0.1,0.8586849947921614,375
30,25,0.8,1.2,1.5,2.0,7,0.1,0.858320009776504,291
30,35,0.8,0.8,1.2,1.5,3,0.05,0.8582434097990732,306
30,35,0.8,0.8,2.0,1.5,3,0.1,0.8577845811201679,300
25,30,0.8,1.2,1.2,2.0,3,0.1,0.8576764086656214,345
25,35,0.8,1.2,1.2,2.0,3,0.07,0.8570487198865119,327
20,25,0.8,0.8,1.5,1.0,5,0.07,0.8556015213083197,510
30,35,0.8,0.8,1.2,1.5,3,0.07,0.8552138738787766,306
30,35,0.3,0.8,1.5,1.0,5,0.1,0.8543982634644859,354
30,35,0.8,0.8,1.5,1.5,3,0.1,0.8530018442488665,306
30,30,0.3,0.8,2.0,1.0,7,0.1,0.8528350473057578,360
30,30,0.5,0.8,2.0,1.0,7,0.05,0.8524258868587773,357
25,35,0.8,1.2,1.2,1.0,5,0.07,0.8523277985322548,402
25,35,0.8,1.2,1.2,1.0,7,0.07,0.8523277985322548,402
30,30,0.3,0.5,1.5,1.0,5,0.1,0.8522707445400033,375
30,35,0.3,0.5,2.0,1.0,7,0.07,0.8520491504776654,345
30,30,0.8,0.5,1.5,1.5,3,0.07,0.8512236344969225,327
20,30,0.5,0.5,2.0,1.0,3,0.07,0.8502756777308861,519
25,35,0.8,0.8,1.5,1.0,5,0.07,0.8497588101457391,396
20,25,0.8,1.2,1.5,1.0,5,0.07,0.8493206584933989,504
20,35,0.5,0.5,2.0,1.0,3,0.07,0.8482537444663046,501
30,30,0.5,1.2,1.5,1.0,5,0.05,0.8480084876200222,366
30,35,0.8,0.5,2.0,1.5,3,0.05,0.8478641519531496,303
30,35,0.5,0.5,2.0,1.0,7,0.05,0.8475909138677602,342
30,35,0.5,0.5,1.5,1.0,5,0.1,0.8472341883725125,354
25,30,0.8,1.2,1.5,2.0,7,0.05,0.8462789107734368,324
30,35,0.5,0.8,1.5,1.0,5,0.07,0.8460521191953517,351
30,25,0.8,1.2,1.2,2.0,7,0.07,0.8452167297241897,294
20,35,0.5,0.8,2.0,1.0,3,0.1,0.8444959117843467,498
25,30,0.8,1.2,1.2,2.0,7,0.07,0.84446442858545,327
30,35,0.8,1.2,2.0,1.5,7,0.1,0.8444031279018509,279
20,25,0.8,1.2,1.5,1.0,5,0.1,0.8443538165676007,504
30,30,0.5,1.2,1.2,1.0,7,0.07,0.8430988559655702,375
30,30,0.5,1.2,1.2,1.0,5,0.07,0.8430988559655702,375
30,30,0.8,0.5,2.0,1.5,3,0.07,0.8419621165958836,321
30,30,0.5,0.5,1.5,1.0,5,0.07,0.8415892452483162,372
25,35,0.8,1.2,1.5,2.0,7,0.1,0.841552946917577,306
30,30,0.3,0.8,2.0,1.0,7,0.07,0.8406769567417037,360
30,35,0.5,1.2,2.0,1.0,5,0.1,0.8405883079668145,339
30,35,0.8,1.2,2.0,1.5,7,0.07,0.8405520698359977,279
25,35,0.8,0.8,2.0,1.0,7,0.05,0.8400541263477685,378
30,30,0.8,0.5,1.2,1.5,3,0.07,0.8395035288178799,327
25,30,0.8,1.2,2.0,2.0,7,0.07,0.8381913968315617,324
20,25,0.8,0.8,1.5,1.0,5,0.1,0.8380928772483842,510
30,35,0.8,0.8,1.2,1.5,3,0.1,0.8379508310560161,306
30,30,0.3,0.8,1.5,1.0,5,0.07,0.8376309143187232,372
25,35,0.8,1.2,1.5,1.0,5,0.05,0.8373132005712373,393
30,30,0.8,0.8,1.5,1.5,3,0.1,0.8372610116938944,324
30,25,0.8,1.2,1.2,2.0,7,0.1,0.8369323311151525,294
30,35,0.8,0.5,1.5,1.5,3,0.05,0.8366655955183975,309
20,35,0.8,1.2,1.5,2.0,5,0.07,0.8365803954940324,372
20,35,0.8,1.2,2.0,2.0,5,0.07,0.8365803954940324,372
30,35,0.3,1.2,1.2,1.0,7,0.07,0.8363496934169556,360
30,35,0.3,1.2,1.2,1.0,5,0.07,0.8363496934169556,360
30,30,0.3,1.2,1.5,1.0,5,0.05,0.8349776543358076,369
30,35,0.8,0.5,2.0,1.5,3,0.07,0.8341646421167955,303
30,30,0.5,0.5,2.0,1.0,7,0.05,0.8335561017393943,360
30,30,0.3,0.5,2.0,1.0,7,0.1,0.8334082019530805,363
30,35,0.8,0.5,1.5,1.5,3,0.07,0.8329387182367649,309
20,35,0.8,0.8,1.2,2.0,5,0.07,0.8329136847783286,375
20,30,0.5,0.8,2.0,1.0,3,0.1,0.8328829168075118,516
30,30,0.3,1.2,1.2,1.0,5,0.1,0.8326463177439327,378
30,30,0.3,1.2,1.2,1.0,7,0.1,0.8326463177439327,378
25,35,0.8,0.5,1.5,1.0,5,0.07,0.8324969643741046,399
25,30,0.8,0.8,1.5,1.0,5,0.05,0.8305503410490552,414
30,30,0.8,0.8,2.0,1.5,3,0.1,0.8294424736519037,318
20,35,0.5,0.5,2.0,1.0,3,0.1,0.8289798311745852,501
30,35,0.5,1.2,1.5,1.0,5,0.05,0.8289696165764997,348
20,35,0.8,0.8,2.0,2.0,5,0.05,0.8278589416735547,375
20,35,0.8,0.8,1.5,2.0,5,0.05,0.8278589416735547,375
30,30,0.8,1.2,2.0,1.5,7,0.07,0.8274786994781896,297
30,35,0.3,0.8,2.0,1.0,7,0.05,0.8274597203485751,342
20,25,0.8,0.5,2.0,1.0,7,0.1,0.8266193690895901,489
25,35,0.8,1.2,1.5,2.0,3,0.05,0.8264000810347006,327
25,35,0.8,1.2,2.0,2.0,3,0.05,0.8264000810347006,327
25,30,0.8,0.8,1.2,2.0,3,0.05,0.8262815417800131,348
20,25,0.8,0.8,1.5,1.0,5,0.05,0.8261182790167398,510
25,35,0.8,1.2,1.2,2.0,3,0.1,0.8251113168069661,327
30,35,0.8,0.5,1.2,1.5,3,0.05,0.8249773494859886,309
25,35,0.8,0.5,2.0,1.0,7,0.05,0.8242811344329544,381
25,30,0.8,0.8,1.2,1.0,5,0.1,0.8241248068487896,423
25,30,0.8,0.8,1.2,1.0,7,0.1,0.8241248068487896,423
20,30,0.8,1.2,1.5,2.0,5,0.07,0.8240395640499157,390
20,30,0.8,1.2,2.0,2.0,5,0.07,0.8240395640499157,390
30,35,0.3,0.5,1.5,1.0,5,0.1,0.8229131027551876,357
30,30,0.8,0.8,1.2,1.5,3,0.1,0.8222099985010441,324
30,35,0.8,0.5,2.0,1.5,3,0.1,0.8219941254443455,303
20,30,0.8,0.8,1.2,2.0,5,0.07,0.8218831285949731,393
30,35,0.3,0.8,1.5,1.0,5,0.07,0.8216357856346208,354
30,25,0.8,1.2,2.0,2.0,7,0.07,0.8215903566452897,291
30,30,0.3,0.5,2.0,1.0,7,0.07,0.8215902856741784,363
20,30,0.5,0.5,2.0,1.0,3,0.1,0.8212191348150998,519
30,35,0.8,0.5,1.2,1.5,3,0.07,0.8212186125577221,309
25,30,0.8,1.2,1.5,2.0,3,0.1,0.8207026435890019,345
25,30,0.8,1.2,2.0,2.0,3,0.1,0.8207026435890019,345
30,25,0.8,1.2,1.5,2.0,7,0.05,0.8204774923457203,291
30,35,0.5,1.2,2.0,1.0,5,0.07,0.8203919017791795,339
30,35,0.8,0.5,1.5,1.5,3,0.1,0.8191420786559359,309
30,30,0.8,1.2,2.0,1.5,7,0.1,0.8184256803928274,297
25,30,0.8,0.5,1.5,1.0,5,0.05,0.8181552994041452,417
20,30,0.8,0.8,1.5,2.0,5,0.05,0.8173104767083499,393
20,30,0.8,0.8,2.0,2.0,5,0.05,0.8173104767083499,393
30,30,0.3,0.5,1.5,1.0,5,0.07,0.8171729116875855,375
30,30,0.3,1.2,1.2,1.0,7,0.07,0.8170601789173413,378
30,30,0.3,1.2,1.2,1.0,5,0.07,0.8170601789173413,378
25,30,0.8,1.2,1.2,2.0,7,0.1,0.8169690426178718,327
30,30,0.8,0.5,1.5,1.5,3,0.1,0.8160974118616854,327
30,35,0.3,1.2,1.5,1.0,5,0.05,0.815938783292285,351
25,30,0.8,1.2,1.2,1.0,7,0.05,0.815595972452339,420
25,30,0.8,1.2,1.2,1.0,5,0.05,0.815595972452339,420
30,35,0.5,0.5,1.5,1.0,5,0.07,0.8153274892181224,354
25,35,0.8,1.2,2.0,2.0,3,0.07,0.8142766899182445,327
25,35,0.8,1.2,1.5,2.0,3,0.07,0.8142766899182445,327
25,30,0.8,0.5,1.2,2.0,3,0.05,0.814246947561659,351
25,30,0.8,0.5,1.2,1.0,7,0.1,0.8128563123271988,426
25,30,0.8,0.5,1.2,1.0,5,0.1,0.8128563123271988,426
20,35,0.8,0.5,1.2,2.0,5,0.07,0.812343992566724,378
25,25,0.8,1.2,2.0,1.0,3,0.07,0.8093159616445583,432
20,25,0.8,0.5,1.5,1.0,5,0.07,0.8090445783662171,516
25,25,0.8,1.2,2.0,1.0,3,0.1,0.8088484673119977,432
30,30,0.8,0.5,2.0,1.5,3,0.1,0.8076473496084182,321
20,30,0.8,0.5,1.2,2.0,5,0.07,0.807452219166409,396
20,35,0.8,0.5,2.0,2.0,5,0.05,0.8065488583985868,378
20,35,0.8,0.5,1.5,2.0,5,0.05,0.8065488583985868,378
25,30,0.8,0.8,1.5,2.0,7,0.07,0.8060568621181093,327
20,25,0.8,1.2,1.5,1.0,5,0.05,0.8058443116946206,504
25,30,0.8,0.8,1.2,1.0,5,0.07,0.8055883168048897,423
25,30,0.8,0.8,1.2,1.0,7,0.07,0.8055883168048897,423
25,30,0.8,0.8,1.2,2.0,3,0.07,0.8048019979068919,348
25,35,0.8,0.8,1.2,1.0,5,0.1,0.8045496798744218,405
25,35,0.8,0.8,1.2,1.0,7,0.1,0.8045496798744218,405
30,30,0.3,0.8,2.0,1.0,7,0.05,0.8044623551647904,360
20,35,0.8,1.2,1.2,2.0,5,0.1,0.8043869483390437,372
30,35,0.8,0.5,1.2,1.5,3,0.1,0.8040910654630853,309
25,25,0.8,1.2,1.5,1.0,7,0.1,0.8032838093899984,435
30,35,0.5,0.8,1.2,1.0,5,0.1,0.8029500072284288,360
30,35,0.5,0.8,1.2,1.0,7,0.1,0.8029500072284288,360
20,30,0.8,0.5,1.5,2.0,5,0.05,0.8025250446154689,396
20,30,0.8,0.5,2.0,2.0,5,0.05,0.8025250446154689,396
25,30,0.8,1.2,2.0,2.0,7,0.1,0.8016855838734375,324
30,30,0.8,0.5,1.2,1.5,3,0.1,0.8010463986688349,327
25,35,0.8,1.2,2.0,2.0,7,0.07,0.8008249348522033,306
25,35,0.8,1.2,1.2,2.0,7,0.07,0.8008242897827711,309
30,35,0.3,0.5,2.0,1.0,7,0.05,0.7996273821737734,345
20,30,0.5,1.2,1.5,1.0,3,0.05,0.7969748858708362,531
25,30,0.8,1.2,1.2,2.0,7,0.05,0.7954227928503824,327
25,30,0.8,0.8,2.0,2.0,3,0.05,0.7947094600689809,348
25,30,0.8,0.8,1.5,2.0,3,0.05,0.7947094600689809,348
25,30,0.8,0.5,1.5,2.0,7,0.07,0.7944893150241491,330
25,30,0.8,0.5,1.2,1.0,5,0.07,0.7943557349673067,426
25,30,0.8,0.5,1.2,1.0,7,0.07,0.7943557349673067,426
30,30,0.5,1.2,2.0,1.0,5,0.1,0.7936819789491101,357
30,25,0.8,1.2,2.0,2.0,7,0.1,0.7926170340955093,291
25,30,0.8,0.5,1.2,2.0,3,0.07,0.7925850419212137,351
20,25,0.8,0.5,1.5,1.0,5,0.1,0.7920690783094949,516
30,35,0.3,0.5,1.5,1.0,5,0.07,0.7909111556573915,357
25,25,0.8,0.8,2.0,1.0,3,0.07,0.7906264721609768,438
25,25,0.8,1.2,2.0,1.0,3,0.05,0.7904525839714999,432
20,30,0.5,1.2,1.5,1.0,7,0.1,0.7904113602740884,513
30,30,0.8,1.2,2.0,1.5,7,0.05,0.7897927200282144,297
25,35,0.8,0.5,1.2,1.0,5,0.1,0.7888879305330345,408
25,35,0.8,0.5,1.2,1.0,7,0.1,0.7888879305330345,408
30,25,0.8,1.2,1.2,2.0,7,0.05,0.7882479590068867,294
25,30,0.8,1.2,2.0,2.0,7,0.05,0.7882039365747562,324
20,30,0.8,1.2,1.2,2.0,5,0.1,0.787624541733781,390
30,30,0.5,1.2,2.0,1.0,5,0.07,0.7874744854617163,357
25,35,0.8,1.2,1.2,2.0,7,0.1,0.7872400718723509,309
25,35,0.8,1.2,1.5,2.0,7,0.05,0.7871351936742517,306
30,30,0.3,0.5,2.0,1.0,7,0.05,0.7855925700454074,363
25,25,0.8,0.8,2.0,1.0,3,0.05,0.7852236676327756,438
30,30,0.8,1.2,1.5,1.5,7,0.07,0.784447456255347,306
25,35,0.8,1.2,2.0,2.0,3,0.1,0.7840091322996834,327
25,35,0.8,1.2,1.5,2.0,3,0.1,0.7840091322996834,327
30,35,0.8,1.2,1.5,1.5,7,0.1,0.7835669741389606,288
25,30,0.8,0.5,2.0,2.0,3,0.05,0.7830654261401186,351
25,30,0.8,0.5,1.5,2.0,3,0.05,0.7830654261401186,351
30,30,0.8,1.2,1.2,1.5,7,0.07,0.7808887559934264,315
30,30,0.8,1.2,1.5,1.5,7,0.1,0.7808487919318591,306
25,25,0.8,0.8,1.5,1.0,7,0.1,0.7798290841258512,441
30,35,0.5,0.8,1.2,1.0,7,0.07,0.7796615549790251,360
30,35,0.5,0.8,1.2,1.0,5,0.07,0.7796615549790251,360
30,30,0.8,1.2,1.2,1.5,7,0.1,0.7793733262211654,315
25,35,0.8,1.2,1.2,1.0,7,0.05,0.7792792931360621,402
25,35,0.8,1.2,1.2,1.0,5,0.05,0.7792792931360621,402
25,35,0.8,0.8,1.2,1.0,5,0.07,0.7787998509919375,405
25,35,0.8,0.8,1.2,1.0,7,0.07,0.7787998509919375,405
25,30,0.8,1.2,2.0,1.0,5,0.07,0.7782978184728997,396
25,25,0.8,0.8,2.0,1.0,3,0.1,0.7782072089364617,438
20,25,0.8,0.5,1.5,1.0,5,0.05,0.7781771935704966,516
20,30,0.5,1.2,1.2,1.0,3,0.1,0.7777520302516533,543
20,30,0.5,1.2,1.5,1.0,3,0.1,0.7774716208595733,531
30,35,0.3,0.8,1.2,1.0,5,0.1,0.7772592347715225,363
30,35,0.3,0.8,1.2,1.0,7,0.1,0.7772592347715225,363
20,30,0.5,1.2,1.5,1.0,3,0.07,0.7768801144395907,531
25,35,0.8,1.2,2.0,2.0,7,0.1,0.7767060673949912,306
30,30,0.5,0.8,1.2,1.0,5,0.1,0.775958179306002,378
30,30,0.5,0.8,1.2,1.0,7,0.1,0.775958179306002,378
30,35,0.5,0.5,1.2,1.0,5,0.1,0.7755932694503765,363
30,35,0.5,0.5,1.2,1.0,7,0.1,0.7755932694503765,363
25,30,0.8,0.8,1.5,2.0,7,0.1,0.774399652765856,327
30,35,0.8,1.2,2.0,1.5,7,0.05,0.7738753399921289,279
20,35,0.8,0.8,1.5,2.0,5,0.07,0.7733567303709069,375
20,35,0.8,0.8,2.0,2.0,5,0.07,0.7733567303709069,375
25,35,0.8,0.8,1.5,2.0,7,0.07,0.7723370489825052,309
20,30,0.5,1.2,1.2,1.0,3,0.05,0.7716441707243591,543
30,35,0.8,1.2,1.5,1.5,7,0.07,0.7714749990728078,288
30,35,0.3,1.2,2.0,1.0,5,0.1,0.7713300266583646,342
20,25,0.8,0.8,1.2,1.0,7,0.07,0.7704784240274526,528
20,25,0.8,0.8,1.2,1.0,5,0.07,0.7704784240274526,528
25,30,0.8,1.2,2.0,1.0,5,0.1,0.7698072966266909,396
25,25,0.8,1.2,1.5,1.0,3,0.1,0.767704966966715,447
30,30,0.5,0.8,1.5,1.0,5,0.05,0.7675615048697169,369
25,30,0.8,0.8,1.5,2.0,3,0.07,0.7664442720787418,348
25,30,0.8,0.8,2.0,2.0,3,0.07,0.7664442720787418,348
30,35,0.8,1.2,1.2,1.5,7,0.1,0.7662866125957639,297
30,25,0.8,0.8,1.5,2.0,7,0.07,0.7657451253938486,300
20,25,0.8,0.8,1.2,1.0,5,0.1,0.765671133960218,528
20,25,0.8,0.8,1.2,1.0,7,0.1,0.765671133960218,528
25,35,0.8,0.8,1.5,1.0,5,0.05,0.7656445720362097,396
25,35,0.8,0.5,1.2,1.0,5,0.07,0.7633121199430449,408
25,35,0.8,0.5,1.2,1.0,7,0.07,0.7633121199430449,408
25,30,0.8,0.5,1.5,2.0,7,0.1,0.7627933448817915,330
20,30,0.5,1.2,1.5,1.0,7,0.07,0.7627110724819346,513
25,35,0.8,1.2,2.0,1.0,5,0.1,0.7620031095949655,378
30,35,0.5,1.2,1.2,1.0,5,0.05,0.7613350169022929,357
30,35,0.5,1.2,1.2,1.0,7,0.05,0.7613350169022929,357
20,30,0.8,0.8,2.0,2.0,5,0.07,0.7608158989267901,393
20,30,0.8,0.8,1.5,2.0,5,0.07,0.7608158989267901,393
30,30,0.5,0.8,1.2,1.0,7,0.07,0.7603720404794105,378
30,30,0.5,0.8,1.2,1.0,5,0.07,0.7603720404794105,378
25,35,0.8,0.8,1.2,2.0,3,0.05,0.7595497495955116,330
30,25,0.8,1.2,2.0,2.0,7,0.05,0.7590652191482005,291
25,35,0.8,1.2,2.0,1.0,5,0.07,0.7586816358459029,378
30,30,0.5,0.5,1.2,1.0,7,0.1,0.7577541789277513,381
30,30,0.5,0.5,1.2,1.0,5,0.1,0.7577541789277513,381
20,30,0.5,1.2,1.2,1.0,3,0.07,0.7575630285298519,543
25,30,0.8,0.8,1.5,2.0,7,0.05,0.7570451215201953,327
30,35,0.5,0.8,2.0,1.0,5,0.1,0.756317026856426,342
25,30,0.8,0.8,1.2,2.0,3,0.1,0.7558414459113119,348
25,35,0.8,0.5,1.5,2.0,7,0.07,0.755631883516721,312
25,35,0.8,0.8,1.2,2.0,3,0.07,0.7550853868064585,330
30,30,0.3,0.8,1.5,1.0,5,0.05,0.7550648523438908,372
20,25,0.8,1.2,1.5,2.0,7,0.05,0.7548972133371028,405
25,30,0.8,0.5,2.0,2.0,3,0.07,0.7546606053915963,351
25,30,0.8,0.5,1.5,2.0,3,0.07,0.7546606053915963,351
25,35,0.8,0.8,1.5,2.0,7,0.1,0.7541186358178399,309
30,35,0.3,1.2,2.0,1.0,5,0.07,0.7539897210205874,342
30,35,0.3,0.8,1.2,1.0,7,0.07,0.7539707825221186,363
30,35,0.3,0.8,1.2,1.0,5,0.07,0.7539707825221186,363
20,35,0.8,0.5,2.0,2.0,5,0.07,0.7536391089140465,378
20,35,0.8,0.5,1.5,2.0,5,0.07,0.7536391089140465,378
30,30,0.5,1.2,1.2,1.0,5,0.05,0.7534725379068185,375
30,30,0.5,1.2,1.2,1.0,7,0.05,0.7534725379068185,375
20,35,0.5,1.2,1.2,1.0,3,0.1,0.7534330111436923,525
25,30,0.8,0.8,1.2,2.0,7,0.07,0.7528160877253566,330
30,35,0.5,0.5,1.2,1.0,5,0.07,0.7525468651796231,363
30,35,0.5,0.5,1.2,1.0,7,0.07,0.7525468651796231,363
25,30,0.8,0.8,2.0,2.0,7,0.07,0.7522579087417841,327
30,30,0.3,0.8,1.2,1.0,7,0.1,0.7502674068490957,381
30,30,0.3,0.8,1.2,1.0,5,0.1,0.7502674068490957,381
30,35,0.3,0.5,1.2,1.0,7,0.1,0.7499024969934702,366
30,35,0.3,0.5,1.2,1.0,5,0.1,0.7499024969934702,366
30,35,0.5,1.2,2.0,1.0,5,0.05,0.7495521764476218,339
25,35,0.8,0.5,1.5,1.0,5,0.05,0.7486923208419217,399
30,35,0.5,0.8,1.5,1.0,5,0.05,0.7485226338261947,351
30,35,0.3,1.2,1.2,1.0,7,0.05,0.7480363770576443,360
30,35,0.3,1.2,1.2,1.0,5,0.05,0.7480363770576443,360
20,30,0.5,0.8,1.5,1.0,7,0.1,0.7474005995273791,516
30,30,0.5,0.5,1.5,1.0,5,0.05,0.7472707084313185,372
20,30,0.5,0.8,1.5,1.0,3,0.05,0.7471380221948924,534
20,30,0.8,0.5,2.0,2.0,5,0.07,0.7470239240035165,396
20,30,0.8,0.5,1.5,2.0,5,0.07,0.7470239240035165,396
30,30,0.8,1.2,1.5,1.5,7,0.05,0.7459649712435346,306
30,35,0.8,1.2,1.2,1.5,7,0.07,0.7459256154825109,297
25,30,0.8,0.5,1.5,2.0,7,0.05,0.7456321962178776,330
30,35,0.8,0.8,2.0,1.5,7,0.1,0.7455414652326554,282
25,25,0.8,1.2,1.5,1.0,3,0.07,0.7444974631281731,447
25,30,0.8,0.5,1.2,2.0,3,0.1,0.7437627918869372,351
20,35,0.5,1.2,1.5,1.0,3,0.05,0.743326777572695,513
30,30,0.8,1.2,1.2,1.5,7,0.05,0.7425809431918345,315
25,35,0.8,0.5,1.2,2.0,3,0.05,0.7422230709967275,333
30,30,0.5,0.5,1.2,1.0,5,0.07,0.7421779705691759,381
30,30,0.5,0.5,1.2,1.0,7,0.07,0.7421779705691759,381
25,25,0.8,0.8,1.5,1.0,3,0.1,0.742120383608969,453
25,30,0.8,0.8,1.2,1.0,5,0.05,0.7420708761348663,423
25,30,0.8,0.8,1.2,1.0,7,0.05,0.7420708761348663,423
20,35,0.8,0.8,1.2,2.0,5,0.1,0.741804854428541,375
30,35,0.8,0.8,2.0,1.5,7,0.07,0.7415606591231394,282
20,35,0.5,1.2,1.5,1.0,7,0.1,0.7415510515481276,495
25,30,0.8,0.5,1.2,2.0,7,0.07,0.7408262772350233,333
25,30,0.8,0.5,2.0,2.0,7,0.07,0.7406903616478239,330
30,30,0.3,1.2,1.2,1.0,7,0.05,0.7401738980621698,378
30,30,0.3,1.2,1.2,1.0,5,0.05,0.7401738980621698,378
25,30,0.8,1.2,2.0,1.0,5,0.05,0.7400163621981222,396
25,25,0.8,1.2,1.5,1.0,7,0.07,0.7398133628101318,435
20,35,0.8,1.2,2.0,2.0,5,0.1,0.7395351479796521,372
20,35,0.8,1.2,1.5,2.0,5,0.1,0.7395351479796521,372
20,35,0.5,1.2,1.2,1.0,3,0.05,0.7382935629287442,525
25,35,0.8,0.5,1.2,2.0,3,0.07,0.7373586709898385,333
25,35,0.8,0.5,1.5,2.0,7,0.1,0.7372759794949661,312
20,30,0.5,0.5,1.5,1.0,7,0.1,0.7371627259020451,519
20,30,0.5,0.5,1.5,1.0,3,0.05,0.7360456257305413,537
30,35,0.3,0.8,1.5,1.0,5,0.05,0.7360259813003686,354
25,25,0.8,0.5,2.0,1.0,3,0.07,0.7355234921323448,444
30,35,0.5,0.8,2.0,1.0,5,0.07,0.7351743557752223,342
30,30,0.3,0.5,1.5,1.0,5,0.05,0.734774055905492,375
30,30,0.3,0.8,1.2,1.0,5,0.07,0.7346812680225042,381
30,30,0.3,0.8,1.2,1.0,7,0.07,0.7346812680225042,381
30,30,0.5,1.2,2.0,1.0,5,0.05,0.733760793248333,357
20,25,0.8,0.8,1.2,1.0,5,0.05,0.7331957918650419,528
20,25,0.8,0.8,1.2,1.0,7,0.05,0.7331957918650419,528
30,30,0.3,0.5,1.2,1.0,5,0.1,0.7320634064708448,384
30,30,0.3,0.5,1.2,1.0,7,0.1,0.7320634064708448,384
25,25,0.8,0.8,1.5,1.0,3,0.07,0.731802406898728,453
25,30,0.8,0.5,1.2,1.0,5,0.05,0.7309120095327117,426
25,30,0.8,0.5,1.2,1.0,7,0.05,0.7309120095327117,426
20,25,0.8,1.2,1.2,2.0,7,0.05,0.7298670298593836,408
25,25,0.8,0.8,1.5,1.0,7,0.07,0.729737398598921,441
25,25,0.8,0.5,1.5,1.0,7,0.1,0.7291951402618362,447
25,25,0.8,0.5,2.0,1.0,3,0.05,0.7290005948348868,444
30,30,0.8,0.8,2.0,1.5,7,0.07,0.7284872887653313,300
25,35,0.8,1.2,1.2,2.0,7,0.05,0.7281780898413692,309
20,30,0.5,0.8,1.5,1.0,3,0.1,0.7281518729623561,534
20,30,0.5,1.2,1.5,1.0,7,0.05,0.7275224081625697,513
30,35,0.5,0.5,2.0,1.0,5,0.1,0.7273111032403293,345
20,30,0.5,0.8,1.2,1.0,3,0.1,0.7272274672314829,546
20,30,0.5,0.8,1.5,1.0,3,0.07,0.7270702113140537,534
30,35,0.3,0.5,1.2,1.0,7,0.07,0.7268560927227167,366
30,35,0.3,0.5,1.2,1.0,5,0.07,0.7268560927227167,366
30,25,0.8,0.8,1.2,2.0,7,0.07,0.7268463080030632,303
20,25,0.8,1.2,1.5,2.0,7,0.07,0.7260873391467063,405
20,35,0.5,1.2,1.2,1.0,3,0.07,0.7255956667716524,525
25,30,0.8,0.8,1.2,2.0,7,0.1,0.7255557074726718,330
25,35,0.8,1.2,2.0,2.0,7,0.05,0.7253645562202524,306
20,30,0.8,0.8,1.2,2.0,5,0.1,0.7250424478232784,393
30,25,0.8,0.8,1.5,2.0,7,0.1,0.7246029615058714,300
30,30,0.3,1.2,2.0,1.0,5,0.1,0.7244236976406604,360
20,25,0.8,0.5,1.2,1.0,5,0.07,0.7243819929600672,534
20,25,0.8,0.5,1.2,1.0,7,0.07,0.7243819929600672,534
25,35,0.8,0.8,2.0,2.0,3,0.05,0.7243181632382656,330
25,35,0.8,0.8,1.5,2.0,3,0.05,0.7243181632382656,330
25,25,0.8,0.5,2.0,1.0,3,0.1,0.723889409593638,444
25,35,0.8,0.8,1.2,2.0,3,0.1,0.7232763540526566,330
30,25,0.8,0.8,1.5,2.0,7,0.05,0.7216953474025518,300
20,35,0.8,0.5,1.2,2.0,5,0.1,0.7216347204267148,378
20,30,0.5,0.8,1.2,1.0,3,0.05,0.7211146698826888,546
30,30,0.3,1.2,2.0,1.0,5,0.07,0.7210723047031242,360
20,30,0.8,1.2,2.0,2.0,5,0.1,0.7201072514430051,390
20,30,0.8,1.2,1.5,2.0,5,0.1,0.7201072514430051,390
25,30,0.5,1.2,1.5,1.0,3,0.1,0.7199845791593549,453
30,30,0.8,0.8,2.0,1.5,7,0.1,0.7195640177236314,300
20,25,0.8,0.5,1.2,1.0,7,0.1,0.7195072840688891,534
20,25,0.8,0.5,1.2,1.0,5,0.1,0.7195072840688891,534
20,30,0.5,0.8,1.5,1.0,7,0.07,0.7193279576733304,516
25,30,0.8,0.8,2.0,2.0,3,0.1,0.7188676808346924,348
25,30,0.8,0.8,1.5,2.0,3,0.1,0.7188676808346924,348
30,35,0.5,0.5,1.5,1.0,5,0.05,0.7182114507797942,354
20,30,0.5,0.5,1.5,1.0,3,0.1,0.7176320396812397,537
20,30,0.5,0.5,1.2,1.0,3,0.1,0.7173465075520717,549
30,30,0.3,0.5,1.2,1.0,5,0.07,0.7164871981122697,384
30,30,0.3,0.5,1.2,1.0,7,0.07,0.7164871981122697,384
20,30,0.5,0.5,1.5,1.0,3,0.07,0.7162710019091539,537
20,35,0.5,1.2,1.5,1.0,3,0.07,0.7161528799541412,513
25,30,0.8,0.8,2.0,2.0,7,0.1,0.7158913622041818,327
20,35,0.5,1.2,1.5,1.0,7,0.07,0.7154468504666369,495
20,25,0.8,1.2,1.2,1.0,5,0.07,0.7152775430509485,522
20,25,0.8,1.2,1.2,1.0,7,0.07,0.7152775430509485,522
25,35,0.8,0.8,2.0,2.0,7,0.07,0.7148914467624259,309
30,35,0.8,0.5,2.0,1.5,7,0.1,0.7147542145782894,285
20,35,0.5,1.2,1.5,1.0,3,0.1,0.7145666901863302,513
25,30,0.8,0.5,1.2,2.0,7,0.1,0.7135399279455134,333
25,35,0.8,0.8,2.0,2.0,3,0.07,0.7123133568381912,330
25,35,0.8,0.8,1.5,2.0,3,0.07,0.7123133568381912,330
20,25,0.8,1.2,1.2,1.0,7,0.1,0.7114510639963285,522
20,25,0.8,1.2,1.2,1.0,5,0.1,0.7114510639963285,522
20,30,0.8,0.5,1.2,2.0,5,0.1,0.7108905212942774,396
20,30,0.5,0.5,1.2,1.0,3,0.05,0.7108508839078617,549
30,35,0.8,0.5,2.0,1.5,7,0.07,0.7107657050666064,285
30,25,0.5,1.2,1.5,1.0,7,0.1,0.7101179382734711,390
30,30,0.5,0.8,2.0,1.0,5,0.1,0.7094106978387217,360
25,25,0.8,0.8,1.5,1.0,3,0.05,0.7091992327455898,453
25,35,0.8,0.8,1.2,2.0,7,0.07,0.7091759489226774,312
30,30,0.8,0.5,2.0,1.5,7,0.07,0.7091698702387437,303
20,30,0.5,0.5,1.5,1.0,7,0.07,0.7090931046971164,519
30,25,0.8,0.5,1.5,2.0,7,0.07,0.708919927494701,306
20,25,0.8,1.2,2.0,2.0,7,0.05,0.7082439859637353,405
20,25,0.8,0.8,2.0,1.0,5,0.05,0.7081070139112305,489
25,35,0.8,0.5,2.0,2.0,3,0.05,0.7075652928354023,333
25,35,0.8,0.5,1.5,2.0,3,0.05,0.7075652928354023,333
25,25,0.8,1.2,1.5,1.0,3,0.05,0.7072476691319933,447
25,30,0.8,0.5,2.0,2.0,3,0.1,0.7071974067004707,351
25,30,0.8,0.5,1.5,2.0,3,0.1,0.7071974067004707,351
30,25,0.8,0.8,2.0,2.0,7,0.07,0.7070831219921743,300
20,30,0.5,0.8,1.2,1.0,3,0.07,0.7070407914851684,546
30,35,0.5,0.5,2.0,1.0,5,0.07,0.7068440933241704,345
30,35,0.8,1.2,1.5,1.5,7,0.05,0.7065780274207462,288
25,35,0.8,0.8,1.2,1.0,5,0.05,0.7057541968185895,405
25,35,0.8,0.8,1.2,1.0,7,0.05,0.7057541968185895,405
30,35,0.3,0.5,1.5,1.0,5,0.05,0.7057147982539679,357
25,35,0.8,0.5,1.2,2.0,3,0.1,0.7055268991017827,333
25,30,0.8,0.5,2.0,2.0,7,0.1,0.7042850543201171,330
25,35,0.8,1.2,2.0,1.0,5,0.05,0.7042032722410158,378
25,30,0.8,0.8,1.2,2.0,7,0.05,0.7033163530630749,330
20,35,0.5,0.8,1.2,1.0,3,0.1,0.7029084481235217,528
25,30,0.8,0.8,2.0,1.0,5,0.07,0.7027954933059742,399
30,30,0.5,0.8,2.0,1.0,5,0.07,0.7022569394577592,360
25,30,0.8,0.8,2.0,2.0,7,0.05,0.7005296637921153,327
30,30,0.8,0.5,2.0,1.5,7,0.1,0.7002532308526256,303
30,25,0.8,0.8,1.2,2.0,7,0.1,0.7001771572909802,303
25,30,0.5,1.2,1.5,1.0,3,0.07,0.7001255431778568,453
30,35,0.3,1.2,2.0,1.0,5,0.05,0.6993253574718129,342
20,35,0.5,0.8,1.5,1.0,7,0.1,0.6985402908014183,498
25,35,0.8,0.5,2.0,2.0,7,0.07,0.6981862812966414,312
25,35,0.8,0.8,1.5,2.0,7,0.05,0.6979014044210105,309
30,25,0.5,0.8,1.5,1.0,7,0.1,0.6971793231125866,396
20,30,0.5,0.5,1.2,1.0,3,0.07,0.6970816123026021,549
20,30,0.8,1.2,1.5,1.5,3,0.05,0.6961234518760152,459
20,25,0.8,1.2,1.2,2.0,7,0.07,0.695852429483186,408
25,35,0.8,0.8,1.2,2.0,7,0.1,0.6958267367271509,312
25,35,0.8,0.5,1.5,2.0,3,0.07,0.6952069690687587,333
25,35,0.8,0.5,2.0,2.0,3,0.07,0.6952069690687587,333
25,30,0.8,0.8,2.0,1.0,5,0.1,0.6950936818307162,399
20,30,0.8,1.2,2.0,1.5,3,0.05,0.6939560490979753,453
20,35,0.5,0.8,1.5,1.0,3,0.05,0.6934899138967516,516
20,25,0.8,0.8,1.5,2.0,7,0.05,0.6919777524121151,414
25,35,0.8,0.5,1.2,2.0,7,0.07,0.691858296831325,315
25,30,0.8,0.5,1.2,2.0,7,0.05,0.6915242746842367,333
25,30,0.8,0.5,2.0,1.0,5,0.07,0.6909746011184267,402
25,35,0.8,0.8,2.0,2.0,7,0.1,0.690911845725735,309
25,35,0.8,0.5,1.2,1.0,5,0.05,0.6904655984243054,408
25,35,0.8,0.5,1.2,1.0,7,0.05,0.6904655984243054,408
30,30,0.5,0.5,2.0,1.0,5,0.1,0.6899838524860447,363
20,35,0.5,0.5,1.2,1.0,3,0.1,0.6899448628937694,531
30,35,0.3,0.8,2.0,1.0,5,0.1,0.6894729147612423,345
25,30,0.8,0.5,2.0,2.0,7,0.05,0.6891167384897976,330
30,30,0.8,0.8,2.0,1.5,7,0.05,0.6887435559421751,300
30,25,0.8,0.8,1.2,2.0,7,0.05,0.6885670771185438,303
20,35,0.5,0.8,1.2,1.0,3,0.05,0.6877640620870741,528
25,35,0.8,0.8,2.0,1.0,5,0.1,0.6872894947989907,381
25,25,0.8,0.5,1.5,1.0,3,0.1,0.686568688616021,459
20,25,0.8,0.5,1.2,1.0,7,0.05,0.6862398672187121,534
20,25,0.8,0.5,1.2,1.0,5,0.05,0.6862398672187121,534
30,25,0.3,1.2,1.5,1.0,7,0.1,0.6859055991274166,393
20,30,0.8,1.2,1.2,1.5,3,0.05,0.6854767178647254,459
20,25,0.8,1.2,2.0,1.0,5,0.05,0.6854716428727188,483
20,35,0.5,0.5,1.5,1.0,7,0.1,0.6851719898712006,501
25,30,0.5,1.2,1.5,1.0,3,0.05,0.6849361978814519,453
20,30,0.5,0.8,1.5,1.0,7,0.05,0.6841087850188602,516
30,30,0.3,1.2,2.0,1.0,5,0.05,0.6835339742725236,360
25,35,0.8,0.8,2.0,1.0,5,0.07,0.6831793106789774,381
30,30,0.5,0.5,2.0,1.0,5,0.07,0.683170268390234,363
25,30,0.8,0.5,2.0,1.0,5,0.1,0.6830034523834807,402
20,35,0.5,1.2,1.5,1.0,7,0.05,0.6821801860133776,495
25,35,0.8,0.8,2.0,2.0,3,0.1,0.6821741695453738,330
25,35,0.8,0.8,1.5,2.0,3,0.1,0.6821741695453738,330
25,35,0.8,0.5,1.5,2.0,7,0.05,0.6815967334202065,312
20,25,0.8,0.8,2.0,1.0,5,0.07,0.6815640427987347,489
30,35,0.8,1.2,1.2,1.5,7,0.05,0.6811544634801959,297
20,25,0.8,1.2,2.0,2.0,7,0.07,0.6809049456237785,405
30,30,0.8,0.8,1.5,1.5,7,0.07,0.6800873973904643,309
30,35,0.8,0.8,1.5,1.5,7,0.1,0.67949292567567,291
20,35,0.5,0.5,1.5,1.0,3,0.05,0.6789711057946791,519
25,25,0.8,0.5,1.5,1.0,7,0.07,0.6788271670428578,447
30,35,0.5,0.8,1.2,1.0,7,0.05,0.6786283055496362,360
30,35,0.5,0.8,1.2,1.0,5,0.05,0.6786283055496362,360
25,35,0.8,0.5,1.2,2.0,7,0.1,0.6783871086393066,315
20,35,0.8,0.8,1.5,2.0,5,0.1,0.6773013038410618,375
20,35,0.8,0.8,2.0,2.0,5,0.1,0.6773013038410618,375
30,30,0.8,0.8,1.5,1.5,7,0.1,0.6767747434685683,309
30,30,0.8,0.8,1.2,1.5,7,0.07,0.6764697437837537,318
25,30,0.5,1.2,2.0,1.0,3,0.05,0.6763312067413316,438
25,25,0.8,0.5,1.5,1.0,3,0.07,0.6755472947026483,459
30,30,0.8,0.8,1.2,1.5,7,0.1,0.675252350388896,318
20,35,0.5,0.8,1.2,1.0,3,0.07,0.6750734297269688,528
20,25,0.8,1.2,1.2,1.0,7,0.05,0.675024386283189,522
20,25,0.8,1.2,1.2,1.0,5,0.05,0.675024386283189,522
20,35,0.5,0.5,1.2,1.0,3,0.05,0.6744539622999272,531
25,35,0.8,0.5,2.0,2.0,7,0.1,0.6740691894028612,312
20,30,0.5,1.2,2.0,1.0,7,0.05,0.6740524626586059,492
20,30,0.5,0.5,1.5,1.0,7,0.05,0.6736737041136861,519
30,25,0.3,0.8,1.5,1.0,7,0.1,0.6732622964716436,399
20,25,0.8,1.2,2.0,1.0,5,0.07,0.673101510247184,483
30,35,0.8,0.8,2.0,1.5,7,0.05,0.6728261759060897,282
20,35,0.5,0.8,1.5,1.0,7,0.07,0.6720637356580326,498
20,35,0.5,1.2,2.0,1.0,7,0.05,0.67142525067638,474
30,35,0.3,0.8,2.0,1.0,5,0.07,0.6710739414303242,345
30,30,0.5,0.8,1.2,1.0,5,0.05,0.6707658265541617,378
30,30,0.5,0.8,1.2,1.0,7,0.05,0.6707658265541617,378
25,35,0.8,0.5,2.0,1.0,5,0.1,0.6707049745294267,384
30,30,0.8,0.5,2.0,1.5,7,0.05,0.6696335054070353,303
30,25,0.8,0.5,1.2,2.0,7,0.07,0.6693630024274853,309
30,25,0.8,0.5,1.5,2.0,7,0.1,0.6686589164424359,306
20,25,0.8,0.8,1.2,2.0,7,0.05,0.6672138055397088,417
30,35,0.8,0.8,1.5,1.5,7,0.07,0.6671149402079254,291
25,35,0.8,0.5,2.0,1.0,5,0.07,0.667053638381123,384
20,35,0.5,0.8,1.5,1.0,3,0.07,0.6663429768286043,516
25,30,0.5,1.2,2.0,1.0,3,0.07,0.666162422025815,438
30,35,0.3,0.8,1.2,1.0,7,0.05,0.6657148056311296,363
30,35,0.3,0.8,1.2,1.0,5,0.05,0.6657148056311296,363
25,35,0.5,1.2,1.5,1.0,3,0.1,0.6654541774575146,435
20,35,0.5,0.8,1.5,1.0,3,0.1,0.6652469422891129,516
25,35,0.8,0.5,1.5,2.0,3,0.1,0.6650078976463758,333
25,35,0.8,0.5,2.0,2.0,3,0.1,0.6650078976463758,333
25,30,0.8,0.8,2.0,1.0,5,0.05,0.6644203220368687,399
30,35,0.5,0.8,2.0,1.0,5,0.05,0.6642340908092758,342
30,25,0.8,0.5,1.5,2.0,7,0.05,0.6634661590095947,306
30,35,0.8,0.8,1.2,1.5,7,0.1,0.6621656367634946,300
20,35,0.5,0.5,1.2,1.0,3,0.07,0.662105569010117,531
30,25,0.8,0.8,2.0,2.0,7,0.05,0.6612510480216595,300
30,30,0.8,0.5,1.5,1.5,7,0.07,0.6605308635907998,312
30,35,0.3,0.5,2.0,1.0,5,0.1,0.6604669911451458,348
30,25,0.8,0.8,2.0,2.0,7,0.1,0.659335124156829,300
20,25,0.8,0.5,2.0,1.0,5,0.05,0.6590225876495565,495
30,30,0.8,0.5,1.2,1.5,7,0.07,0.6587823992393658,321
20,35,0.5,0.5,1.5,1.0,7,0.07,0.6587382298453884,501
20,35,0.8,0.5,1.5,2.0,5,0.1,0.6579366178691031,378
20,35,0.8,0.5,2.0,2.0,5,0.1,0.6579366178691031,378
20,30,0.8,0.8,2.0,2.0,5,0.1,0.6578734073044146,393
20,30,0.8,0.8,1.5,2.0,5,0.1,0.6578734073044146,393
30,30,0.3,0.8,1.2,1.0,7,0.05,0.6578523266356553,381
30,30,0.3,0.8,1.2,1.0,5,0.05,0.6578523266356553,381
30,30,0.8,0.5,1.5,1.5,7,0.1,0.6571972285239481,312
30,30,0.8,0.5,1.2,1.5,7,0.1,0.6570182834122832,321
25,35,0.5,1.2,2.0,1.0,3,0.07,0.656076098137136,420
20,35,0.8,1.2,2.0,1.5,3,0.05,0.6560473434678534,435
25,35,0.5,1.2,2.0,1.0,3,0.1,0.6559783878210618,420
25,35,0.5,1.2,2.0,1.0,3,0.05,0.6550420797459352,420
25,30,0.5,0.8,1.5,1.0,3,0.1,0.6549361129088606,456
20,35,0.8,1.2,1.5,1.5,3,0.05,0.6537922767555995,441
25,30,0.5,1.2,2.0,1.0,3,0.1,0.6529560981413319,438
25,30,0.8,0.5,2.0,1.0,5,0.05,0.6527849847221684,402
30,30,0.5,0.5,1.2,1.0,7,0.05,0.6526137281994444,381
30,30,0.5,0.5,1.2,1.0,5,0.05,0.6526137281994444,381
20,35,0.5,0.5,1.5,1.0,3,0.07,0.6521796127146868,519
25,25,0.8,0.5,1.5,1.0,3,0.05,0.6518099168751471,459
30,35,0.5,0.5,1.2,1.0,5,0.05,0.6517409572032431,363
30,35,0.5,0.5,1.2,1.0,7,0.05,0.6517409572032431,363
30,25,0.3,1.2,2.0,1.0,3,0.1,0.6517106538426705,390
30,25,0.3,0.8,2.0,1.0,3,0.07,0.6514610606855304,396
20,35,0.5,0.5,1.5,1.0,3,0.1,0.6513692491690595,519
30,25,0.3,1.2,2.0,1.0,3,0.07,0.6507291277914125,390
30,25,0.8,0.5,2.0,2.0,7,0.07,0.6502579240930266,306
20,25,0.8,1.2,1.2,2.0,3,0.05,0.6501716219255941,438
25,25,0.8,1.2,2.0,1.0,7,0.1,0.6496605937250912,417
20,25,0.8,0.8,1.5,2.0,7,0.07,0.6496589186312072,414
30,35,0.8,0.5,1.5,1.5,7,0.1,0.6489241815669379,294
30,25,0.5,0.8,1.5,1.0,7,0.07,0.6488731928038608,396
30,30,0.5,0.8,2.0,1.0,5,0.05,0.6484427076099865,360
25,35,0.5,1.2,1.5,1.0,3,0.07,0.6460405956324917,435
30,25,0.5,1.2,1.5,1.0,7,0.07,0.6455641859943796,390
20,25,0.8,0.8,2.0,2.0,7,0.05,0.6455161040833913,414
20,30,0.8,0.5,2.0,2.0,5,0.1,0.6443418955703114,396
20,30,0.8,0.5,1.5,2.0,5,0.1,0.6443418955703114,396
30,25,0.8,0.5,1.2,2.0,7,0.1,0.6437182200275158,309
30,25,0.8,1.2,1.2,2.0,5,0.1,0.6436396536117159,300
20,35,0.8,1.2,1.2,1.5,3,0.05,0.6431455427443099,441
25,30,0.5,1.2,1.2,1.0,3,0.1,0.6429086584087405,462
30,35,0.3,0.5,2.0,1.0,5,0.07,0.6427436789792725,348
30,35,0.8,0.5,2.0,1.5,7,0.05,0.6426803269193352,285
20,25,0.8,0.5,1.5,2.0,7,0.05,0.6425874905509298,420
30,30,0.3,0.8,2.0,1.0,5,0.1,0.6425665857435381,363
25,30,0.5,0.5,1.5,1.0,3,0.1,0.6425314463113733,459
30,25,0.8,1.2,1.2,2.0,5,0.07,0.6420908985975402,300
30,35,0.8,0.8,1.2,1.5,7,0.07,0.6415066032728384,300
30,30,0.8,0.8,1.5,1.5,7,0.05,0.641041650845204,309
25,25,0.8,0.8,1.5,1.0,7,0.05,0.6404073825224018,441
30,25,0.5,0.5,1.5,1.0,7,0.1,0.6400733293344089,402
30,30,0.3,0.5,1.2,1.0,5,0.05,0.639700228280938,384
30,30,0.3,0.5,1.2,1.0,7,0.05,0.639700228280938,384
20,35,0.5,1.2,2.0,1.0,7,0.1,0.6390101176595675,474
30,35,0.3,0.5,1.2,1.0,7,0.05,0.6388274572847367,366
30,35,0.3,0.5,1.2,1.0,5,0.05,0.6388274572847367,366
20,35,0.5,0.8,1.5,1.0,7,0.05,0.6387665628696679,498
30,30,0.3,0.8,2.0,1.0,5,0.07,0.638156525112861,363
25,35,0.8,0.8,2.0,2.0,7,0.05,0.6376902834376114,309
30,30,0.8,0.8,1.2,1.5,7,0.05,0.6375683007611816,318
20,35,0.5,1.2,2.0,1.0,7,0.07,0.6373802852852812,474
30,25,0.3,0.8,2.0,1.0,3,0.1,0.6370262188114076,396
30,35,0.8,0.5,1.5,1.5,7,0.07,0.6366225262320346,294
30,35,0.5,0.5,2.0,1.0,5,0.05,0.6364017526344738,345
25,25,0.8,1.2,1.5,1.0,7,0.05,0.6363479570750189,435
25,35,0.5,1.2,1.2,1.0,3,0.1,0.6360893945003716,444
25,35,0.8,0.8,1.2,2.0,7,0.05,0.6360716500540617,312
30,25,0.5,1.2,1.5,1.0,3,0.1,0.6359011358025681,399
20,25,0.8,0.8,1.2,2.0,3,0.05,0.6357068107662599,447
20,25,0.8,1.2,1.5,2.0,7,0.1,0.6351566526193256,405
30,25,0.3,0.8,2.0,1.0,3,0.05,0.6345863565247676,396
25,30,0.5,0.8,1.5,1.0,3,0.07,0.634323686785332,456
30,35,0.8,0.5,1.2,1.5,7,0.1,0.6343010731265964,303
25,35,0.5,1.2,1.5,1.0,3,0.05,0.6340966742655338,435
20,25,0.8,0.5,2.0,1.0,5,0.07,0.634060663712789,495
20,30,0.5,1.2,2.0,1.0,7,0.07,0.6340177128964193,492
20,30,0.8,0.8,1.5,1.5,3,0.05,0.6338959072471048,462
20,30,0.5,1.2,1.5,1.0,5,0.1,0.6327954561969467,516
20,30,0.8,0.8,2.0,1.5,3,0.05,0.6320572443715375,456
30,35,0.8,1.2,1.5,1.5,5,0.1,0.6309926882076328,291
30,25,0.3,1.2,1.5,1.0,3,0.1,0.6305036209657685,402
25,30,0.5,1.2,1.2,1.0,3,0.07,0.6304667312879335,462
30,25,0.8,0.5,1.2,2.0,7,0.05,0.6297065773519607,309
30,30,0.5,0.5,2.0,1.0,5,0.05,0.6295729224906036,363
20,30,0.5,0.8,2.0,1.0,7,0.05,0.6292678996203696,495
25,35,0.8,0.8,2.0,1.0,5,0.05,0.6286072320797622,381
30,25,0.5,1.2,2.0,1.0,3,0.1,0.6285199262366032,390
20,25,0.8,1.2,2.0,1.0,5,0.1,0.6284670308991445,483
30,25,0.5,1.2,2.0,1.0,3,0.07,0.6277438801324308,390
30,25,0.5,0.8,2.0,1.0,3,0.07,0.6275970465988744,396
30,30,0.8,1.2,1.5,1.5,5,0.07,0.6268377898337416,309
30,30,0.8,1.2,1.5,1.5,5,0.1,0.6267487067018717,309
20,35,0.5,0.8,2.0,1.0,7,0.05,0.6266406876381437,477
20,30,0.8,1.2,1.5,1.5,3,0.07,0.626333360128344,459
20,30,0.5,1.2,2.0,1.0,7,0.1,0.6262076713536768,492
20,35,0.5,0.5,1.5,1.0,7,0.05,0.6252100328223356,501
30,25,0.3,0.8,1.5,1.0,7,0.07,0.6247455301787289,399
20,25,0.8,0.8,2.0,1.0,5,0.1,0.6244018787192671,489
30,25,0.5,0.8,1.5,1.0,3,0.1,0.6241748601528944,405
30,25,0.5,1.2,2.0,1.0,7,0.1,0.6234361392345928,378
30,30,0.3,0.5,2.0,1.0,5,0.1,0.623139740390861,366
20,30,0.8,0.8,1.2,1.5,3,0.05,0.6230728620443996,462
20,25,0.8,1.2,2.0,2.0,3,0.05,0.6227115634176912,438
20,25,0.8,1.2,1.5,2.0,3,0.05,0.6227115634176912,438
30,25,0.3,0.8,1.5,1.0,3,0.1,0.6226377830456591,408
25,30,0.5,0.5,1.5,1.0,3,0.07,0.6218266656557992,459
30,30,0.8,0.5,1.5,1.5,7,0.05,0.6218169995056736,312
25,30,0.5,1.2,1.2,1.0,3,0.05,0.6215150229623297,462
25,35,0.8,0.5,2.0,2.0,7,0.05,0.6213856124368075,312
30,25,0.3,1.2,1.5,1.0,7,0.07,0.6211943427182844,393
20,30,0.8,0.5,1.5,1.5,3,0.05,0.6207679265558418,465
25,25,0.8,0.8,1.2,1.0,3,0.1,0.6203885326152876,465
30,30,0.8,0.5,1.2,1.5,7,0.05,0.6202750799148649,321
25,25,0.8,0.8,2.0,1.0,7,0.1,0.6194965482793382,423
25,35,0.8,0.5,1.2,2.0,7,0.05,0.6192061454992374,315
25,25,0.8,1.2,2.0,1.0,7,0.07,0.6191928236434888,417
30,30,0.3,0.5,2.0,1.0,5,0.07,0.6190698540453357,366
25,30,0.5,0.8,1.5,1.0,3,0.05,0.6190676482404297,456
20,30,0.8,0.5,2.0,1.5,3,0.05,0.6186668355361318,459
20,25,0.8,0.8,1.2,2.0,7,0.07,0.6183948631899525,417
20,30,0.5,0.5,2.0,1.0,7,0.05,0.6182888214814972,498
20,25,0.8,0.5,1.2,2.0,7,0.05,0.6174126552601453,423
30,25,0.5,0.8,1.5,1.0,3,0.07,0.6172167854589028,405
25,30,0.5,1.2,1.5,1.0,7,0.1,0.6170060363188472,441
30,25,0.8,1.2,1.2,2.0,3,0.1,0.6169481352154695,312
25,25,0.8,0.8,1.2,1.0,3,0.07,0.6168400669120025,465
30,25,0.3,1.2,2.0,1.0,3,0.05,0.6167250347311678,390
30,35,0.3,0.8,2.0,1.0,5,0.05,0.6162705591152888,345
30,25,0.3,0.5,1.5,1.0,7,0.1,0.6161563026934661,405
20,25,0.8,1.2,1.2,2.0,7,0.1,0.6159955233634609,408
30,25,0.3,0.8,1.5,1.0,3,0.07,0.6159668712667996,408
20,30,0.8,1.2,1.2,1.5,3,0.07,0.6156661376529334,459
25,35,0.5,1.2,1.2,1.0,3,0.07,0.6152107094618727,444
25,25,0.8,0.8,1.2,1.0,3,0.05,0.615125530131132,465
30,35,0.8,0.5,1.2,1.5,7,0.07,0.6146404747195517,303
20,30,0.8,1.2,2.0,1.5,3,0.07,0.6143759436498775,453
20,25,0.8,1.2,1.2,2.0,3,0.07,0.6142461533759803,438
30,25,0.5,0.8,2.0,1.0,3,0.1,0.6130141494013852,396
25,35,0.8,0.5,2.0,1.0,5,0.05,0.6128342401649481,384
30,25,0.5,1.2,1.5,1.0,3,0.07,0.6127337774887318,399
30,35,0.8,1.2,1.5,1.5,5,0.07,0.6126749758808191,291
20,35,0.5,0.5,2.0,1.0,7,0.05,0.6122594874458397,480
25,25,0.8,1.2,1.5,1.0,5,0.1,0.6107052412956514,438
30,25,0.5,0.8,2.0,1.0,3,0.05,0.6106174479038536,396
20,30,0.5,1.2,1.5,1.0,5,0.07,0.6105444200593113,516
25,30,0.5,0.8,2.0,1.0,3,0.05,0.6104482828327893,441
20,30,0.8,0.5,1.2,1.5,3,0.05,0.6099448813531366,465
20,25,0.8,0.8,1.5,2.0,3,0.05,0.6082154579261042,447
20,25,0.8,0.8,2.0,2.0,3,0.05,0.6082154579261042,447
25,30,0.8,1.2,1.2,2.0,5,0.07,0.6082149683112529,330
30,25,0.3,1.2,1.5,1.0,3,0.07,0.6075003382074641,402
25,30,0.5,0.5,1.5,1.0,3,0.05,0.6066348913902214,459
30,25,0.8,1.2,1.2,2.0,3,0.07,0.6064238569244362,312
20,25,0.8,0.8,2.0,2.0,7,0.07,0.6045175883615419,414
30,25,0.8,0.5,2.0,2.0,7,0.1,0.6033910790933936,306
30,25,0.8,0.5,2.0,2.0,7,0.05,0.6030218596287024,306
30,25,0.5,0.8,2.0,1.0,7,0.1,0.602754506811546,384
20,25,0.8,0.5,1.5,2.0,7,0.07,0.6021549066713454,420
30,35,0.8,0.8,1.5,1.5,7,0.05,0.6016547070224153,291
25,25,0.8,0.8,2.0,1.0,7,0.07,0.6014086064842713,423
25,35,0.5,1.2,1.2,1.0,3,0.05,0.6009158828619247,444
30,30,0.3,0.8,2.0,1.0,5,0.05,0.6004791759159995,363
25,35,0.5,0.8,1.5,1.0,3,0.1,0.6004057112070205,438
25,30,0.5,0.8,2.0,1.0,3,0.07,0.6003466780965662,441
25,30,0.5,0.5,2.0,1.0,3,0.05,0.5988914070879952,444
20,25,0.8,0.5,2.0,2.0,7,0.05,0.5961258422222059,420
20,30,0.3,1.2,2.0,1.0,3,0.05,0.5960141783802703,537
25,25,0.8,0.8,1.5,1.0,5,0.1,0.5948412842395647,444
20,35,0.5,0.8,2.0,1.0,7,0.1,0.594642795876568,477
20,35,0.8,0.8,2.0,1.5,3,0.05,0.5941485387414155,438
30,25,0.5,1.2,2.0,1.0,3,0.05,0.5936290460181783,390
20,35,0.5,0.8,2.0,1.0,7,0.07,0.59265858336443,477
30,25,0.5,0.5,1.5,1.0,7,0.07,0.5915816085861597,402
20,35,0.8,0.8,1.5,1.5,3,0.05,0.5915647321266889,444
25,35,0.5,0.8,2.0,1.0,3,0.1,0.5908883694296894,423
25,35,0.5,0.8,2.0,1.0,3,0.07,0.5902603542078871,423
30,25,0.3,0.5,2.0,1.0,3,0.07,0.5901872573361793,402
20,30,0.5,0.8,1.5,1.0,5,0.1,0.5897846954502374,519
20,30,0.5,0.8,2.0,1.0,7,0.07,0.5892960109755682,495
25,35,0.5,0.8,2.0,1.0,3,0.05,0.5891591558373928,423
25,30,0.5,0.5,2.0,1.0,3,0.07,0.5886943673762789,444
20,35,0.8,1.2,1.5,1.5,3,0.07,0.5884761882844105,441
30,35,0.3,0.5,2.0,1.0,5,0.05,0.5884382209404871,348
25,25,0.8,0.5,1.5,1.0,7,0.05,0.5883403632130543,447
30,25,0.5,0.8,1.5,1.0,3,0.05,0.5880196668495025,405
25,30,0.5,0.8,2.0,1.0,3,0.1,0.5878660797499594,441
25,30,0.8,1.2,1.2,2.0,5,0.1,0.5870263502244831,330
20,25,0.8,1.2,2.0,2.0,7,0.1,0.5848562248679996,405
25,35,0.5,0.5,1.5,1.0,3,0.1,0.5832560333740214,441
20,25,0.8,0.5,1.2,2.0,3,0.05,0.582420233067877,453
20,30,0.5,0.8,2.0,1.0,7,0.1,0.5818403495706771,495
30,30,0.3,0.5,2.0,1.0,5,0.05,0.5816093907966166,366
30,25,0.3,0.8,1.5,1.0,3,0.05,0.5813712845532438,408
30,35,0.5,1.2,1.5,2.0,7,0.07,0.5810287680763615,276
20,35,0.8,0.8,1.2,1.5,3,0.05,0.5807416869239839,444
20,35,0.5,0.5,2.0,1.0,7,0.1,0.5807078804357378,480
25,35,0.5,0.8,1.5,1.0,3,0.07,0.5802387392399669,438
20,35,0.8,1.2,2.0,1.5,3,0.07,0.579949573503614,435
30,25,0.8,1.2,1.2,2.0,3,0.05,0.5799191109592184,312
20,35,0.5,1.2,1.5,1.0,5,0.1,0.5798501282908483,498
20,30,0.5,0.5,1.5,1.0,5,0.1,0.5795468218249034,522
20,35,0.5,0.5,2.0,1.0,7,0.07,0.5787540899427098,480
20,30,0.5,0.5,2.0,1.0,7,0.07,0.5786992595799404,498
20,25,0.8,1.2,2.0,2.0,3,0.07,0.5785910012752512,438
20,25,0.8,1.2,1.5,2.0,3,0.07,0.5785910012752512,438
20,35,0.8,1.2,1.2,1.5,3,0.07,0.5778089658090001,441
30,35,0.5,1.2,1.5,2.0,7,0.1,0.5777711244407854,276
20,25,0.8,0.5,2.0,1.0,5,0.1,0.5774678610717274,495
30,25,0.3,0.5,2.0,1.0,3,0.1,0.5767509396539465,402
30,30,0.8,1.2,1.5,1.5,5,0.05,0.5765225373249707,309
25,30,0.5,0.5,2.0,1.0,3,0.1,0.5763592205412339,444
30,35,0.8,0.8,1.2,1.5,7,0.05,0.576141821049543,300
25,30,0.5,0.8,1.2,1.0,3,0.1,0.5760643089929774,465
20,35,0.8,0.5,2.0,1.5,3,0.05,0.5755987426240989,441
25,35,0.5,0.5,2.0,1.0,3,0.1,0.575104862002016,426
30,25,0.5,1.2,2.0,1.0,7,0.07,0.5747979775906428,378
25,35,0.5,0.5,2.0,1.0,3,0.07,0.5744162761614084,426
30,25,0.8,1.2,1.5,2.0,3,0.1,0.5740631582583979,312
30,25,0.8,1.2,2.0,2.0,3,0.1,0.5740631582583979,312
25,25,0.8,1.2,1.2,1.0,3,0.1,0.5736686400851475,459
20,35,0.8,0.5,1.5,1.5,3,0.05,0.5735518499729061,447
25,35,0.5,0.5,2.0,1.0,3,0.05,0.5735450664772842,426
20,30,0.5,1.2,1.5,1.0,5,0.05,0.5732582045775743,516
20,25,0.8,0.8,1.2,2.0,3,0.07,0.5726421984340319,447
30,25,0.3,0.5,2.0,1.0,3,0.05,0.5723812040131657,402
30,35,0.8,0.5,1.5,1.5,7,0.05,0.5719174760331288,294
20,30,0.5,0.5,2.0,1.0,7,0.1,0.571255023603681,498
20,25,0.8,0.5,1.2,2.0,7,0.07,0.5704971950682495,423
30,25,0.5,0.8,2.0,1.0,7,0.07,0.5697286506074996,384
25,25,0.8,1.2,1.2,1.0,3,0.07,0.5695668443574127,459
25,25,0.8,0.5,2.0,1.0,7,0.1,0.5694678611901459,429
25,35,0.5,0.8,1.2,1.0,3,0.1,0.5692450450846089,447
25,35,0.5,0.8,1.5,1.0,3,0.05,0.5682281246245117,438
25,35,0.8,1.2,1.2,2.0,5,0.07,0.5681123783637979,312
30,25,0.3,0.5,1.5,1.0,7,0.07,0.5674539459610277,405
20,30,0.5,0.8,1.5,1.0,5,0.07,0.5671613052507071,519
25,35,0.5,1.2,1.5,1.0,7,0.1,0.5670949303623684,423
30,25,0.5,0.5,2.0,1.0,3,0.07,0.5663232432495234,402
30,25,0.8,1.2,1.2,2.0,5,0.05,0.5663105591966959,300
30,35,0.3,1.2,1.5,2.0,7,0.1,0.5660691824065257,279
25,25,0.8,1.2,1.2,1.0,3,0.05,0.5659863324529155,459
30,35,0.8,1.2,2.0,1.5,5,0.1,0.5651912746381574,285
30,25,0.5,1.2,1.5,1.0,3,0.05,0.5651272980705689,399
25,30,0.5,0.5,1.2,1.0,3,0.1,0.564603024581111,468
20,30,0.8,0.8,1.5,1.5,3,0.07,0.5641314556085172,462
25,30,0.5,0.8,1.2,1.0,3,0.07,0.5636268156856724,465
25,35,0.5,0.5,1.5,1.0,3,0.07,0.563101883779077,441
25,25,0.8,0.5,1.2,1.0,3,0.1,0.5630267900447882,471
20,35,0.8,0.5,1.2,1.5,3,0.05,0.5627288047702009,447
30,25,0.8,1.2,1.5,2.0,3,0.07,0.5626607698673634,312
30,25,0.8,1.2,2.0,2.0,3,0.07,0.5626607698673634,312
30,30,0.5,1.2,1.5,2.0,7,0.07,0.5619667832794178,294
25,35,0.8,1.2,1.2,2.0,5,0.1,0.5617580261368591,312
30,25,0.5,0.5,1.5,1.0,3,0.1,0.561611636044294,411
20,30,0.3,1.2,1.5,1.0,7,0.1,0.5607978920107418,543
20,30,0.3,1.2,1.5,1.0,5,0.1,0.5607978920107418,543
30,25,0.3,0.5,1.5,1.0,3,0.1,0.5600745589370586,414
30,35,0.3,1.2,1.5,2.0,7,0.07,0.5600621382887339,279
20,35,0.5,1.2,1.5,1.0,5,0.07,0.5600333386347078,498
25,30,0.5,1.2,1.5,1.0,7,0.07,0.5597318957531099,441
25,25,0.8,0.5,1.2,1.0,3,0.07,0.5593159550706469,471
20,35,0.3,1.2,2.0,1.0,3,0.05,0.5592510942604825,519
20,30,0.3,1.2,2.0,1.0,3,0.07,0.5588028118590962,537
25,30,0.5,0.8,1.5,1.0,7,0.1,0.5581616896301909,444
30,25,0.3,1.2,2.0,1.0,7,0.1,0.5577118774870694,381
25,25,0.8,0.5,1.2,1.0,3,0.05,0.5570347756689107,471
20,25,0.8,0.5,2.0,2.0,7,0.07,0.5570135764016801,420
20,30,0.5,0.5,1.5,1.0,5,0.07,0.5569264522744931,522
30,30,0.8,1.2,2.0,1.5,5,0.07,0.555859460894093,303
20,25,0.8,0.5,2.0,2.0,3,0.05,0.5554768207784124,453
20,25,0.8,0.5,1.5,2.0,3,0.05,0.5554768207784124,453
25,30,0.5,0.8,1.2,1.0,3,0.05,0.5546477537853857,465
30,25,0.3,1.2,1.5,1.0,3,0.05,0.5544016873190162,402
30,25,0.5,0.5,1.5,1.0,3,0.07,0.5538206634077051,411
25,25,0.8,1.2,1.5,1.0,5,0.07,0.5537330657707348,438
25,35,0.5,0.5,1.2,1.0,3,0.1,0.5533802533065693,450
20,30,0.8,0.8,1.2,1.5,3,0.07,0.5532872597221419,462
30,25,0.5,0.5,2.0,1.0,3,0.1,0.5527388702439242,402
30,25,0.3,0.5,1.5,1.0,3,0.07,0.5525707492156019,414
20,30,0.8,0.8,2.0,1.5,3,0.07,0.5525059109239359,456
25,30,0.5,0.5,1.2,1.0,3,0.07,0.5519843379084696,468
30,35,0.8,1.2,2.0,1.5,5,0.07,0.5516315296737065,285
25,25,0.8,0.8,1.5,1.0,5,0.07,0.5515344632236797,444
20,30,0.8,0.5,1.5,1.5,3,0.07,0.5515081479307474,465
25,35,0.5,0.5,1.5,1.0,3,0.05,0.5512713730554663,441
25,25,0.8,0.5,2.0,1.0,7,0.07,0.5510886287962327,429
30,30,0.8,1.2,2.0,1.5,5,0.1,0.5502460015061938,303
30,35,0.8,0.5,1.2,1.5,7,0.05,0.5500486623488572,303
30,25,0.5,0.5,2.0,1.0,3,0.05,0.5484122953922516,402
25,35,0.5,0.8,1.2,1.0,3,0.07,0.5483707938596116,447
20,25,0.8,1.2,1.2,2.0,3,0.1,0.5475577832593533,438
30,25,0.5,0.5,2.0,1.0,7,0.1,0.5474980720303214,390
30,30,0.5,1.2,1.5,2.0,7,0.1,0.5467431424639018,294
25,25,0.8,1.2,2.0,1.0,7,0.05,0.5462952928705014,417
30,25,0.8,1.2,2.0,2.0,3,0.05,0.5462650469754503,312
30,25,0.8,1.2,1.5,2.0,3,0.05,0.5462650469754503,312
25,30,0.5,0.5,1.5,1.0,7,0.1,0.546116176465303,447
20,25,0.8,0.8,1.5,2.0,7,0.1,0.5450232072242561,414
30,25,0.5,0.8,1.5,1.0,7,0.05,0.5449519253860443,396
30,25,0.8,0.8,1.2,2.0,3,0.05,0.544768992368919,321
30,25,0.8,1.2,2.0,2.0,5,0.07,0.5446712513415312,300
30,25,0.8,1.2,1.5,2.0,5,0.07,0.5446712513415312,300
20,30,0.3,1.2,2.0,1.0,3,0.1,0.5444641819412878,537
20,30,0.3,0.8,2.0,1.0,3,0.05,0.5444193371697654,540
25,25,0.8,0.5,1.5,1.0,5,0.1,0.5442073403755497,450
20,25,0.8,1.2,1.2,2.0,5,0.05,0.5438904696608732,414
25,30,0.8,1.2,1.2,2.0,5,0.05,0.5437188429195002,330
25,30,0.5,0.5,1.2,1.0,3,0.05,0.5429760310784982,468
30,25,0.8,0.8,1.2,2.0,5,0.07,0.5423304517640654,309
25,25,0.8,0.8,2.0,1.0,7,0.05,0.5415333796485204,423
30,30,0.3,1.2,1.5,2.0,7,0.07,0.5410001534917903,297
20,30,0.8,0.5,1.2,1.5,3,0.07,0.5406639520443722,465
30,30,0.8,1.2,1.2,1.5,5,0.07,0.5405151189592874,318
20,30,0.8,0.5,2.0,1.5,3,0.07,0.5396801959157255,459
30,25,0.3,0.8,2.0,1.0,7,0.1,0.5385309836393964,387
20,30,0.3,1.2,1.5,1.0,5,0.07,0.5374077486874637,543
20,30,0.3,1.2,1.5,1.0,7,0.07,0.5374077486874637,543
30,25,0.8,0.8,1.2,2.0,3,0.07,0.5371813350994149,321
30,35,0.8,1.2,1.5,1.5,5,0.05,0.5371065579506925,291
20,35,0.5,0.8,1.5,1.0,5,0.1,0.536839367544139,501
20,25,0.8,0.8,2.0,2.0,3,0.07,0.5367158010217117,447
20,25,0.8,0.8,1.5,2.0,3,0.07,0.5367158010217117,447
30,30,0.3,1.2,1.5,2.0,7,0.1,0.535041200429642,297
20,30,0.3,0.5,2.0,1.0,3,0.05,0.5345836546844777,543
25,35,0.5,0.8,1.2,1.0,3,0.05,0.5340486136849806,447
30,25,0.3,0.8,1.5,1.0,7,0.05,0.5328673484874906,399
25,35,0.5,0.5,1.2,1.0,3,0.07,0.5324125501198143,450
25,30,0.8,1.2,1.5,2.0,5,0.07,0.5323128395274265,330
25,30,0.8,1.2,2.0,2.0,5,0.07,0.5323128395274265,330
30,25,0.8,1.2,2.0,2.0,5,0.1,0.5310758580865137,300
30,25,0.8,1.2,1.5,2.0,5,0.1,0.5310758580865137,300
20,30,0.5,0.8,1.5,1.0,5,0.05,0.5298445814338646,519
20,35,0.3,1.2,2.0,1.0,3,0.07,0.5295626181579433,519
20,30,0.8,1.2,1.5,1.5,3,0.1,0.5282433112232361,459
20,35,0.3,1.2,2.0,1.0,3,0.1,0.52799957747018,519
30,30,0.8,1.2,1.2,1.5,5,0.1,0.5277297548724028,318
20,30,0.5,1.2,1.2,2.0,7,0.05,0.5277178822547193,423
20,25,0.8,1.2,1.2,2.0,5,0.07,0.5276396576691426,414
30,35,0.8,0.8,1.5,1.5,5,0.1,0.5269186397443423,294
20,35,0.8,0.8,1.5,1.5,3,0.07,0.5262742837645841,444
20,25,0.8,0.8,1.2,2.0,7,0.1,0.5248967145962988,417
20,35,0.5,1.2,1.5,1.0,5,0.05,0.5247237584596559,498
20,30,0.3,1.2,1.5,1.0,5,0.05,0.5246563901937215,543
20,30,0.3,1.2,1.5,1.0,7,0.05,0.5246563901937215,543
30,25,0.5,1.2,1.5,1.0,7,0.05,0.5245720391400481,390
30,25,0.8,0.8,1.2,2.0,5,0.1,0.5243736737450948,309
20,30,0.5,1.2,1.5,2.0,7,0.05,0.52379891872476,420
20,35,0.5,1.2,1.2,2.0,7,0.05,0.5237538544288307,405
30,25,0.5,0.5,1.5,1.0,3,0.05,0.5236602849354599,411
20,35,0.5,0.5,1.5,1.0,5,0.1,0.5234710666139212,504
30,30,0.8,0.8,1.5,1.5,5,0.1,0.5226746582385811,312
20,30,0.5,1.2,2.0,1.0,5,0.05,0.5225934588766883,495
30,30,0.8,0.8,1.5,1.5,5,0.07,0.5224777309688592,312
20,25,0.8,0.5,1.2,2.0,3,0.07,0.5210369395635777,453
20,30,0.3,1.2,2.0,1.0,7,0.05,0.5199881018687259,516
20,35,0.5,1.2,1.5,2.0,7,0.05,0.519573939474692,402
20,30,0.5,0.5,1.5,1.0,5,0.05,0.5194095005286906,522
25,35,0.5,0.5,1.2,1.0,3,0.05,0.5181552285653424,450
20,35,0.8,0.8,2.0,1.5,3,0.07,0.5180795407776727,438
30,30,0.5,1.2,1.5,2.0,7,0.05,0.5170138674756508,294
30,25,0.3,0.5,1.5,1.0,3,0.05,0.5170119026392013,414
20,35,0.5,0.8,1.5,1.0,5,0.07,0.5166502238261035,501
30,35,0.5,1.2,2.0,2.0,7,0.07,0.5165875140787406,276
25,30,0.8,0.8,1.2,2.0,5,0.07,0.5165666274511593,333
20,30,0.8,1.2,2.0,1.5,3,0.1,0.5165170680420742,453
30,25,0.8,0.8,1.2,2.0,3,0.1,0.5164103017247824,321
20,30,0.3,0.8,1.5,1.0,5,0.1,0.5163759013438097,546
20,30,0.3,0.8,1.5,1.0,7,0.1,0.5163759013438097,546
20,35,0.5,1.2,2.0,1.0,5,0.05,0.5162490391495718,477
30,30,0.3,1.2,1.5,2.0,7,0.05,0.5154481519595424,297
20,35,0.8,0.8,1.2,1.5,3,0.07,0.5154300878782088,444
30,25,0.5,1.2,1.5,1.0,5,0.1,0.5145630954566605,393
20,30,0.8,1.2,1.2,1.5,3,0.1,0.5142975492122634,459
30,25,0.5,0.5,2.0,1.0,7,0.07,0.5141179964919523,390
30,30,0.8,1.2,2.0,1.5,5,0.05,0.5133657994862285,303
20,25,0.5,0.8,2.0,1.0,3,0.05,0.5133087510277022,546
20,25,0.8,1.2,1.5,2.0,3,0.1,0.5124418513789125,438
20,25,0.8,1.2,2.0,2.0,3,0.1,0.5124418513789125,438
30,25,0.3,1.2,1.5,1.0,7,0.05,0.5122425590433185,393
30,25,0.3,1.2,2.0,1.0,7,0.07,0.511751218334273,381
30,30,0.3,1.2,1.2,2.0,3,0.05,0.5113781649588903,312
30,25,0.8,0.8,1.5,2.0,3,0.05,0.5108875371153698,321
30,25,0.8,0.8,2.0,2.0,3,0.05,0.5108875371153698,321
30,25,0.3,0.8,1.2,1.0,3,0.07,0.5107441384876238,420
30,25,0.5,0.8,1.2,1.0,3,0.07,0.5096878768303434,417
30,25,0.3,0.8,1.2,1.0,3,0.1,0.5095794007949824,420
30,35,0.5,1.2,1.5,2.0,7,0.05,0.5092836932328095,276
20,35,0.8,0.5,1.5,1.5,3,0.07,0.5089919217864964,447
25,35,0.5,1.2,1.5,1.0,7,0.07,0.5089288407125357,423
30,25,0.5,0.8,1.5,1.0,5,0.1,0.5089053954981869,399
30,25,0.5,0.8,1.2,1.0,3,0.1,0.5087429819822916,417
30,35,0.8,0.8,1.5,1.5,5,0.07,0.5083149170159366,294
25,35,0.5,0.8,1.5,1.0,7,0.1,0.5082505836737121,426
30,25,0.3,0.8,2.0,1.0,7,0.07,0.5080992865129452,387
20,30,0.3,0.5,1.5,1.0,5,0.1,0.5077761262894469,549
20,30,0.3,0.5,1.5,1.0,7,0.1,0.5077761262894469,549
30,35,0.3,1.2,1.5,2.0,7,0.05,0.507717977716701,279
20,35,0.3,0.8,2.0,1.0,3,0.05,0.5076562530499776,522
20,30,0.3,1.2,2.0,1.0,5,0.05,0.5076475677711746,519
20,30,0.3,0.8,2.0,1.0,3,0.07,0.5074478052719612,540
30,35,0.5,1.2,1.2,2.0,7,0.1,0.5070706430010385,279
30,35,0.5,1.2,2.0,2.0,7,0.1,0.5062652674528814,276
30,35,0.3,1.2,1.2,2.0,3,0.05,0.504818015475173,294
20,30,0.5,1.2,1.2,1.0,7,0.1,0.5043986516219751,531
20,30,0.5,1.2,1.2,1.0,5,0.1,0.5043986516219751,531
25,30,0.8,1.2,2.0,2.0,5,0.1,0.5043128417344626,330
25,30,0.8,1.2,1.5,2.0,5,0.1,0.5043128417344626,330
30,35,0.5,1.2,1.2,2.0,7,0.07,0.5037467711703295,279
25,30,0.8,0.5,1.2,2.0,5,0.07,0.5036918167096172,336
20,35,0.5,0.5,1.5,1.0,5,0.07,0.5033247180134593,504
30,30,0.5,1.2,2.0,2.0,7,0.07,0.5024023619236363,294
20,35,0.3,1.2,2.0,1.0,7,0.05,0.5017146403911822,498
30,30,0.8,0.5,1.5,1.5,5,0.07,0.5015627834927695,315
20,35,0.8,1.2,1.5,1.5,3,0.1,0.5014755292277053,441
30,30,0.8,0.5,1.5,1.5,5,0.1,0.5012753344577578,315
30,30,0.8,1.2,1.2,1.5,5,0.05,0.5008031263871326,318
25,25,0.8,0.5,1.5,1.0,5,0.07,0.5006242316676166,450
30,35,0.8,1.2,1.2,1.5,5,0.1,0.5004614031464742,300
20,35,0.8,0.5,2.0,1.5,3,0.07,0.5003483974649864,441
25,30,0.5,0.8,1.5,1.0,7,0.07,0.5002845142951142,444
30,30,0.5,1.2,1.2,2.0,7,0.07,0.4995738854992156,297
30,35,0.5,0.8,1.5,2.0,7,0.07,0.4989940361466985,279
20,30,0.8,1.2,2.0,1.5,7,0.05,0.49854686848124563,423
20,25,0.8,0.5,1.5,2.0,7,0.1,0.4984202728255125,420
20,35,0.8,0.5,1.2,1.5,3,0.07,0.4981477259001212,447
20,30,0.3,0.5,2.0,1.0,3,0.07,0.4977883981088633,543
30,35,0.5,0.8,1.5,2.0,7,0.1,0.4958275345027839,279
25,30,0.8,0.8,1.2,2.0,5,0.1,0.49561301507928296,333
20,25,0.8,0.8,1.2,2.0,5,0.05,0.49502282398420155,423
20,35,0.3,0.5,2.0,1.0,3,0.05,0.494989020063003,525
20,25,0.8,0.8,2.0,2.0,7,0.1,0.49449955862899575,414
30,25,0.5,0.8,2.0,1.0,7,0.05,0.49427278108506895,384
20,30,0.3,0.8,2.0,1.0,3,0.1,0.49384710853678926,540
30,35,0.8,1.2,1.2,1.5,5,0.07,0.4938098280603749,300
30,35,0.8,0.5,1.5,1.5,5,0.1,0.49330416086813167,297
20,35,0.8,1.2,2.0,1.5,3,0.1,0.4932223677114947,435
30,25,0.8,0.8,1.5,2.0,3,0.07,0.4929369709343104,321
30,25,0.8,0.8,2.0,2.0,3,0.07,0.4929369709343104,321
20,30,0.3,0.8,1.5,1.0,5,0.07,0.4923777141827172,546
20,30,0.3,0.8,1.5,1.0,7,0.07,0.4923777141827172,546
25,35,0.5,0.5,1.5,1.0,7,0.1,0.49181105829065136,429
25,35,0.8,1.2,2.0,2.0,5,0.07,0.4915600210208119,312
25,35,0.8,1.2,1.5,2.0,5,0.07,0.4915600210208119,312
30,25,0.3,1.2,1.5,1.0,5,0.1,0.4903507563106059,396
25,25,0.8,0.5,2.0,1.0,7,0.05,0.4900878865199543,429
30,30,0.5,1.2,1.2,2.0,7,0.1,0.4894992240273984,297
20,25,0.5,0.8,2.0,1.0,3,0.07,0.48948153019135243,546
20,25,0.5,1.2,2.0,1.0,3,0.05,0.48864474694882365,540
25,30,0.5,0.5,1.5,1.0,7,0.07,0.4885189025566928,447
30,25,0.5,0.8,1.2,1.0,3,0.05,0.48843514663416204,417
20,35,0.8,1.2,1.2,1.5,3,0.1,0.48752976721673275,441
20,35,0.5,1.2,1.2,1.0,5,0.1,0.4865744094861832,513
20,35,0.5,1.2,1.2,1.0,7,0.1,0.4865744094861832,513
30,25,0.5,0.5,1.5,1.0,7,0.05,0.48654332907799985,402
20,35,0.3,1.2,2.0,1.0,5,0.05,0.48639323696125475,501
30,35,0.3,1.2,2.0,2.0,7,0.1,0.48598643520621293,276
20,25,0.8,0.5,1.5,2.0,3,0.07,0.4856693493612173,453
20,25,0.8,0.5,2.0,2.0,3,0.07,0.4856693493612173,453
30,25,0.8,0.8,1.2,2.0,5,0.05,0.4856379830845645,309
30,25,0.3,0.8,1.5,1.0,5,0.1,0.48498836885724406,402
20,35,0.3,1.2,1.5,1.0,5,0.1,0.4849656708739142,525
20,35,0.3,1.2,1.5,1.0,7,0.1,0.4849656708739142,525
20,35,0.5,1.2,1.5,2.0,7,0.07,0.4849291177353482,402
20,30,0.5,1.2,2.0,1.0,5,0.07,0.4847780959996147,495
20,35,0.5,1.2,2.0,1.0,5,0.07,0.48455056474193725,477
20,30,0.3,0.5,2.0,1.0,3,0.1,0.484271430777407,543
20,30,0.3,0.5,1.5,1.0,5,0.07,0.4840180731670523,549
20,30,0.3,0.5,1.5,1.0,7,0.07,0.4840180731670523,549
30,25,0.3,0.8,1.2,1.0,3,0.05,0.48382428594233207,420
30,25,0.8,0.5,1.2,2.0,5,0.07,0.4836749146280715,315
30,25,0.5,1.2,2.0,1.0,7,0.05,0.4833881418001939,378
30,25,0.3,0.5,2.0,1.0,7,0.1,0.48327454885817184,393
30,35,0.3,0.8,1.5,2.0,7,0.1,0.4828656998889196,282
30,35,0.8,1.2,2.0,1.5,5,0.05,0.48255813191087354,285
25,30,0.8,0.5,1.2,2.0,5,0.1,0.48243845222691006,336
20,25,0.8,0.8,1.2,2.0,3,0.1,0.4823791819073538,447
25,30,0.5,1.2,1.5,1.0,7,0.05,0.48231179053076983,441
30,30,0.5,1.2,1.2,2.0,3,0.05,0.4818930323193779,312
30,25,0.8,0.5,1.2,2.0,3,0.05,0.48155210020222655,327
20,30,0.5,1.2,1.5,2.0,7,0.07,0.4815203268639567,420
20,35,0.5,0.8,1.5,1.0,5,0.05,0.48131013531594624,501
30,30,0.5,1.2,2.0,2.0,7,0.1,0.48119626939890264,294
25,35,0.8,1.2,1.2,2.0,5,0.05,0.48075500490630424,312
20,35,0.5,1.2,1.2,2.0,7,0.07,0.48073690272645947,405
30,35,0.3,1.2,2.0,2.0,7,0.07,0.48042876751463237,276
20,35,0.5,1.2,2.0,1.0,5,0.1,0.48021485686972964,477
20,35,0.8,1.2,2.0,1.5,7,0.05,0.480060163061402,405
30,30,0.5,0.8,1.5,2.0,7,0.07,0.479932051349755,297
20,25,0.5,1.2,2.0,1.0,3,0.1,0.4799027918192241,540
20,30,0.3,0.8,1.5,1.0,7,0.05,0.4794510009953485,546
20,30,0.3,0.8,1.5,1.0,5,0.05,0.4794510009953485,546
25,35,0.8,1.2,2.0,2.0,5,0.1,0.47942262714952466,312
25,35,0.8,1.2,1.5,2.0,5,0.1,0.47942262714952466,312
20,30,0.5,1.2,2.0,2.0,7,0.05,0.4794143813745006,420
30,35,0.3,1.2,1.2,2.0,3,0.07,0.4794005797971188,294
20,25,0.5,0.8,2.0,1.0,3,0.1,0.47928656810610387,546
30,30,0.3,1.2,1.5,2.0,3,0.05,0.47899024106441973,312
30,30,0.3,1.2,2.0,2.0,3,0.05,0.47899024106441973,312
20,30,0.5,1.2,1.2,2.0,7,0.07,0.47856575096081155,423
20,25,0.5,1.2,2.0,1.0,3,0.07,0.4782259699119282,540
20,35,0.3,0.8,2.0,1.0,3,0.07,0.47820761157080827,522
20,25,0.8,0.5,1.2,2.0,7,0.1,0.4780297713386025,423
20,30,0.5,0.8,2.0,1.0,5,0.05,0.47780889583845193,498
20,35,0.3,0.8,2.0,1.0,3,0.1,0.4773825040656817,522
20,30,0.5,1.2,1.2,1.0,5,0.07,0.47670662051574847,531
20,30,0.5,1.2,1.2,1.0,7,0.07,0.47670662051574847,531
20,30,0.5,0.8,1.2,2.0,7,0.05,0.4766361406938421,426
25,35,0.8,0.8,1.2,2.0,5,0.07,0.47646403750370436,315
30,35,0.3,0.8,1.5,2.0,7,0.07,0.4762826724272671,282
30,35,0.8,0.5,1.5,1.5,5,0.07,0.4756426527628971,297
30,35,0.5,1.2,1.2,2.0,3,0.05,0.4753328828356607,294
30,25,0.8,0.5,1.2,2.0,3,0.07,0.4751361656385369,327
30,25,0.3,0.5,1.5,1.0,7,0.05,0.4744587521794464,405
20,30,0.3,0.8,2.0,1.0,7,0.05,0.47373093216112117,519
30,35,0.3,1.2,1.2,2.0,7,0.1,0.47370283965197413,282
20,30,0.5,0.8,1.5,2.0,7,0.05,0.4736575210064325,423
20,35,0.5,1.2,2.0,2.0,7,0.05,0.4730544994021997,402
30,25,0.8,0.8,1.5,2.0,3,0.1,0.4730316592097731,321
30,25,0.8,0.8,2.0,2.0,3,0.1,0.4730316592097731,321
20,35,0.5,0.8,1.2,2.0,7,0.05,0.47267211286795363,408
25,30,0.8,1.2,2.0,2.0,5,0.05,0.4720645741944664,330
25,30,0.8,1.2,1.5,2.0,5,0.05,0.4720645741944664,330
30,25,0.8,1.2,2.0,2.0,5,0.05,0.47205557761888917,300
30,25,0.8,1.2,1.5,2.0,5,0.05,0.47205557761888917,300
30,30,0.3,1.2,1.2,2.0,3,0.07,0.47163915230827796,312
30,30,0.8,0.8,1.5,1.5,5,0.05,0.47159921692664003,312
20,30,0.5,1.2,2.0,1.0,5,0.1,0.4715886855385506,495
20,35,0.5,0.8,2.0,1.0,5,0.05,0.47146447611133546,480
20,25,0.5,1.2,1.5,1.0,7,0.1,0.4711044056924851,540
20,30,0.3,0.5,1.5,1.0,5,0.05,0.47099253109520123,549
20,30,0.3,0.5,1.5,1.0,7,0.05,0.47099253109520123,549
25,35,0.8,0.8,1.2,2.0,5,0.1,0.4703446909916588,315
20,25,0.5,0.8,1.5,1.0,7,0.1,0.47030242511952947,546
20,35,0.5,0.8,1.5,2.0,7,0.05,0.46943254175636456,405
30,25,0.5,0.8,1.5,1.0,5,0.07,0.4688977748515528,399
25,30,0.3,1.2,1.5,1.0,3,0.1,0.4686606462543011,468
30,35,0.5,0.5,1.5,2.0,7,0.07,0.4684276417781535,282
20,25,0.8,1.2,1.5,2.0,5,0.05,0.46821761164052,414
20,25,0.8,1.2,2.0,2.0,5,0.05,0.46821761164052,414
20,35,0.5,0.5,1.5,1.0,5,0.05,0.4677536052686138,504
30,35,0.3,1.2,2.0,2.0,3,0.05,0.4671245650642452,294
30,35,0.3,1.2,1.5,2.0,3,0.05,0.4671245650642452,294
20,30,0.8,0.8,1.5,1.5,3,0.1,0.46692673160260784,462
20,30,0.5,0.5,2.0,1.0,5,0.05,0.4668298176995796,501
25,30,0.3,1.2,1.5,1.0,5,0.1,0.4664676583090941,456
25,30,0.3,1.2,1.5,1.0,7,0.1,0.4664676583090941,456
30,25,0.8,0.5,1.2,2.0,5,0.1,0.4663681452442013,315
30,30,0.3,1.2,2.0,2.0,7,0.07,0.46624361535952824,294
30,35,0.3,1.2,1.2,2.0,7,0.07,0.46612806164330806,282
20,35,0.3,0.5,2.0,1.0,3,0.07,0.4657218679212745,525
30,35,0.5,0.5,1.5,2.0,7,0.1,0.4655904977104675,282
20,35,0.3,0.5,2.0,1.0,3,0.1,0.46491739355625467,525
30,30,0.5,0.8,1.5,2.0,7,0.1,0.4647995525259003,297
20,30,0.5,0.5,1.2,2.0,7,0.05,0.46435849902276866,429
20,30,0.5,1.2,1.2,2.0,3,0.05,0.4637089987881489,453
20,30,0.3,0.5,2.0,1.0,7,0.05,0.4635440792661361,522
20,25,0.8,0.8,1.2,2.0,5,0.07,0.46348950507529263,423
30,35,0.8,0.8,2.0,1.5,5,0.1,0.4633425068421774,288
20,35,0.3,1.2,1.5,1.0,5,0.07,0.46257553723758543,525
20,35,0.3,1.2,1.5,1.0,7,0.07,0.46257553723758543,525
20,25,0.5,0.5,2.0,1.0,3,0.05,0.4622837762049795,552
30,30,0.3,1.2,1.2,2.0,7,0.07,0.4619551759721941,300
20,30,0.5,0.5,1.5,2.0,7,0.05,0.46163929204060566,426
20,30,0.3,0.8,2.0,1.0,5,0.05,0.46139039806356974,522
25,25,0.8,0.8,1.5,1.0,5,0.05,0.46105687290863673,444
30,30,0.3,1.2,2.0,2.0,7,0.1,0.46091743715223416,294
30,30,0.5,0.5,1.5,2.0,7,0.07,0.4607904468071419,300
20,30,0.5,0.8,1.2,1.0,7,0.1,0.4601547036563878,534
20,30,0.5,0.8,1.2,1.0,5,0.1,0.4601547036563878,534
30,30,0.5,1.2,1.2,2.0,7,0.05,0.45825895234350095,297
30,25,0.5,1.2,1.5,1.0,5,0.07,0.4581098685258324,393
25,35,0.8,0.5,1.2,2.0,5,0.07,0.45788674746067215,318
25,35,0.5,1.2,2.0,1.0,7,0.1,0.45736318469246273,408
30,30,0.3,0.8,1.5,2.0,7,0.07,0.45722068763032353,300
20,35,0.5,0.5,2.0,1.0,5,0.05,0.4570832759190314,483
20,30,0.8,1.2,2.0,1.5,7,0.07,0.45697943811516584,423
20,25,0.8,1.2,1.2,2.0,5,0.1,0.45645689723314903,414
30,30,0.3,1.2,1.2,2.0,7,0.1,0.45613142067833384,300
20,35,0.5,0.5,1.2,2.0,7,0.05,0.4558231269204541,411
20,30,0.8,1.2,1.5,1.5,7,0.05,0.45574527755042576,432
30,25,0.8,0.5,1.2,2.0,3,0.1,0.45574325966016727,327
20,30,0.8,0.8,2.0,1.5,3,0.1,0.4555343984545589,456
20,35,0.3,0.8,2.0,1.0,7,0.05,0.4554574706835774,501
30,30,0.5,1.2,2.0,2.0,7,0.05,0.45527017047719803,294
20,30,0.8,0.5,1.5,1.5,3,0.1,0.45473463132490877,465
20,30,0.8,1.2,1.2,1.5,7,0.05,0.45438868160873863,441
20,35,0.5,1.2,1.2,2.0,7,0.1,0.4540277840292484,405
30,30,0.8,0.8,2.0,1.5,5,0.07,0.453861753176513,306
20,35,0.5,0.5,1.5,2.0,7,0.05,0.4529346499573143,408
20,30,0.8,0.8,1.2,1.5,3,0.1,0.45276008569115983,462
30,35,0.3,0.5,1.5,2.0,7,0.1,0.4526286630966031,285
30,25,0.3,0.5,2.0,1.0,7,0.07,0.4524886323973979,393
25,30,0.5,1.2,2.0,1.0,7,0.1,0.4521227851805015,426
30,30,0.3,0.8,1.5,2.0,7,0.1,0.451837717912036,300
30,25,0.5,0.5,1.5,1.0,5,0.1,0.4517994017200092,405
20,35,0.5,1.2,1.2,1.0,7,0.07,0.45172940265623035,513
20,35,0.5,1.2,1.2,1.0,5,0.07,0.45172940265623035,513
25,30,0.8,0.8,1.2,2.0,5,0.05,0.45161240313219275,333
20,35,0.3,1.2,1.5,1.0,5,0.05,0.4514848741631825,525
20,35,0.3,1.2,1.5,1.0,7,0.05,0.4514848741631825,525
20,30,0.3,0.5,2.0,1.0,5,0.05,0.4514488659424058,525
25,35,0.8,0.5,1.2,2.0,5,0.1,0.4512108929542999,318
30,30,0.8,0.5,1.5,1.5,5,0.05,0.4510355626386128,315
20,30,0.5,0.5,1.2,1.0,5,0.1,0.450914696261551,537
20,30,0.5,0.5,1.2,1.0,7,0.1,0.450914696261551,537
30,35,0.3,1.2,1.2,2.0,3,0.1,0.4501456794630655,294
30,35,0.5,1.2,1.2,2.0,3,0.07,0.4500193420183886,294
30,35,0.8,0.8,2.0,1.5,5,0.07,0.44963382195612656,288
30,30,0.5,1.2,1.5,2.0,3,0.05,0.44950510842490743,312
30,30,0.5,1.2,2.0,2.0,3,0.05,0.44950510842490743,312
25,35,0.5,0.8,1.5,1.0,7,0.07,0.4494814592545399,426
25,25,0.8,1.2,1.5,1.0,5,0.05,0.44897322834964587,438
30,25,0.3,0.8,2.0,1.0,7,0.05,0.4489365313713377,387
30,25,0.8,0.5,2.0,2.0,3,0.05,0.44851908415016745,327
30,25,0.8,0.5,1.5,2.0,3,0.05,0.44851908415016745,327
20,25,0.8,1.2,2.0,2.0,5,0.07,0.44846708700172666,414
20,25,0.8,1.2,1.5,2.0,5,0.07,0.44846708700172666,414
30,30,0.8,0.8,2.0,1.5,5,0.1,0.4483972337102139,306
20,30,0.3,1.2,1.5,1.0,3,0.1,0.44830825867849344,558
20,25,0.8,0.5,2.0,2.0,7,0.1,0.4478966242302521,420
20,35,0.5,1.2,1.2,2.0,3,0.05,0.44726495031719604,435
20,35,0.8,1.2,2.0,1.5,7,0.07,0.44720365885033336,405
20,25,0.8,0.8,1.5,2.0,3,0.1,0.44688698524693427,447
20,25,0.8,0.8,2.0,2.0,3,0.1,0.44688698524693427,447
30,25,0.3,0.5,1.2,1.0,3,0.07,0.4467489241471189,426
20,30,0.8,0.8,2.0,1.5,7,0.05,0.4460436108958812,426
30,25,0.3,0.5,1.2,1.0,3,0.1,0.4459027523164062,426
30,30,0.5,0.5,1.5,2.0,7,0.1,0.44586058239724424,300
30,25,0.8,0.8,2.0,2.0,5,0.07,0.4458044129756111,309
30,25,0.8,0.8,1.5,2.0,5,0.07,0.4458044129756111,309
30,35,0.3,0.5,1.5,2.0,7,0.07,0.4457162780587223,285
30,25,0.5,0.5,1.2,1.0,3,0.07,0.4456926624898386,423
30,25,0.5,0.5,1.2,1.0,3,0.1,0.4450663335037153,423
30,25,0.3,0.8,1.5,1.0,5,0.07,0.444770112226421,402
20,30,0.5,1.2,1.2,2.0,7,0.1,0.4446878592304488,423
20,25,0.8,0.5,1.2,2.0,5,0.05,0.444593344709632,429
25,30,0.3,1.2,1.5,1.0,3,0.07,0.4435700967485065,468
20,30,0.3,1.2,2.0,1.0,7,0.07,0.44330492599319293,516
25,30,0.5,1.2,1.5,1.0,5,0.1,0.4432551358307327,444
20,30,0.8,0.5,2.0,1.5,3,0.1,0.44314332676210305,459
30,35,0.5,1.2,2.0,2.0,7,0.05,0.44234109062478527,276
20,35,0.5,0.8,1.2,1.0,5,0.1,0.4423304615205959,516
20,35,0.5,0.8,1.2,1.0,7,0.1,0.4423304615205959,516
20,35,0.3,0.5,2.0,1.0,7,0.05,0.4422901946087613,504
25,30,0.8,0.8,1.5,2.0,5,0.07,0.4422846049435903,333
25,30,0.8,0.8,2.0,2.0,5,0.07,0.4422846049435903,333
30,30,0.5,1.2,1.2,2.0,3,0.07,0.44225791452954766,312
20,35,0.5,1.2,1.5,2.0,7,0.1,0.4409596270147634,402
20,30,0.8,0.5,1.2,1.5,3,0.1,0.44056798541346076,465
20,35,0.3,0.8,1.5,1.0,5,0.1,0.4405436802069819,528
20,35,0.3,0.8,1.5,1.0,7,0.1,0.4405436802069819,528
30,30,0.3,1.2,1.2,2.0,7,0.05,0.44042578290119533,300
20,35,0.8,0.8,1.5,1.5,3,0.1,0.44015894960707713,444
20,35,0.3,0.8,2.0,1.0,5,0.05,0.4401360672536499,504
20,30,0.5,0.8,2.0,1.0,5,0.07,0.4400563940787636,498
20,35,0.5,0.8,2.0,1.0,5,0.07,0.439828862821086,480
20,35,0.5,1.2,2.0,2.0,7,0.07,0.4397541583324116,402
20,25,0.5,0.5,2.0,1.0,3,0.07,0.4395942675838554,552
30,30,0.3,1.2,2.0,2.0,7,0.05,0.4395092720625808,294
20,30,0.3,1.2,1.5,1.0,3,0.05,0.43902286423414283,558
25,30,0.8,0.5,1.2,2.0,5,0.05,0.4389891099101789,336
20,30,0.5,1.2,2.0,2.0,3,0.05,0.4389011754652887,453
20,30,0.5,1.2,1.5,2.0,3,0.05,0.4389011754652887,453
20,30,0.5,1.2,2.0,2.0,7,0.07,0.4384293933124244,420
30,30,0.3,0.5,1.5,2.0,7,0.07,0.4380790830877107,303
20,30,0.3,1.2,2.0,1.0,5,0.07,0.4380050645807176,519
20,25,0.5,0.8,1.5,1.0,7,0.07,0.43789371111062014,546
30,35,0.5,1.2,1.2,2.0,7,0.05,0.43771429139071466,279
30,25,0.5,0.5,2.0,1.0,7,0.05,0.4376651214927713,390
30,35,0.5,1.2,2.0,2.0,3,0.05,0.43763943242473274,294
30,35,0.5,1.2,1.5,2.0,3,0.05,0.43763943242473274,294
20,30,0.5,1.2,1.2,1.0,5,0.05,0.43672236034697814,531
20,30,0.5,1.2,1.2,1.0,7,0.05,0.43672236034697814,531
30,25,0.3,1.2,2.0,1.0,7,0.05,0.43663541805242473,381
30,30,0.8,0.8,1.2,1.5,5,0.07,0.43609610674961463,321
30,35,0.5,0.8,2.0,2.0,7,0.07,0.4359513650449277,279
20,35,0.5,0.8,2.0,1.0,5,0.1,0.43584753508673013,480
20,35,0.5,0.8,1.5,2.0,7,0.07,0.4354385061480313,405
20,30,0.3,1.2,2.0,1.0,7,0.1,0.4348074918052792,516
30,25,0.5,1.2,1.2,1.0,3,0.1,0.4342836327498332,411
30,35,0.3,1.2,1.5,2.0,3,0.07,0.4341159571521243,294
30,35,0.3,1.2,2.0,2.0,3,0.07,0.4341159571521243,294
30,25,0.5,1.2,1.2,1.0,3,0.07,0.4340667885097588,411
20,30,0.8,0.5,2.0,1.5,7,0.05,0.4338308733525436,429
30,30,0.8,0.5,2.0,1.5,5,0.07,0.43377416745366765,309
30,25,0.3,1.2,1.5,1.0,5,0.07,0.43374002524973726,396
25,30,0.3,1.2,2.0,1.0,3,0.05,0.43365022986646573,450
30,30,0.5,0.8,1.5,2.0,7,0.05,0.43352145396091524,297
25,35,0.5,0.5,1.5,1.0,7,0.07,0.4334959982692794,429
30,30,0.3,0.5,1.5,2.0,7,0.1,0.4328987477833798,303
20,30,0.3,1.2,1.2,1.0,7,0.1,0.4327553502322355,555
20,30,0.3,1.2,1.2,1.0,5,0.1,0.4327553502322355,555
20,30,0.5,0.8,1.2,1.0,5,0.07,0.43246267255016113,534
20,30,0.5,0.8,1.2,1.0,7,0.07,0.43246267255016113,534
30,30,0.3,1.2,2.0,2.0,3,0.07,0.4322528067516117,312
30,30,0.3,1.2,1.5,2.0,3,0.07,0.4322528067516117,312
20,35,0.8,0.8,2.0,1.5,3,0.1,0.43223969812397933,438
30,35,0.8,0.8,1.5,1.5,5,0.05,0.4321832375523619,294
20,30,0.5,1.2,1.5,2.0,7,0.1,0.4321420642072595,420
20,30,0.5,0.8,1.5,2.0,7,0.07,0.4320297152766396,423
20,30,0.3,1.2,1.5,1.0,3,0.07,0.4320028259094129,558
20,25,0.8,0.5,1.2,2.0,3,0.1,0.4319976648881784,453
30,25,0.8,0.5,1.5,2.0,3,0.07,0.43177333105229665,327
30,25,0.8,0.5,2.0,2.0,3,0.07,0.43177333105229665,327
30,30,0.3,0.8,1.5,2.0,7,0.05,0.4315415679044884,300
20,35,0.3,1.2,2.0,1.0,7,0.1,0.43147065594313866,498
25,30,0.3,1.2,2.0,1.0,3,0.07,0.4314177229614747,450
30,25,0.3,1.2,1.2,1.0,3,0.07,0.43091560855714833,414
30,25,0.3,1.2,1.2,1.0,3,0.1,0.43090712825434146,414
20,35,0.5,0.5,1.2,1.0,7,0.1,0.4302721849209584,519
20,35,0.5,0.5,1.2,1.0,5,0.1,0.4302721849209584,519
30,35,0.8,0.5,2.0,1.5,5,0.1,0.43023279132653963,291
25,30,0.8,0.5,2.0,2.0,5,0.07,0.43022983657333996,336
25,30,0.8,0.5,1.5,2.0,5,0.07,0.43022983657333996,336
25,25,0.8,1.2,1.5,2.0,7,0.07,0.4301665088023578,345
20,25,0.5,0.5,2.0,1.0,3,0.1,0.43011695006341777,552
20,35,0.5,0.8,1.2,2.0,7,0.07,0.4298489199677596,408
20,30,0.5,0.8,2.0,2.0,7,0.05,0.4297103868784976,423
20,35,0.3,0.5,1.5,1.0,5,0.1,0.4295624099798571,531
20,35,0.3,0.5,1.5,1.0,7,0.1,0.4295624099798571,531
20,30,0.5,0.5,2.0,1.0,5,0.07,0.42945964268313586,501
20,35,0.3,1.2,2.0,1.0,7,0.07,0.4294328107964623,498
25,35,0.5,1.2,1.5,1.0,7,0.05,0.428557041170137,423
30,25,0.3,0.5,1.5,1.0,5,0.1,0.42788237507906646,408
30,30,0.8,0.5,2.0,1.5,5,0.1,0.42784014872654375,309
20,30,0.5,0.8,1.2,2.0,7,0.07,0.4276777682021116,426
20,35,0.8,0.8,2.0,1.5,7,0.05,0.42755690547603753,408
20,35,0.3,0.5,2.0,1.0,5,0.05,0.42735500380410973,507
20,30,0.5,0.8,2.0,1.0,5,0.1,0.4272213637555509,498
30,35,0.8,1.2,1.2,1.5,5,0.05,0.42697546833863587,300
30,25,0.8,1.2,1.2,1.5,7,0.1,0.42684404407972193,339
20,30,0.3,1.2,2.0,1.0,5,0.1,0.4267073870126911,519
20,25,0.5,0.5,1.5,1.0,7,0.1,0.42661631039302367,552
30,35,0.3,1.2,2.0,2.0,7,0.05,0.4265801922101682,276
20,25,0.5,1.2,1.5,1.0,7,0.07,0.42655056341485537,540
20,35,0.8,0.8,1.2,1.5,3,0.1,0.4259923036956292,444
20,35,0.5,0.5,2.0,1.0,5,0.07,0.4259243693993659,483
30,35,0.5,0.8,1.5,2.0,7,0.05,0.425791279718074,279
30,35,0.5,0.8,2.0,2.0,7,0.1,0.42574976804818776,279
30,25,0.8,0.5,1.2,2.0,5,0.05,0.42559406270414535,315
20,35,0.8,1.2,1.5,1.5,7,0.05,0.4249082041875437,414
25,30,0.3,1.2,1.5,1.0,5,0.07,0.4249011931588907,456
25,30,0.3,1.2,1.5,1.0,7,0.07,0.4249011931588907,456
25,30,0.3,1.2,2.0,1.0,3,0.1,0.4246532199183159,450
30,25,0.5,0.5,1.2,1.0,3,0.05,0.4240027500649212,423
30,35,0.3,0.8,1.5,2.0,7,0.05,0.42381139366164705,282
30,30,0.8,0.8,1.2,1.5,5,0.1,0.4236087790401334,321
20,30,0.3,1.2,1.2,2.0,5,0.05,0.4235608776847615,450
25,35,0.3,1.2,2.0,1.0,3,0.1,0.42348203091691927,432
20,35,0.8,0.5,1.5,1.5,3,0.1,0.4233622175153025,447
20,35,0.5,0.8,2.0,2.0,7,0.05,0.42335050490619663,405
30,30,0.3,1.2,1.2,2.0,3,0.1,0.4233301220775312,312
20,30,0.5,0.5,1.2,1.0,7,0.07,0.4232993888140433,537
20,30,0.5,0.5,1.2,1.0,5,0.07,0.4232993888140433,537
25,30,0.5,0.8,1.5,1.0,7,0.05,0.42285110472951504,444
20,35,0.3,1.2,2.0,1.0,5,0.07,0.42283315706358887,501
20,35,0.3,1.2,2.0,1.0,5,0.1,0.4222351648253468,501
20,35,0.5,0.5,2.0,1.0,5,0.1,0.42191261964590004,483
30,30,0.5,0.8,2.0,2.0,7,0.07,0.4217662128898236,297
30,35,0.5,0.8,1.2,2.0,7,0.1,0.421624001578525,282
20,35,0.5,1.2,2.0,2.0,3,0.05,0.4207441429641234,435
20,35,0.5,1.2,1.5,2.0,3,0.05,0.4207441429641234,435
20,30,0.5,0.5,1.5,2.0,7,0.07,0.4207275103672937,426
20,30,0.3,1.2,1.2,1.0,7,0.07,0.4206278031406427,555
20,30,0.3,1.2,1.2,1.0,5,0.07,0.4206278031406427,555
25,30,0.5,1.2,2.0,1.0,7,0.07,0.42018514890066655,426
30,35,0.5,1.2,1.2,2.0,3,0.1,0.42001592465853604,294
20,35,0.5,0.5,1.5,2.0,7,0.07,0.419928944495928,408
30,35,0.3,1.2,1.2,2.0,7,0.05,0.4198811219484091,282
20,25,0.8,0.8,1.5,2.0,5,0.05,0.41943752520949645,423
20,25,0.8,0.8,2.0,2.0,5,0.05,0.41943752520949645,423
30,25,0.3,0.5,1.2,1.0,3,0.05,0.41939188937309096,426
30,30,0.3,0.8,1.2,2.0,3,0.05,0.4184473492129487,315
30,30,0.8,0.5,1.2,1.5,5,0.07,0.4184087622052267,324
30,35,0.5,0.8,1.2,2.0,7,0.07,0.4181002029058056,282
20,30,0.5,0.5,2.0,2.0,7,0.05,0.41769215791267084,426
20,35,0.3,0.8,1.5,1.0,5,0.07,0.4175455027328389,528
20,35,0.3,0.8,1.5,1.0,7,0.07,0.4175455027328389,528
30,35,0.8,0.5,2.0,1.5,5,0.07,0.41750818579276,291
20,30,0.3,1.2,1.2,1.0,3,0.1,0.4167952720759612,567
20,30,0.5,0.5,2.0,1.0,5,0.1,0.4166360377885548,501
25,35,0.3,1.2,2.0,1.0,3,0.07,0.4164864945442544,432
20,30,0.5,0.5,1.2,2.0,7,0.07,0.41611036211286045,429
25,30,0.3,1.2,1.5,1.0,3,0.05,0.41568199763033614,468
20,25,0.8,0.5,1.2,2.0,5,0.07,0.41500284367361895,429
20,35,0.8,0.5,2.0,1.5,3,0.1,0.41500227474190626,441
30,30,0.5,0.5,1.5,2.0,7,0.05,0.41453068523988656,300
25,30,0.8,0.8,1.5,2.0,5,0.1,0.414405250817209,333
25,30,0.8,0.8,2.0,2.0,5,0.1,0.414405250817209,333
20,35,0.5,0.5,1.2,2.0,7,0.07,0.4139904912007218,411
30,30,0.5,0.8,1.2,2.0,7,0.07,0.41392731723469167,300
25,25,0.8,0.8,1.2,1.0,5,0.1,0.4136756814660772,456
25,25,0.8,0.8,1.2,1.0,7,0.1,0.4136756814660772,456
20,30,0.8,1.2,1.2,1.5,7,0.07,0.4132111634586468,441
30,25,0.8,0.5,2.0,2.0,3,0.1,0.41318587064400575,327
30,25,0.8,0.5,1.5,2.0,3,0.1,0.41318587064400575,327
30,25,0.8,0.8,2.0,2.0,5,0.1,0.41257294053366655,309
30,25,0.8,0.8,1.5,2.0,5,0.1,0.41257294053366655,309
30,30,0.3,0.5,1.5,2.0,7,0.05,0.4125507991834596,303
20,35,0.8,1.2,1.2,1.5,7,0.05,0.41211206178646237,423
30,35,0.3,0.8,1.2,2.0,3,0.05,0.4118871997292314,297
20,30,0.8,1.2,1.5,1.5,7,0.07,0.41162900389637647,432
30,25,0.5,0.5,1.5,1.0,5,0.07,0.4116061906338518,405
25,35,0.5,1.2,2.0,1.0,7,0.07,0.4113670080118226,408
20,30,0.3,1.2,1.2,1.0,3,0.05,0.4113597217050062,567
25,30,0.5,0.5,1.5,1.0,7,0.05,0.4112358537661342,447
25,35,0.3,1.2,1.5,1.0,3,0.1,0.41102735693462716,450
30,30,0.8,0.8,2.0,1.5,5,0.05,0.41070234879401474,306
20,35,0.8,0.5,2.0,1.5,7,0.05,0.4106961241549793,411
25,25,0.8,1.2,1.5,2.0,7,0.1,0.41041570558125795,345
30,25,0.5,1.2,1.2,1.0,3,0.05,0.4096579990611914,411
30,35,0.3,0.8,2.0,2.0,7,0.1,0.4092055705805517,279
20,35,0.8,0.5,1.2,1.5,3,0.1,0.40919557160385456,447
20,30,0.3,1.2,1.2,2.0,7,0.05,0.40916947431022543,447
25,25,0.8,0.5,1.5,1.0,5,0.05,0.40898985359928913,450
25,35,0.3,1.2,1.5,1.0,7,0.1,0.40873808856499527,438
25,35,0.3,1.2,1.5,1.0,5,0.1,0.40873808856499527,438
20,30,0.3,1.2,1.2,1.0,5,0.05,0.4086832636121862,555
20,30,0.3,1.2,1.2,1.0,7,0.05,0.4086832636121862,555
30,35,0.3,1.2,1.5,2.0,3,0.1,0.40807277564305416,294
30,35,0.3,1.2,2.0,2.0,3,0.1,0.40807277564305416,294
25,30,0.3,0.8,1.5,1.0,5,0.1,0.4078408175287953,459
25,30,0.3,0.8,1.5,1.0,7,0.1,0.4078408175287953,459
25,35,0.8,1.2,2.0,2.0,5,0.05,0.4075018561078766,312
25,35,0.8,1.2,1.5,2.0,5,0.05,0.4075018561078766,312
20,35,0.5,0.8,1.2,1.0,5,0.07,0.4074854546906431,516
20,35,0.5,0.8,1.2,1.0,7,0.07,0.4074854546906431,516
20,35,0.3,0.5,1.5,1.0,7,0.07,0.40691352231709144,531
20,35,0.3,0.5,1.5,1.0,5,0.07,0.40691352231709144,531
20,35,0.5,0.5,2.0,2.0,7,0.05,0.4068526131071463,408
25,35,0.3,1.2,2.0,1.0,3,0.05,0.40679453253949543,432
25,30,0.3,0.8,1.5,1.0,3,0.1,0.40657318276711335,471
20,35,0.5,1.2,1.2,1.0,7,0.05,0.40650966742765243,513
20,35,0.5,1.2,1.2,1.0,5,0.05,0.40650966742765243,513
20,35,0.3,0.8,1.5,1.0,7,0.05,0.40627948496480965,528
20,35,0.3,0.8,1.5,1.0,5,0.05,0.40627948496480965,528
30,25,0.8,1.2,2.0,1.5,7,0.1,0.40613287657789576,318
30,35,0.5,0.5,2.0,2.0,7,0.07,0.4053849706763828,282
30,30,0.8,0.5,1.2,1.5,5,0.1,0.40537471206352055,324
20,30,0.5,0.8,1.2,2.0,3,0.05,0.40525869103156087,456
20,30,0.8,0.8,2.0,1.5,7,0.07,0.4052479152698776,426
30,35,0.5,1.2,2.0,2.0,3,0.07,0.4047347193733941,294
30,35,0.5,1.2,1.5,2.0,3,0.07,0.4047347193733941,294
30,30,0.5,0.8,1.2,2.0,7,0.1,0.40405258260488475,300
20,35,0.5,0.8,1.2,2.0,7,0.1,0.4032394411903583,408
30,30,0.5,1.2,1.5,2.0,3,0.07,0.4028715689728815,312
30,30,0.5,1.2,2.0,2.0,3,0.07,0.4028715689728815,312
20,30,0.3,1.2,1.2,1.0,3,0.07,0.402834361324561,567
20,30,0.3,1.2,1.5,2.0,7,0.05,0.40274432467926846,444
30,30,0.5,0.5,2.0,2.0,7,0.07,0.4026246083472106,300
25,30,0.8,0.5,2.0,2.0,5,0.1,0.40207342886552916,336
25,30,0.8,0.5,1.5,2.0,5,0.1,0.40207342886552916,336
30,35,0.3,0.8,2.0,2.0,7,0.07,0.40198157819242314,279
20,30,0.8,0.8,1.5,1.5,7,0.05,0.40193109115980435,435
25,35,0.8,0.8,1.5,2.0,5,0.07,0.4015317864369756,315
25,35,0.8,0.8,2.0,2.0,5,0.07,0.4015317864369756,315
30,25,0.8,1.2,2.0,1.5,7,0.07,0.4008403927146395,318
30,25,0.3,1.2,1.2,1.0,3,0.05,0.400765906780752,414
30,30,0.5,0.8,2.0,2.0,7,0.1,0.40068076999420915,297
20,30,0.8,0.8,1.2,1.5,7,0.05,0.40049033409356005,444
30,35,0.8,0.5,1.5,1.5,5,0.05,0.4001956022944482,297
20,30,0.3,0.8,1.5,1.0,3,0.1,0.39912046118079775,561
20,30,0.5,1.2,1.2,2.0,3,0.07,0.3981568008934089,453
25,25,0.8,1.2,1.2,2.0,7,0.07,0.3976656707662875,348
20,30,0.3,0.8,2.0,1.0,7,0.07,0.39725243863797316,519
20,25,0.8,0.5,2.0,2.0,3,0.1,0.3970309498350955,453
20,25,0.8,0.5,1.5,2.0,3,0.1,0.3970309498350955,453
25,25,0.8,0.8,1.2,1.0,5,0.07,0.3965616261945829,456
25,25,0.8,0.8,1.2,1.0,7,0.07,0.3965616261945829,456
30,35,0.8,0.8,1.2,1.5,5,0.1,0.3963404273142049,303
30,30,0.3,0.5,1.2,2.0,3,0.05,0.3960138598884557,318
25,35,0.5,0.8,2.0,1.0,7,0.1,0.3959140715746779,411
25,30,0.3,0.5,1.5,1.0,7,0.1,0.39579530436390736,462
25,30,0.3,0.5,1.5,1.0,5,0.1,0.39579530436390736,462
30,30,0.8,0.8,1.2,1.5,5,0.05,0.39579048395647976,321
30,35,0.5,0.5,1.5,2.0,7,0.05,0.39578437982206555,282
20,35,0.5,0.5,1.2,1.0,7,0.07,0.39560059971814016,519
20,35,0.5,0.5,1.2,1.0,5,0.07,0.39560059971814016,519
20,35,0.3,0.5,1.5,1.0,5,0.05,0.39556353552272944,531
20,35,0.3,0.5,1.5,1.0,7,0.05,0.39556353552272944,531
30,25,0.8,1.2,1.5,1.5,7,0.1,0.3955361058828756,327
30,35,0.5,0.5,2.0,2.0,7,0.1,0.3955127312558713,282
20,35,0.8,0.8,2.0,1.5,7,0.07,0.39547213600504505,408
30,25,0.8,1.2,1.2,1.5,7,0.07,0.39508097861713215,339
20,35,0.3,1.2,1.2,1.0,7,0.1,0.3948129024382058,537
20,35,0.3,1.2,1.2,1.0,5,0.1,0.3948129024382058,537
25,30,0.3,0.5,1.5,1.0,3,0.1,0.394168516169626,474
30,30,0.5,0.5,1.2,2.0,7,0.07,0.39412879405577633,303
20,25,0.5,0.5,1.5,1.0,7,0.07,0.3939014147994269,552
20,30,0.5,0.8,1.2,2.0,7,0.1,0.39389951639155873,426
30,35,0.3,0.5,1.5,2.0,7,0.05,0.3938044937656386,285
20,30,0.8,0.5,2.0,1.5,7,0.07,0.39374025758734865,429
30,30,0.5,1.2,1.2,2.0,3,0.1,0.39320036727300195,312
20,30,0.5,0.8,1.2,1.0,7,0.05,0.392458051852195,534
20,30,0.5,0.8,1.2,1.0,5,0.05,0.392458051852195,534
30,25,0.3,0.5,2.0,1.0,7,0.05,0.3923288717790402,393
30,25,0.8,0.8,2.0,2.0,5,0.05,0.39229239695983315,309
30,25,0.8,0.8,1.5,2.0,5,0.05,0.39229239695983315,309
25,30,0.5,1.2,1.5,1.0,5,0.07,0.3921301876334257,444
20,30,0.3,0.8,2.0,1.0,5,0.07,0.3919525772254976,522
20,30,0.5,0.5,1.2,2.0,3,0.05,0.39177956944940345,459
20,35,0.5,0.8,1.5,2.0,7,0.1,0.3915080223348231,405
20,35,0.3,1.2,1.2,2.0,5,0.05,0.3914761190230783,432
20,25,0.5,0.8,1.5,1.0,7,0.05,0.391410256005134,546
25,25,0.8,1.2,1.2,2.0,7,0.1,0.3910979335455623,348
30,30,0.8,0.5,2.0,1.5,5,0.05,0.3908718330994944,309
20,35,0.5,0.8,2.0,2.0,7,0.07,0.3907223451999307,405
20,35,0.5,1.2,2.0,2.0,7,0.1,0.39068713578641223,402
25,30,0.5,0.8,2.0,1.0,7,0.1,0.39067367206271675,429
30,35,0.3,0.8,1.2,2.0,7,0.1,0.39049935713436795,285
30,35,0.5,0.5,1.2,2.0,7,0.1,0.3903865314942615,285
20,30,0.3,0.5,1.5,1.0,3,0.1,0.3902046568356969,564
20,30,0.8,0.5,1.5,1.5,7,0.05,0.3896744396321616,438
25,35,0.8,0.8,1.5,2.0,5,0.1,0.3895150362322708,315
25,35,0.8,0.8,2.0,2.0,5,0.1,0.3895150362322708,315
20,30,0.5,0.8,2.0,2.0,7,0.07,0.38939758017994364,423
30,35,0.8,0.8,1.2,1.5,5,0.07,0.3893908158507024,303
20,30,0.3,0.8,2.0,1.0,7,0.1,0.38935782765421384,519
20,30,0.8,0.5,1.2,1.5,7,0.05,0.3892184322421557,447
20,30,0.3,0.8,1.5,1.0,3,0.05,0.3889375640323011,561
20,35,0.5,0.8,1.2,2.0,3,0.05,0.388814642560608,438
25,35,0.8,0.8,1.2,2.0,5,0.05,0.38864856511899665,315
30,25,0.8,0.5,1.5,2.0,5,0.07,0.3883425897834067,315
30,25,0.8,0.5,2.0,2.0,5,0.07,0.3883425897834067,315
20,35,0.8,1.2,1.5,1.5,7,0.07,0.38808437109484534,414
20,35,0.5,0.5,1.2,2.0,7,0.1,0.3879301850193692,411
25,35,0.5,1.2,1.5,1.0,5,0.1,0.3878111256151723,426
30,30,0.3,0.8,2.0,2.0,7,0.07,0.3877964260373189,297
20,30,0.3,0.5,2.0,1.0,7,0.07,0.3875508674368291,522
30,25,0.3,0.5,1.5,1.0,5,0.07,0.3874785280087198,408
30,30,0.5,0.8,1.2,2.0,3,0.05,0.3871287042067107,315
20,30,0.3,0.8,1.2,1.0,5,0.1,0.38689404294802643,558
20,30,0.3,0.8,1.2,1.0,7,0.1,0.38689404294802643,558
30,35,0.3,0.8,1.2,2.0,3,0.07,0.3865820643336596,297
30,35,0.5,0.5,1.2,2.0,7,0.07,0.38649193015244826,285
30,30,0.3,1.2,1.5,2.0,3,0.1,0.38611122894159444,312
30,30,0.3,1.2,2.0,2.0,3,0.1,0.38611122894159444,312
30,30,0.3,0.8,2.0,2.0,3,0.05,0.38605942531847803,315
30,30,0.3,0.8,1.5,2.0,3,0.05,0.38605942531847803,315
20,35,0.3,0.8,2.0,1.0,7,0.1,0.38602099179207344,501
20,35,0.5,1.2,1.2,2.0,3,0.07,0.38577903727500673,435
25,35,0.3,1.2,1.5,1.0,3,0.07,0.3856978784752221,450
20,30,0.5,1.2,2.0,2.0,7,0.1,0.38453701009141833,420
20,25,0.5,0.8,2.0,1.0,7,0.05,0.3844888503151395,522
30,30,0.5,0.5,1.2,2.0,7,0.1,0.3844831968801253,303
25,30,0.5,0.8,1.5,1.0,5,0.1,0.3844107891420762,447
20,25,0.8,0.8,1.5,2.0,5,0.07,0.38422932161236845,423
20,25,0.8,0.8,2.0,2.0,5,0.07,0.38422932161236845,423
25,35,0.8,0.5,1.5,2.0,5,0.07,0.38414084727700776,318
25,35,0.8,0.5,2.0,2.0,5,0.07,0.38414084727700776,318
30,30,0.3,0.8,2.0,2.0,7,0.1,0.3841365725265732,297
20,35,0.3,0.8,2.0,1.0,7,0.07,0.3833803234412424,501
20,30,0.5,0.5,1.2,1.0,7,0.05,0.3830863757040758,537
20,30,0.5,0.5,1.2,1.0,5,0.05,0.3830863757040758,537
20,30,0.5,0.5,1.2,2.0,7,0.1,0.3827253698470305,429
20,30,0.5,0.8,1.5,2.0,7,0.1,0.382690459527319,423
20,30,0.3,0.5,2.0,1.0,5,0.07,0.38236785720962746,525
30,35,0.3,0.8,1.2,2.0,7,0.07,0.38234859578184116,285
20,30,0.3,0.8,1.5,1.0,3,0.07,0.3821106060491715,561
30,30,0.5,0.5,2.0,2.0,7,0.1,0.381741799865553,300
25,30,0.8,0.8,2.0,2.0,5,0.05,0.3814805893600395,333
25,30,0.8,0.8,1.5,2.0,5,0.05,0.3814805893600395,333
20,30,0.3,0.8,2.0,1.0,5,0.1,0.381257722861626,522
25,30,0.3,0.8,1.5,1.0,3,0.07,0.3808117491606115,471
25,35,0.5,0.5,2.0,1.0,7,0.1,0.3806391068925369,414
30,35,0.5,0.8,1.2,2.0,3,0.05,0.3805685547229934,297
20,30,0.5,0.8,1.5,2.0,3,0.05,0.38045086770870057,456
20,30,0.5,0.8,2.0,2.0,3,0.05,0.38045086770870057,456
30,35,0.8,0.8,2.0,1.5,5,0.05,0.3798946812186596,288
20,30,0.3,0.5,1.5,1.0,3,0.05,0.37987281608136114,564
20,35,0.8,0.5,2.0,1.5,7,0.07,0.37958279130556927,411
20,30,0.8,1.2,2.0,1.5,7,0.1,0.3795579372765472,423
25,30,0.5,0.5,2.0,1.0,7,0.1,0.3793882666319239,432
20,30,0.3,0.5,2.0,1.0,7,0.1,0.3793524733148889,522
20,30,0.3,0.5,1.2,1.0,7,0.1,0.3792104729255798,561
20,30,0.3,0.5,1.2,1.0,5,0.1,0.3792104729255798,561
20,35,0.8,1.2,1.2,1.5,7,0.07,0.37915147650487147,423
25,30,0.5,1.2,2.0,1.0,7,0.05,0.37907864372048417,426
20,35,0.3,1.2,1.2,2.0,7,0.05,0.3789799791138547,429
30,35,0.3,0.5,2.0,2.0,7,0.1,0.3789685337882353,282
30,30,0.3,0.8,1.2,2.0,3,0.07,0.3788206368448189,315
30,30,0.8,0.5,1.2,1.5,5,0.05,0.3784972631101629,324
30,30,0.3,0.8,1.2,2.0,7,0.07,0.37817571011072726,303
20,30,0.5,0.5,2.0,2.0,7,0.07,0.3780953752705977,426
30,35,0.5,1.2,2.0,2.0,3,0.1,0.3779430208385247,294
30,35,0.5,1.2,1.5,2.0,3,0.1,0.3779430208385247,294
20,25,0.8,0.8,1.2,2.0,5,0.1,0.3778356862906835,423
20,25,0.5,1.2,2.0,1.0,7,0.1,0.3768057273660441,516
20,35,0.3,0.8,2.0,1.0,5,0.1,0.37678550067428157,504
20,35,0.3,0.8,2.0,1.0,5,0.07,0.3767806697083689,504
25,25,0.8,1.2,2.0,2.0,7,0.07,0.37661375582230305,345
20,35,0.5,0.5,1.5,2.0,7,0.1,0.3765303228443685,408
20,35,0.3,1.2,1.2,1.0,7,0.07,0.3765234554971032,537
20,35,0.3,1.2,1.2,1.0,5,0.07,0.3765234554971032,537
20,25,0.5,0.8,2.0,1.0,7,0.1,0.37617592605985345,522
20,35,0.8,1.2,2.0,1.5,7,0.1,0.37568339697859376,405
30,35,0.3,0.5,1.2,2.0,3,0.05,0.3756596952850529,300
20,30,0.5,1.2,1.2,2.0,5,0.05,0.375356921546336,426
20,35,0.5,0.5,2.0,2.0,7,0.07,0.37521278354782733,408
30,25,0.8,1.2,1.5,1.5,7,0.07,0.37489119400824616,327
20,30,0.3,0.8,1.2,1.0,5,0.07,0.3745905259257853,558
20,30,0.3,0.8,1.2,1.0,7,0.07,0.3745905259257853,558
30,35,0.3,0.8,1.5,2.0,3,0.05,0.3741937493183033,297
30,35,0.3,0.8,2.0,2.0,3,0.05,0.3741937493183033,297
20,30,0.3,0.5,1.5,1.0,3,0.07,0.3731992930201899,564
30,30,0.5,0.8,2.0,2.0,7,0.05,0.3731312348700139,297
20,35,0.3,0.5,2.0,1.0,7,0.1,0.37301090746685595,504
30,30,0.3,0.8,1.2,2.0,7,0.1,0.37292793816072783,303
20,35,0.5,1.2,1.2,2.0,5,0.05,0.37257741813276457,408
25,30,0.5,0.5,1.5,1.0,5,0.1,0.3723652759771884,450
30,30,0.5,0.8,1.2,2.0,7,0.05,0.3722259990783405,300
25,30,0.3,1.2,1.5,1.0,5,0.05,0.3718807520929993,456
25,30,0.3,1.2,1.5,1.0,7,0.05,0.3718807520929993,456
20,30,0.5,0.5,1.5,2.0,7,0.1,0.37176759279509497,426
25,35,0.8,0.5,1.5,2.0,5,0.1,0.3715841076272206,318
25,35,0.8,0.5,2.0,2.0,5,0.1,0.3715841076272206,318
30,35,0.3,0.5,2.0,2.0,7,0.07,0.3714151838238784,282
20,30,0.3,0.5,2.0,1.0,5,0.1,0.37140547533120594,525
20,35,0.3,1.2,1.5,2.0,7,0.05,0.37137943260429046,426
20,35,0.3,1.2,1.2,1.0,3,0.1,0.3710977763216835,549
20,35,0.8,0.8,1.5,1.5,7,0.05,0.3710940177969224,417
20,35,0.3,0.5,2.0,1.0,7,0.07,0.37082630114828397,504
25,35,0.8,0.5,1.2,2.0,5,0.05,0.37055749931572,318
20,30,0.3,0.8,1.2,2.0,5,0.05,0.3704826359879168,453
20,35,0.5,0.5,1.2,2.0,3,0.05,0.3702713882954448,441
20,25,0.8,0.5,1.5,2.0,5,0.05,0.3697023430260727,429
20,25,0.8,0.5,2.0,2.0,5,0.05,0.3697023430260727,429
25,30,0.8,0.5,2.0,2.0,5,0.05,0.3696592145868887,336
25,30,0.8,0.5,1.5,2.0,5,0.05,0.3696592145868887,336
25,35,0.5,0.8,1.5,1.0,7,0.05,0.36909635536888213,426
30,30,0.3,0.5,2.0,2.0,7,0.07,0.3686548214947061,300
30,35,0.8,0.5,1.2,1.5,5,0.1,0.3684758636773067,306
25,30,0.3,0.8,2.0,1.0,3,0.05,0.3684351933261983,453
25,35,0.3,1.2,1.5,1.0,7,0.07,0.36841346339582004,438
25,35,0.3,1.2,1.5,1.0,5,0.07,0.36841346339582004,438
25,30,0.3,0.5,1.5,1.0,3,0.07,0.3683147280310788,474
20,25,0.5,0.8,2.0,1.0,7,0.07,0.368108223192365,522
20,30,0.5,1.2,1.5,2.0,3,0.07,0.36737265010294645,453
20,30,0.5,1.2,2.0,2.0,3,0.07,0.36737265010294645,453
20,25,0.5,1.2,1.5,1.0,7,0.05,0.367276210355812,540
20,30,0.5,0.5,2.0,2.0,3,0.05,0.3672607677097261,459
20,30,0.5,0.5,1.5,2.0,3,0.05,0.3672607677097261,459
20,30,0.3,0.5,1.2,1.0,5,0.07,0.3669841852622737,561
20,30,0.3,0.5,1.2,1.0,7,0.07,0.3669841852622737,561
20,30,0.3,0.8,1.2,1.0,3,0.1,0.3663850142033945,570
25,30,0.3,0.8,2.0,1.0,3,0.07,0.3662743499272505,453
25,30,0.3,0.8,1.5,1.0,7,0.07,0.36563126455389333,459
25,30,0.3,0.8,1.5,1.0,5,0.07,0.36563126455389333,459
25,30,0.3,1.2,1.2,1.0,3,0.1,0.36520169924867135,477
30,30,0.3,0.5,2.0,2.0,7,0.1,0.36519760239791715,300
30,30,0.5,0.5,1.2,2.0,3,0.05,0.3646952148822178,318
20,35,0.3,0.5,2.0,1.0,5,0.07,0.3644239256992822,507
30,30,0.3,0.5,1.5,2.0,3,0.05,0.36431887250798256,318
30,30,0.3,0.5,2.0,2.0,3,0.05,0.36431887250798256,318
30,25,0.5,0.8,1.5,1.0,5,0.05,0.36415260493128526,399
20,35,0.3,0.5,2.0,1.0,5,0.1,0.3640204414637014,507
20,25,0.8,1.2,1.5,2.0,5,0.1,0.36331155940011617,414
20,25,0.8,1.2,2.0,2.0,5,0.1,0.36331155940011617,414
30,35,0.8,0.5,1.2,1.5,5,0.07,0.3625246872974157,306
20,30,0.3,0.8,1.2,1.0,5,0.05,0.3624912703240588,558
20,30,0.3,0.8,1.2,1.0,7,0.05,0.3624912703240588,558
20,35,0.3,1.2,1.5,1.0,3,0.1,0.3622952185100102,540
20,35,0.5,0.8,2.0,2.0,3,0.05,0.3622938352075352,438
20,35,0.5,0.8,1.5,2.0,3,0.05,0.3622938352075352,438
20,35,0.5,0.8,1.2,1.0,7,0.05,0.3622453589328693,516
20,35,0.5,0.8,1.2,1.0,5,0.05,0.3622453589328693,516
25,25,0.8,1.2,2.0,1.0,5,0.1,0.3620207352198694,423
25,25,0.8,0.5,1.2,1.0,7,0.1,0.3617650003575189,462
25,25,0.8,0.5,1.2,1.0,5,0.1,0.3617650003575189,462
30,30,0.3,0.8,2.0,2.0,7,0.05,0.3609247515783863,297
20,30,0.3,0.8,1.2,1.0,3,0.05,0.3605617981129091,570
25,35,0.3,1.2,1.5,1.0,3,0.05,0.36030104536100505,450
20,25,0.5,1.2,2.0,1.0,7,0.05,0.36027689764213655,516
30,35,0.5,0.8,2.0,2.0,7,0.05,0.3602021550176013,279
25,30,0.3,0.8,2.0,1.0,3,0.1,0.360194640463251,453
20,35,0.3,1.2,1.2,1.0,7,0.05,0.3597769539311303,537
20,35,0.3,1.2,1.2,1.0,5,0.05,0.3597769539311303,537
20,30,0.8,0.8,1.2,1.5,7,0.07,0.3595710273080274,444
20,30,0.3,0.5,1.2,2.0,5,0.05,0.35933456120905566,456
30,35,0.3,0.5,1.2,2.0,7,0.1,0.35926188705010453,288
25,35,0.3,0.8,2.0,1.0,3,0.1,0.3590234514618542,435
25,25,0.8,1.2,1.2,1.0,7,0.1,0.35844338260368447,450
25,25,0.8,1.2,1.2,1.0,5,0.1,0.35844338260368447,450
30,30,0.3,0.5,1.2,2.0,7,0.07,0.35837718693181203,306
20,35,0.8,0.8,1.2,1.5,7,0.05,0.3582137142712838,426
25,30,0.5,0.8,2.0,1.0,7,0.07,0.35818573900028183,429
20,30,0.3,0.5,1.2,1.0,3,0.1,0.3580792394647825,573
20,30,0.8,0.8,1.5,1.5,7,0.07,0.35806411000857347,435
30,35,0.3,0.8,1.2,2.0,3,0.1,0.35743563935233025,297
20,35,0.3,1.2,1.5,1.0,3,0.05,0.35706886121414944,540
25,30,0.3,0.5,2.0,1.0,3,0.05,0.3568783175814044,456
20,25,0.5,1.2,2.0,1.0,7,0.07,0.35661421460092196,516
30,30,0.3,0.8,1.2,2.0,7,0.05,0.35651919884614125,303
20,30,0.3,1.2,1.5,2.0,5,0.05,0.35643280436450875,450
20,35,0.5,1.2,1.2,2.0,3,0.1,0.3564201150165264,435
20,30,0.5,1.2,1.2,2.0,3,0.1,0.3563316543132171,453
30,30,0.3,0.5,1.2,2.0,3,0.07,0.356146186236905,318
20,30,0.3,0.8,1.2,2.0,7,0.05,0.3560912326133806,450
30,30,0.5,1.2,1.5,2.0,3,0.1,0.3559814741370649,312
30,30,0.5,1.2,2.0,2.0,3,0.1,0.3559814741370649,312
25,35,0.5,1.2,2.0,1.0,7,0.05,0.35576739766990867,408
20,35,0.3,1.2,1.2,1.0,3,0.05,0.3557036132998572,549
30,25,0.8,0.5,1.5,2.0,5,0.1,0.3556266316081305,315
30,25,0.8,0.5,2.0,2.0,5,0.1,0.3556266316081305,315
30,35,0.5,0.8,1.2,2.0,3,0.07,0.3553582126878397,297
20,30,0.3,0.5,1.2,1.0,5,0.05,0.354740813802238,561
20,30,0.3,0.5,1.2,1.0,7,0.05,0.354740813802238,561
30,30,0.5,0.8,2.0,2.0,3,0.05,0.3547407803122401,315
30,30,0.5,0.8,1.5,2.0,3,0.05,0.3547407803122401,315
25,30,0.3,0.5,2.0,1.0,3,0.07,0.35462203920696317,456
20,35,0.8,0.5,1.5,1.5,7,0.05,0.3543363025594915,420
30,30,0.5,0.5,2.0,2.0,7,0.05,0.3541404661489852,300
25,30,0.3,0.5,1.5,1.0,5,0.07,0.3538656528154719,462
25,30,0.3,0.5,1.5,1.0,7,0.07,0.3538656528154719,462
20,30,0.3,1.2,2.0,2.0,7,0.05,0.3537173716871472,441
25,35,0.5,0.5,1.5,1.0,7,0.05,0.35339869978668526,429
30,30,0.3,0.5,1.2,2.0,7,0.1,0.3533585524359683,306
20,35,0.5,1.2,1.5,2.0,3,0.07,0.35314409496576,435
20,35,0.5,1.2,2.0,2.0,3,0.07,0.35314409496576,435
25,30,0.3,0.8,1.5,1.0,3,0.05,0.35293346442880336,471
25,25,0.8,1.2,1.5,2.0,7,0.05,0.3527258860551885,345
25,35,0.3,1.2,1.2,1.0,3,0.1,0.3527074915627325,459
30,30,0.5,0.5,1.2,2.0,7,0.05,0.3526177486111008,303
25,30,0.3,1.2,1.2,1.0,3,0.07,0.3522672408665228,477
20,30,0.3,0.8,1.2,1.0,3,0.07,0.3522185370614052,570
30,25,0.3,0.8,1.5,1.0,5,0.05,0.3520680280327317,402
20,30,0.3,0.5,1.2,1.0,3,0.05,0.35198294811371256,573
30,35,0.5,0.8,1.2,2.0,7,0.05,0.3516813381255545,282
25,25,0.8,1.2,2.0,2.0,7,0.1,0.35141315108969046,345
25,35,0.3,0.8,2.0,1.0,3,0.07,0.3513431215100301,435
30,35,0.3,0.5,1.2,2.0,7,0.07,0.350740323028484,288
20,30,0.3,1.2,1.2,2.0,5,0.07,0.35025681679669235,450
20,35,0.5,0.5,1.2,1.0,7,0.05,0.3501402292443991,519
20,35,0.5,0.5,1.2,1.0,5,0.05,0.3501402292443991,519
25,35,0.3,0.8,1.5,1.0,7,0.1,0.35011124778469643,441
25,35,0.3,0.8,1.5,1.0,5,0.1,0.35011124778469643,441
30,35,0.3,0.5,1.2,2.0,3,0.07,0.34977239366286245,300
20,30,0.3,0.8,1.5,2.0,7,0.05,0.34966608298242374,447
20,35,0.3,1.2,1.2,1.0,3,0.07,0.34946307243442376,549
25,35,0.5,0.8,2.0,1.0,7,0.07,0.34936759811143797,411
20,35,0.3,0.8,1.2,1.0,5,0.1,0.3489515951539968,540
20,35,0.3,0.8,1.2,1.0,7,0.1,0.3489515951539968,540
25,35,0.3,0.8,1.5,1.0,3,0.1,0.3489398934474392,453
20,30,0.8,0.5,1.2,1.5,7,0.07,0.34882711644982806,447
25,30,0.3,0.5,2.0,1.0,3,0.1,0.34868778125452526,456
30,35,0.8,0.5,2.0,1.5,5,0.05,0.3483819788390221,291
30,35,0.3,0.8,2.0,2.0,7,0.05,0.3479956717259736,279
30,30,0.5,0.8,1.2,2.0,3,0.07,0.3475967851989987,315
25,30,0.5,0.5,2.0,1.0,7,0.07,0.34716293569226375,432
20,30,0.8,0.5,1.5,1.5,7,0.07,0.3464323854435387,438
20,25,0.5,0.5,1.5,1.0,7,0.05,0.3463487025099823,552
20,35,0.3,1.2,1.5,1.0,3,0.07,0.3453203056658831,540
20,30,0.3,0.5,1.2,2.0,7,0.05,0.34510010234701816,453
25,25,0.8,0.5,1.2,1.0,5,0.07,0.34474675365847307,462
25,25,0.8,0.5,1.2,1.0,7,0.07,0.34474675365847307,462
30,35,0.5,0.5,1.2,2.0,3,0.05,0.3443410502788147,300
25,25,0.8,1.2,2.0,1.0,5,0.07,0.3441547303389027,423
20,35,0.5,0.5,2.0,2.0,3,0.05,0.3441414142743204,441
20,35,0.5,0.5,1.5,2.0,3,0.05,0.3441414142743204,441
20,30,0.3,0.5,1.2,1.0,3,0.07,0.3438519612511576,573
25,35,0.3,0.5,2.0,1.0,3,0.1,0.34323994403418095,438
20,35,0.8,0.5,1.2,1.5,7,0.05,0.3429802362749242,429
30,35,0.5,0.8,2.0,2.0,3,0.05,0.3428751043120656,297
30,35,0.5,0.8,1.5,2.0,3,0.05,0.3428751043120656,297
30,25,0.8,1.2,1.5,1.5,3,0.1,0.3425365731863695,345
30,30,0.3,0.5,2.0,2.0,7,0.05,0.34193398285735765,300
20,30,0.8,1.2,1.2,1.5,7,0.1,0.34186967402244506,441
20,35,0.5,0.8,2.0,2.0,7,0.1,0.34170534911596173,405
25,35,0.3,0.8,2.0,1.0,3,0.05,0.34157949599922816,435
30,25,0.5,0.8,1.2,1.0,7,0.1,0.3413792811739302,411
30,25,0.5,0.8,1.2,1.0,5,0.1,0.3413792811739302,411
30,35,0.3,0.8,1.5,2.0,3,0.07,0.34129744168866516,297
30,35,0.3,0.8,2.0,2.0,3,0.07,0.34129744168866516,297
25,25,0.8,0.8,2.0,1.0,5,0.1,0.34123908586873614,429
25,30,0.3,0.5,1.5,1.0,3,0.05,0.3405007075785951,474
20,35,0.5,1.2,1.2,2.0,5,0.07,0.3401962771540399,408
25,30,0.3,1.2,1.2,1.0,5,0.1,0.3401270178516444,465
25,30,0.3,1.2,1.2,1.0,7,0.1,0.3401270178516444,465
25,25,0.8,1.2,1.2,1.0,7,0.07,0.339870993148683,450
25,25,0.8,1.2,1.2,1.0,5,0.07,0.339870993148683,450
20,30,0.5,0.8,1.2,2.0,3,0.07,0.339734190570469,456
30,30,0.3,0.8,2.0,2.0,3,0.07,0.33943429128815267,315
30,30,0.3,0.8,1.5,2.0,3,0.07,0.33943429128815267,315
20,30,0.3,0.5,1.5,2.0,7,0.05,0.33911470255059833,450
30,35,0.3,0.5,1.5,2.0,3,0.05,0.339087534049641,300
30,35,0.3,0.5,2.0,2.0,3,0.05,0.339087534049641,300
20,35,0.3,0.5,1.2,1.0,5,0.1,0.33908335123081834,543
20,35,0.3,0.5,1.2,1.0,7,0.1,0.33908335123081834,543
20,30,0.5,1.2,1.2,2.0,5,0.07,0.3387740386505063,426
20,35,0.3,0.8,1.2,2.0,5,0.05,0.33839787732623355,435
20,30,0.8,1.2,1.5,1.5,7,0.1,0.338321775672499,432
20,25,0.5,0.5,2.0,1.0,7,0.05,0.33782265182533133,528
30,30,0.3,0.5,1.2,2.0,7,0.05,0.33691094837890156,306
25,35,0.5,1.2,1.5,1.0,5,0.07,0.3368323811446044,426
20,25,0.8,0.5,2.0,2.0,5,0.07,0.3363868134943252,429
20,25,0.8,0.5,1.5,2.0,5,0.07,0.3363868134943252,429
30,25,0.5,1.2,1.5,1.0,5,0.05,0.3361953765566657,393
25,25,0.8,0.8,2.0,1.0,5,0.07,0.33611280740926225,429
30,35,0.3,0.8,1.2,2.0,7,0.05,0.3359745378933552,285
20,30,0.5,0.8,2.0,2.0,7,0.1,0.33555522342096766,423
25,35,0.3,0.5,2.0,1.0,3,0.07,0.3354990434635515,438
25,30,0.3,1.2,1.2,1.0,3,0.05,0.33512899335477153,477
25,35,0.5,0.5,2.0,1.0,7,0.07,0.33452946149178886,414
20,35,0.8,0.8,1.5,1.5,7,0.07,0.33451947720704234,417
25,35,0.3,0.5,1.5,1.0,5,0.1,0.3336717224016359,444
25,35,0.3,0.5,1.5,1.0,7,0.1,0.3336717224016359,444
30,25,0.8,0.5,2.0,2.0,5,0.05,0.3334668410628368,315
30,25,0.8,0.5,1.5,2.0,5,0.05,0.3334668410628368,315
20,30,0.3,1.2,1.2,2.0,5,0.1,0.33346443996716246,450
30,30,0.5,0.5,2.0,2.0,3,0.05,0.3330002275017446,318
30,30,0.5,0.5,1.5,2.0,3,0.05,0.3330002275017446,318
25,30,0.5,0.8,1.5,1.0,5,0.07,0.33268280617543006,447
25,35,0.3,0.5,1.5,1.0,3,0.1,0.3317902156144402,456
25,35,0.3,1.2,1.2,1.0,3,0.07,0.33121661809289615,459
20,25,0.5,0.5,2.0,1.0,7,0.1,0.33120152543989373,528
30,30,0.3,0.8,1.2,2.0,3,0.1,0.3306200819667963,315
20,35,0.3,0.8,1.2,1.0,7,0.07,0.3304861782822458,540
20,35,0.3,0.8,1.2,1.0,5,0.07,0.3304861782822458,540
30,35,0.5,0.5,2.0,2.0,7,0.05,0.3301952551215927,282
20,25,0.8,0.5,1.2,2.0,5,0.1,0.3301862567173905,429
30,25,0.5,1.2,2.0,1.0,5,0.1,0.3301404882599777,384
30,25,0.8,1.2,2.0,1.5,7,0.05,0.3293784982490313,318
25,35,0.5,0.8,1.5,1.0,5,0.1,0.3289667789265158,429
20,30,0.8,0.8,2.0,1.5,7,0.1,0.328513613182106,426
20,30,0.3,1.2,2.0,2.0,5,0.05,0.32803891409348546,450
20,25,0.5,0.8,1.5,1.0,5,0.1,0.3279933977693991,549
20,25,0.5,1.2,1.5,1.0,3,0.1,0.3273675090410337,558
20,35,0.5,0.8,1.2,2.0,3,0.07,0.32735642695206696,438
30,25,0.8,1.2,1.2,1.5,3,0.1,0.32687267771526296,345
20,30,0.5,0.5,1.2,2.0,3,0.07,0.3268581926055442,459
30,25,0.5,0.8,1.2,1.0,7,0.07,0.3268316745510717,411
30,25,0.5,0.8,1.2,1.0,5,0.07,0.3268316745510717,411
20,30,0.5,1.2,1.5,2.0,3,0.1,0.32679329239139326,453
20,30,0.5,1.2,2.0,2.0,3,0.1,0.32679329239139326,453
20,35,0.5,0.5,2.0,2.0,7,0.1,0.3267276496255072,408
25,35,0.3,0.5,2.0,1.0,3,0.05,0.3259654066391196,438
20,35,0.3,0.8,1.2,2.0,7,0.05,0.32590173741700995,432
20,35,0.5,1.2,2.0,2.0,3,0.1,0.3255164779356717,435
20,35,0.5,1.2,1.5,2.0,3,0.1,0.3255164779356717,435
20,35,0.8,0.8,1.2,1.5,7,0.07,0.325511340354252,426
30,35,0.5,0.8,1.2,2.0,3,0.1,0.3254615304707844,297
25,25,0.8,0.8,1.2,1.0,7,0.05,0.32543591387418375,456
25,25,0.8,0.8,1.2,1.0,5,0.05,0.32543591387418375,456
30,25,0.8,1.2,2.0,1.5,3,0.1,0.3252887180785304,339
20,35,0.3,1.2,1.2,2.0,5,0.07,0.3252662030461569,432
25,35,0.3,1.2,1.2,1.0,5,0.1,0.3251892312287617,447
25,35,0.3,1.2,1.2,1.0,7,0.1,0.3251892312287617,447
30,25,0.8,1.2,1.5,1.5,3,0.07,0.32516400131641665,345
30,30,0.5,0.5,1.2,2.0,3,0.07,0.3249223345910849,318
25,25,0.8,0.8,1.5,2.0,7,0.07,0.32488951497591945,354
20,25,0.5,0.8,1.5,1.0,3,0.1,0.324833140097014,564
20,25,0.5,0.8,1.5,1.0,3,0.05,0.3247025976339149,564
20,35,0.8,0.8,2.0,1.5,7,0.1,0.32463907288415256,408
20,30,0.5,0.5,2.0,2.0,7,0.1,0.32463235668874363,426
20,25,0.5,1.2,1.5,1.0,5,0.1,0.3246134761464487,543
20,30,0.5,0.8,1.2,2.0,5,0.05,0.32427517998545874,429
30,25,0.3,1.2,1.5,1.0,5,0.05,0.3238658964599361,396
20,35,0.3,0.5,1.2,2.0,5,0.05,0.32359880541023217,438
25,25,0.8,1.2,1.2,2.0,7,0.05,0.32321785840018163,348
25,35,0.3,0.8,1.5,1.0,3,0.07,0.3229395308873271,453
20,25,0.5,0.5,2.0,1.0,7,0.07,0.32267827654013226,528
20,35,0.8,1.2,1.5,1.5,7,0.1,0.322038007474866,414
30,35,0.8,0.8,1.2,1.5,5,0.05,0.321962825907983,303
20,35,0.3,1.2,1.2,2.0,5,0.1,0.3215501207912135,432
20,30,0.3,1.2,1.2,2.0,7,0.07,0.32149597009869885,447
20,35,0.5,0.8,1.2,2.0,5,0.05,0.32149567657188743,411
25,30,0.3,1.2,1.2,1.0,5,0.07,0.32123301207588234,465
25,30,0.3,1.2,1.2,1.0,7,0.07,0.32123301207588234,465
30,35,0.3,0.5,1.2,2.0,3,0.1,0.3209817955929893,300
25,30,0.5,0.5,1.5,1.0,5,0.07,0.3209171944370086,450
20,35,0.3,0.5,1.2,1.0,5,0.07,0.32077925542793884,543
20,35,0.3,0.5,1.2,1.0,7,0.07,0.32077925542793884,543
20,35,0.3,0.8,1.2,1.0,3,0.1,0.32068751844911675,552
30,35,0.5,0.5,1.2,2.0,7,0.05,0.3206682429668568,285
20,30,0.3,1.2,1.5,2.0,7,0.07,0.320583595824066,444
20,35,0.3,1.2,2.0,2.0,7,0.05,0.3200310633397009,423
20,35,0.5,1.2,1.2,2.0,5,0.1,0.3196328592732257,408
20,30,0.8,1.2,1.5,1.5,5,0.05,0.31939211428897535,435
20,35,0.8,0.5,1.5,1.5,7,0.07,0.3186250659314274,420
30,35,0.5,0.5,1.2,2.0,3,0.07,0.3185485420170426,300
20,35,0.8,1.2,1.2,1.5,7,0.1,0.31851510761298163,423
20,35,0.3,0.8,1.5,2.0,7,0.05,0.3183011909074459,429
30,25,0.5,0.8,2.0,1.0,5,0.1,0.31808186383753473,390
30,35,0.3,0.5,2.0,2.0,7,0.05,0.31798877182996516,282
30,30,0.3,0.5,2.0,2.0,3,0.07,0.3174842698143221,318
30,30,0.3,0.5,1.5,2.0,3,0.07,0.3174842698143221,318
20,30,0.8,0.5,2.0,1.5,7,0.1,0.3172919540658442,429
20,35,0.3,1.2,1.5,2.0,5,0.05,0.31726253496791673,432
25,30,0.5,1.2,1.2,1.0,5,0.1,0.3170600369626252,453
25,30,0.5,1.2,1.2,1.0,7,0.1,0.3170600369626252,453
25,30,0.5,0.8,2.0,1.0,7,0.05,0.3170107747321446,429
25,35,0.8,0.8,2.0,2.0,5,0.05,0.31691787127344967,315
25,35,0.8,0.8,1.5,2.0,5,0.05,0.31691787127344967,315
20,25,0.5,0.8,1.5,1.0,3,0.07,0.31688276003112215,564
30,25,0.8,1.2,1.2,1.5,7,0.05,0.31650303236414334,339
30,25,0.3,0.8,1.2,1.0,7,0.1,0.31563076271772184,414
30,25,0.3,0.8,1.2,1.0,5,0.1,0.31563076271772184,414
30,35,0.3,0.8,1.5,2.0,3,0.1,0.3153627355323189,297
30,35,0.3,0.8,2.0,2.0,3,0.1,0.3153627355323189,297
25,35,0.3,1.2,1.5,1.0,5,0.05,0.31386815931836193,438
25,35,0.3,1.2,1.5,1.0,7,0.05,0.31386815931836193,438
20,35,0.3,0.8,1.2,1.0,7,0.05,0.3135849606430028,540
20,35,0.3,0.8,1.2,1.0,5,0.05,0.3135849606430028,540
25,30,0.5,1.2,1.5,1.0,5,0.05,0.31320743275449087,444
20,35,0.3,0.8,1.5,1.0,3,0.1,0.31310742101231465,543
30,25,0.8,1.2,1.2,1.5,3,0.07,0.3129510160018624,345
25,30,0.3,0.8,1.5,1.0,5,0.05,0.3125937544900689,459
25,30,0.3,0.8,1.5,1.0,7,0.05,0.3125937544900689,459
25,35,0.5,0.5,1.5,1.0,5,0.1,0.31252725354345506,432
20,30,0.5,0.5,1.2,2.0,5,0.05,0.31139266509867664,432
20,35,0.3,0.5,1.2,2.0,7,0.05,0.3112212008950221,435
20,35,0.8,0.5,1.2,1.5,7,0.07,0.31098822272789256,429
30,35,0.5,0.8,1.5,2.0,3,0.07,0.31007359004284524,297
30,35,0.5,0.8,2.0,2.0,3,0.07,0.31007359004284524,297
20,35,0.3,0.5,1.2,1.0,3,0.1,0.3098879989194993,555
20,35,0.5,0.5,1.2,2.0,3,0.07,0.30969582727224576,441
20,30,0.5,1.2,1.2,2.0,5,0.1,0.30942961409972636,426
30,35,0.5,1.2,1.2,2.0,5,0.1,0.3093664710942142,282
20,35,0.8,0.5,2.0,1.5,7,0.1,0.30915679678901353,411
25,35,0.3,0.8,1.5,1.0,5,0.07,0.3091435347908227,441
25,35,0.3,0.8,1.5,1.0,7,0.07,0.3091435347908227,441
20,30,0.5,0.8,2.0,2.0,3,0.07,0.30895003978000657,456
20,30,0.5,0.8,1.5,2.0,3,0.07,0.30895003978000657,456
25,35,0.3,1.2,1.2,1.0,3,0.05,0.30853453452525165,459
30,30,0.3,0.5,1.2,2.0,3,0.1,0.30840234483538337,318
30,30,0.5,0.8,2.0,2.0,3,0.07,0.3082104396423325,315
30,30,0.5,0.8,1.5,2.0,3,0.07,0.3082104396423325,315
30,35,0.5,0.5,1.5,2.0,3,0.05,0.307768889043403,300
30,35,0.5,0.5,2.0,2.0,3,0.05,0.307768889043403,300
20,25,0.5,1.2,1.5,1.0,3,0.07,0.30767480442244977,558
30,25,0.8,1.2,2.0,1.5,3,0.07,0.30754505946601346,339
30,25,0.8,1.2,1.5,1.5,7,0.05,0.30703972419401176,327
20,35,0.3,0.8,1.5,1.0,3,0.05,0.3069835610123076,543
25,30,0.5,0.5,2.0,1.0,7,0.05,0.30617413605556076,432
25,35,0.3,0.5,1.5,1.0,3,0.07,0.3058026754264371,456
30,25,0.5,0.5,1.5,1.0,5,0.05,0.30574400862324086,405
30,35,0.3,0.5,2.0,2.0,3,0.07,0.30561387422627756,300
30,35,0.3,0.5,1.5,2.0,3,0.07,0.30561387422627756,300
30,35,0.3,0.5,1.2,2.0,7,0.05,0.3049614427346575,288
20,35,0.3,0.8,1.2,1.0,3,0.05,0.30490568970776005,552
25,35,0.5,1.2,1.2,1.0,5,0.1,0.30469842772774236,435
25,35,0.5,1.2,1.2,1.0,7,0.1,0.30469842772774236,435
20,35,0.3,0.5,1.5,2.0,7,0.05,0.30421596742547974,432
20,35,0.5,0.5,1.2,2.0,5,0.05,0.30378912321428525,414
20,35,0.3,0.5,1.2,1.0,7,0.05,0.30374317767192355,543
20,35,0.3,0.5,1.2,1.0,5,0.05,0.30374317767192355,543
20,30,0.3,0.8,1.5,2.0,5,0.05,0.30335456266766403,453
20,30,0.3,0.8,2.0,2.0,7,0.05,0.30300526248338217,444
20,25,0.5,1.2,1.5,1.0,3,0.05,0.3022067877861465,558
25,30,0.3,0.8,1.2,1.0,3,0.1,0.30156206789218504,480
20,35,0.3,0.5,1.5,1.0,3,0.1,0.3015385028036859,546
20,25,0.5,0.8,1.5,1.0,5,0.07,0.3012979325484846,549
30,25,0.3,0.8,1.2,1.0,7,0.07,0.30108315609486347,414
30,25,0.3,0.8,1.2,1.0,5,0.07,0.30108315609486347,414
25,30,0.3,0.5,1.5,1.0,7,0.05,0.30097850352668803,462
25,30,0.3,0.5,1.5,1.0,5,0.05,0.30097850352668803,462
25,35,0.8,0.5,2.0,2.0,5,0.05,0.2999971461444281,318
25,35,0.8,0.5,1.5,2.0,5,0.05,0.2999971461444281,318
30,25,0.5,0.8,2.0,1.0,5,0.07,0.2998296417164061,390
20,30,0.3,1.2,1.2,2.0,7,0.1,0.29919234074900103,447
30,25,0.8,0.8,1.2,1.5,7,0.1,0.29900022606057747,348
25,35,0.3,1.2,1.2,1.0,5,0.07,0.2988674831961576,447
25,35,0.3,1.2,1.2,1.0,7,0.07,0.2988674831961576,447
20,35,0.3,0.8,1.2,1.0,3,0.07,0.29884724817126795,552
30,30,0.5,0.8,1.2,2.0,3,0.1,0.2986459730852502,315
20,35,0.5,0.8,1.2,2.0,3,0.1,0.29804406621060064,438
20,30,0.5,0.8,1.2,2.0,3,0.1,0.2979556055072915,456
30,35,0.5,1.2,1.2,2.0,5,0.07,0.2976678278434894,282
25,35,0.3,0.8,1.5,1.0,3,0.05,0.29755251215947226,453
20,30,0.3,0.8,1.2,2.0,5,0.07,0.29742759920714174,453
20,35,0.3,1.2,1.2,2.0,7,0.07,0.2971449024975845,429
25,25,0.8,1.2,2.0,2.0,7,0.05,0.29700086938966197,345
20,35,0.3,1.2,1.5,2.0,7,0.07,0.2967451761513086,426
20,30,0.5,0.5,2.0,2.0,3,0.07,0.2963708731137997,459
20,30,0.5,0.5,1.5,2.0,3,0.07,0.2963708731137997,459
30,25,0.5,1.2,2.0,1.0,5,0.07,0.29605211616320093,384
30,35,0.8,0.5,1.2,1.5,5,0.05,0.2958696672072971,306
20,35,0.3,0.8,1.5,1.0,3,0.07,0.2954280858056418,543
20,35,0.3,0.5,1.5,1.0,3,0.05,0.29534825579289087,546
20,35,0.5,0.8,2.0,2.0,3,0.07,0.29472148464282,438
20,35,0.5,0.8,1.5,2.0,3,0.07,0.29472148464282,438
30,25,0.8,0.8,2.0,1.5,7,0.07,0.2941013153429849,327
20,35,0.3,0.5,1.2,1.0,3,0.05,0.2938962620792348,555
25,35,0.5,0.8,2.0,1.0,7,0.05,0.2936995286815693,411
30,25,0.3,0.5,1.5,1.0,5,0.05,0.2936594317246874,408
30,30,0.3,0.8,2.0,2.0,3,0.1,0.2934011888308593,315
30,30,0.3,0.8,1.5,2.0,3,0.1,0.2934011888308593,315
25,35,0.3,0.5,1.5,1.0,5,0.07,0.2931580738055622,444
25,35,0.3,0.5,1.5,1.0,7,0.07,0.2931580738055622,444
20,30,0.3,0.5,1.5,2.0,5,0.05,0.2926839976068557,456
20,30,0.3,0.5,2.0,2.0,7,0.05,0.29245388205155687,447
30,30,0.5,1.2,1.2,2.0,5,0.07,0.2917884763974312,300
25,25,0.8,0.5,2.0,1.0,5,0.1,0.29121039877954386,435
25,25,0.8,0.8,1.5,2.0,7,0.1,0.2909915312626288,354
25,25,0.8,0.8,1.2,2.0,7,0.07,0.2906678658934767,357
25,30,0.3,0.5,1.2,1.0,3,0.1,0.2901007834803184,483
20,35,0.5,0.8,1.2,2.0,5,0.07,0.28930829439533995,411
25,35,0.3,0.8,1.2,1.0,3,0.1,0.28906786020624636,462
20,30,0.8,0.8,1.2,1.5,7,0.1,0.2890081296410246,444
30,35,0.5,0.5,1.2,2.0,3,0.1,0.2890076867114431,300
20,35,0.3,1.2,2.0,2.0,5,0.05,0.28886864469689344,432
20,35,0.8,1.2,1.5,1.5,5,0.05,0.2886422268378845,417
25,30,0.3,0.8,1.2,1.0,3,0.07,0.2886276095100368,480
25,30,0.5,1.2,1.2,1.0,5,0.07,0.2884897590410308,453
25,30,0.5,1.2,1.2,1.0,7,0.07,0.2884897590410308,453
20,35,0.3,0.5,1.2,1.0,3,0.07,0.2880562871729178,555
20,30,0.5,0.8,1.2,2.0,5,0.07,0.2878860558918063,429
25,30,0.5,1.2,1.2,2.0,7,0.1,0.28733080316644877,357
20,30,0.3,0.5,1.2,2.0,5,0.07,0.2868686285363792,456
30,30,0.5,1.2,1.2,2.0,5,0.1,0.28678199799218634,300
20,30,0.8,1.2,1.5,1.5,5,0.07,0.2866837424358662,435
30,25,0.8,1.2,1.5,1.5,3,0.05,0.2863410350859731,345
30,30,0.5,0.5,1.5,2.0,3,0.07,0.28626041816850195,318
30,30,0.5,0.5,2.0,2.0,3,0.07,0.28626041816850195,318
25,25,0.8,0.5,2.0,1.0,5,0.07,0.2857928297212238,435
20,25,0.5,1.2,1.5,1.0,5,0.07,0.2856529258250807,543
20,30,0.5,0.5,1.2,2.0,3,0.1,0.285576612341435,459
20,30,0.8,0.8,1.5,1.5,7,0.1,0.2855500072573714,435
20,35,0.3,1.2,1.2,2.0,7,0.1,0.28543830761060307,429
20,30,0.3,1.2,1.5,2.0,5,0.07,0.28525688879927563,450
20,30,0.3,1.2,1.5,2.0,7,0.1,0.2845053372507938,444
30,25,0.8,0.8,1.2,1.5,7,0.07,0.28447900542547183,348
20,25,0.8,0.8,2.0,2.0,5,0.1,0.2843474813733235,423
20,25,0.8,0.8,1.5,2.0,5,0.1,0.2843474813733235,423
20,25,0.5,0.5,1.5,1.0,5,0.1,0.2843072830428933,555
30,25,0.5,0.5,1.2,1.0,7,0.1,0.2839687374130158,417
30,25,0.5,0.5,1.2,1.0,5,0.1,0.2839687374130158,417
20,35,0.3,0.5,1.5,1.0,3,0.07,0.28394450161664747,546
30,35,0.5,0.8,1.5,2.0,3,0.1,0.2833886266507731,297
30,35,0.5,0.8,2.0,2.0,3,0.1,0.2833886266507731,297
20,25,0.5,0.8,1.2,1.0,3,0.1,0.2817212811551727,579
30,25,0.8,0.8,2.0,1.5,7,0.1,0.2815021007929143,327
20,30,0.3,0.8,1.2,2.0,5,0.1,0.281162692364882,453
20,35,0.5,0.5,1.2,2.0,3,0.1,0.2809672019703381,441
25,35,0.3,0.5,1.5,1.0,3,0.05,0.28059576059042685,456
30,25,0.8,1.2,2.0,1.5,3,0.05,0.28056832174469964,339
25,30,0.5,1.2,2.0,1.0,5,0.1,0.2805472403950934,429
25,35,0.5,1.2,2.0,1.0,5,0.1,0.28015445435270103,411
25,25,0.8,0.8,2.0,1.0,5,0.05,0.28008726696373215,429
30,35,0.3,0.5,1.5,2.0,3,0.1,0.27990603764570837,300
30,35,0.3,0.5,2.0,2.0,3,0.1,0.27990603764570837,300
25,30,0.3,0.8,1.2,1.0,7,0.1,0.27930425010147675,468
25,30,0.3,0.8,1.2,1.0,5,0.1,0.27930425010147675,468
25,35,0.5,0.5,2.0,1.0,7,0.05,0.2792020515647341,414
25,35,0.5,1.2,1.2,2.0,7,0.1,0.27867376509280023,339
20,30,0.8,0.5,1.2,1.5,7,0.1,0.2782466504171221,447
20,25,0.5,0.5,1.5,1.0,3,0.1,0.2776821602745638,570
20,35,0.5,0.5,2.0,2.0,3,0.07,0.2774516667902009,441
20,35,0.5,0.5,1.5,2.0,3,0.07,0.2774516667902009,441
25,35,0.5,0.8,1.5,1.0,5,0.07,0.2773849996866087,429
25,30,0.3,0.5,1.2,1.0,3,0.07,0.27698513173283384,483
30,30,0.5,0.5,1.2,2.0,3,0.1,0.27642823595383725,318
30,35,0.3,1.2,1.2,2.0,5,0.1,0.27599866774514975,285
20,25,0.5,0.5,1.5,1.0,3,0.05,0.2759290677331621,570
20,30,0.5,0.5,1.2,2.0,5,0.07,0.27575487119242303,432
25,30,0.3,1.2,1.2,1.0,7,0.05,0.2756332728272014,465
25,30,0.3,1.2,1.2,1.0,5,0.05,0.2756332728272014,465
20,30,0.3,0.8,2.0,2.0,5,0.05,0.2753979554028137,453
25,25,0.8,0.5,1.5,2.0,7,0.07,0.27535873259124943,360
20,30,0.5,1.2,2.0,2.0,5,0.05,0.2751448913871491,426
20,30,0.5,1.2,1.5,2.0,5,0.05,0.2751448913871491,426
25,25,0.8,1.2,2.0,1.0,5,0.05,0.2749276284639919,423
25,30,0.5,1.2,1.2,2.0,7,0.07,0.27488623720095884,357
30,35,0.5,0.5,1.5,2.0,3,0.07,0.2743900225804577,300
30,35,0.5,0.5,2.0,2.0,3,0.07,0.2743900225804577,300
20,30,0.8,0.5,1.5,1.5,7,0.1,0.2741801662920037,438
30,25,0.8,1.2,1.2,1.5,3,0.05,0.27416246573168174,345
25,35,0.3,0.5,1.2,1.0,3,0.1,0.2732030684282067,465
25,25,0.8,0.5,1.2,1.0,7,0.05,0.27292428546498304,462
25,25,0.8,0.5,1.2,1.0,5,0.05,0.27292428546498304,462
20,35,0.5,0.5,1.2,2.0,5,0.07,0.27270428369697247,414
20,35,0.3,0.8,1.2,2.0,5,0.07,0.2724369854566064,435
25,30,0.5,1.2,1.5,2.0,7,0.07,0.27224096937727,354
20,30,0.3,1.2,2.0,2.0,7,0.07,0.2721853412960464,441
20,30,0.8,1.2,2.0,1.5,5,0.05,0.2718606658011568,429
30,30,0.3,0.5,1.5,2.0,3,0.1,0.2718425954247378,318
30,30,0.3,0.5,2.0,2.0,3,0.1,0.2718425954247378,318
25,25,0.8,0.8,2.0,2.0,7,0.07,0.27169929519175723,354
25,30,0.3,0.8,1.2,1.0,3,0.05,0.2715248045853569,480
20,30,0.3,0.5,1.2,2.0,5,0.1,0.27031280250528894,456
25,25,0.8,0.8,1.2,2.0,7,0.1,0.26991690201769164,357
30,25,0.5,0.5,1.2,1.0,5,0.07,0.26949303449337153,417
30,25,0.5,0.5,1.2,1.0,7,0.07,0.26949303449337153,417
20,35,0.3,1.2,1.5,2.0,7,0.1,0.2694742801566972,426
20,35,0.3,0.8,2.0,2.0,7,0.05,0.269318954135936,426
20,35,0.8,0.8,1.5,1.5,7,0.1,0.2692662390597385,417
20,35,0.3,0.8,1.2,2.0,5,0.1,0.26924837318893313,435
20,25,0.5,0.5,1.5,1.0,3,0.07,0.26913618188057536,570
20,35,0.5,0.8,1.2,2.0,5,0.1,0.26884451643433566,411
25,30,0.3,0.5,1.2,1.0,5,0.1,0.26871698524037907,471
25,30,0.3,0.5,1.2,1.0,7,0.1,0.26871698524037907,471
20,30,0.3,0.8,1.2,2.0,7,0.07,0.2686667525091481,450
20,30,0.5,0.8,2.0,2.0,3,0.1,0.26841724358546754,456
20,30,0.5,0.8,1.5,2.0,3,0.1,0.26841724358546754,456
20,30,0.3,0.8,1.5,2.0,7,0.07,0.26775437823451537,447
25,35,0.5,1.2,1.2,1.0,7,0.07,0.26765310653504853,435
25,35,0.5,1.2,1.2,1.0,5,0.07,0.26765310653504853,435
25,35,0.3,0.8,1.2,1.0,3,0.07,0.2675769867364099,462
20,35,0.5,0.8,1.5,2.0,3,0.1,0.26714042912974606,438
20,35,0.5,0.8,2.0,2.0,3,0.1,0.26714042912974606,438
30,25,0.8,0.8,1.5,1.5,7,0.1,0.2671332809544891,336
20,35,0.5,1.2,2.0,2.0,5,0.05,0.26688994799080434,408
20,35,0.5,1.2,1.5,2.0,5,0.05,0.26688994799080434,408
25,30,0.5,1.2,1.5,2.0,7,0.1,0.2667627776307489,354
25,30,0.3,1.2,2.0,1.0,7,0.1,0.266426604559381,441
25,30,0.3,1.2,2.0,1.0,5,0.1,0.266426604559381,441
25,25,0.8,1.2,1.2,1.0,7,0.05,0.26639740056536965,450
25,25,0.8,1.2,1.2,1.0,5,0.05,0.26639740056536965,450
20,35,0.8,0.8,1.2,1.5,7,0.1,0.2656535632315612,426
20,30,0.8,0.8,1.5,1.5,5,0.05,0.26557792789835405,438
20,25,0.5,0.8,1.2,1.0,3,0.05,0.2651974171219459,579
25,35,0.3,1.2,2.0,1.0,5,0.1,0.2651096274417051,423
25,35,0.3,1.2,2.0,1.0,7,0.1,0.2651096274417051,423
20,30,0.3,0.5,2.0,2.0,5,0.05,0.2647273903420054,456
30,25,0.5,1.2,1.2,1.0,5,0.1,0.26461293408148706,405
30,25,0.5,1.2,1.2,1.0,7,0.1,0.26461293408148706,405
30,25,0.3,1.2,2.0,1.0,5,0.1,0.26441622651245444,387
25,35,0.3,0.8,1.2,1.0,5,0.1,0.2643664634785941,450
25,35,0.3,0.8,1.2,1.0,7,0.1,0.2643664634785941,450
20,35,0.3,0.8,1.5,2.0,5,0.05,0.26418429327107207,435
30,25,0.8,0.8,1.5,1.5,7,0.07,0.2639610650915786,336
20,30,0.8,1.2,1.2,1.5,5,0.05,0.2639060203012748,444
30,25,0.5,0.5,2.0,1.0,5,0.1,0.2628254290563102,396
20,35,0.8,1.2,1.5,1.5,5,0.07,0.2620147756776607,417
30,25,0.8,0.8,1.5,1.5,3,0.07,0.26173958540866366,354
30,30,0.5,0.8,1.5,2.0,3,0.1,0.26142707994931313,315
30,30,0.5,0.8,2.0,2.0,3,0.1,0.26142707994931313,315
25,35,0.5,0.5,1.5,1.0,5,0.07,0.2613995387013482,432
25,25,0.8,0.8,1.5,2.0,7,0.05,0.2607208033905036,354
25,30,0.3,0.8,1.2,1.0,7,0.07,0.2604102443257147,468
25,30,0.3,0.8,1.2,1.0,5,0.07,0.2604102443257147,468
30,35,0.3,1.2,1.2,2.0,5,0.07,0.2600491183164679,285
25,30,0.3,0.5,1.2,1.0,3,0.05,0.2598530818784696,483
20,25,0.5,0.8,1.2,1.0,3,0.07,0.2596871086372429,579
20,30,0.5,0.8,1.2,2.0,5,0.1,0.2586412712608363,429
20,25,0.3,1.2,1.5,1.0,5,0.1,0.2584866511209956,570
20,25,0.3,1.2,1.5,1.0,7,0.1,0.2584866511209956,570
20,30,0.3,0.5,1.2,2.0,7,0.07,0.258460466101957,453
20,35,0.3,0.5,1.2,2.0,5,0.07,0.25841104461772424,438
30,25,0.3,0.5,1.2,1.0,7,0.1,0.25822021895680725,420
30,25,0.3,0.5,1.2,1.0,5,0.1,0.25822021895680725,420
20,30,0.3,0.5,1.5,2.0,7,0.07,0.25797189973783613,450
20,25,0.5,0.5,1.5,1.0,5,0.07,0.25730563623729136,555
30,25,0.8,1.2,1.5,1.5,5,0.1,0.2570252231154283,333
20,30,0.5,0.5,1.5,2.0,3,0.1,0.2563080065372942,459
20,30,0.5,0.5,2.0,2.0,3,0.1,0.2563080065372942,459
25,35,0.5,1.2,1.5,2.0,7,0.1,0.2562294799618559,336
20,30,0.3,1.2,2.0,2.0,5,0.07,0.2561608769030585,450
25,30,0.5,0.8,1.2,1.0,7,0.1,0.25615840829165254,456
25,30,0.5,0.8,1.2,1.0,5,0.1,0.25615840829165254,456
20,35,0.3,0.5,2.0,2.0,7,0.05,0.25523373065396976,429
30,25,0.8,0.8,1.5,1.5,3,0.05,0.25517370341648776,354
25,35,0.5,1.2,1.5,1.0,5,0.05,0.2549103150526143,426
20,35,0.3,0.5,1.2,2.0,5,0.1,0.25474969200198444,438
25,30,0.5,1.2,2.0,1.0,5,0.07,0.2546552319087888,429
25,35,0.3,0.8,1.5,1.0,5,0.05,0.2545811617154313,441
25,35,0.3,0.8,1.5,1.0,7,0.05,0.2545811617154313,441
30,30,0.3,1.2,1.2,2.0,5,0.07,0.25416976687040976,303
20,35,0.3,1.2,1.5,2.0,5,0.07,0.2540773134236259,432
30,25,0.3,0.8,2.0,1.0,5,0.1,0.2538583406653852,393
25,30,0.5,0.8,1.5,1.0,5,0.05,0.253746746953236,447
20,35,0.8,0.5,1.5,1.5,7,0.1,0.25372427398631303,420
20,30,0.3,1.2,1.5,2.0,5,0.1,0.2536644000775736,450
30,30,0.3,1.2,1.2,2.0,5,0.1,0.25341419464312176,303
20,25,0.5,0.8,1.5,1.0,5,0.05,0.25322872870480956,549
20,30,0.8,0.5,1.5,1.5,5,0.05,0.25269304377325486,441
20,35,0.5,0.5,1.2,2.0,5,0.1,0.25247178887043,414
25,30,0.3,1.2,2.0,1.0,7,0.07,0.2522394438687667,441
25,30,0.3,1.2,2.0,1.0,5,0.07,0.2522394438687667,441
30,25,0.8,0.8,2.0,1.5,3,0.05,0.25214950850531326,348
25,35,0.3,0.5,1.2,1.0,3,0.07,0.25161874299661263,465
20,35,0.8,0.5,1.2,1.5,7,0.1,0.251063964347408,429
25,35,0.5,1.2,1.2,2.0,7,0.07,0.25063217531882603,339
20,35,0.5,0.5,1.5,2.0,3,0.1,0.2504144465186127,441
20,35,0.5,0.5,2.0,2.0,3,0.1,0.2504144465186127,441
20,35,0.3,0.5,1.5,2.0,5,0.05,0.25001864194021617,438
20,25,0.3,0.8,1.5,1.0,5,0.1,0.24987365741742285,576
20,25,0.3,0.8,1.5,1.0,7,0.1,0.24987365741742285,576
25,30,0.3,0.5,1.2,1.0,7,0.07,0.24985768732479666,471
25,30,0.3,0.5,1.2,1.0,5,0.07,0.24985768732479666,471
30,25,0.8,0.5,1.2,1.5,7,0.1,0.2498547954790217,354
25,35,0.3,0.5,1.2,1.0,5,0.1,0.249823457130165,453
25,35,0.3,0.5,1.2,1.0,7,0.1,0.249823457130165,453
30,35,0.3,1.2,1.5,2.0,5,0.1,0.24961975689895802,285
30,25,0.8,0.8,1.5,1.5,3,0.1,0.24930734411935448,354
30,25,0.8,0.8,1.2,1.5,3,0.07,0.2492389881270258,354
25,35,0.5,1.2,1.5,2.0,7,0.07,0.24839472036893095,336
30,25,0.5,1.2,1.2,1.0,7,0.07,0.24820088992443018,405
30,25,0.5,1.2,1.2,1.0,5,0.07,0.24820088992443018,405
30,35,0.5,0.5,1.5,2.0,3,0.1,0.24793192876416248,300
30,35,0.5,0.5,2.0,2.0,3,0.1,0.24793192876416248,300
20,35,0.8,1.2,2.0,1.5,5,0.05,0.2470445018237557,411
20,30,0.3,0.8,1.2,2.0,7,0.1,0.24689059314672065,450
20,30,0.5,0.5,1.2,2.0,5,0.1,0.24669454502930593,432
30,25,0.8,0.8,2.0,1.5,3,0.07,0.24610856351341084,348
20,35,0.3,1.2,2.0,2.0,7,0.07,0.2460627579702985,423
25,30,0.5,0.5,1.2,1.0,5,0.1,0.24557114343055494,459
25,30,0.5,0.5,1.2,1.0,7,0.1,0.24557114343055494,459
25,35,0.3,0.8,1.2,1.0,3,0.05,0.2449303457558371,462
25,35,0.3,1.2,1.2,1.0,5,0.05,0.24431648340497983,447
25,35,0.3,1.2,1.2,1.0,7,0.05,0.24431648340497983,447
20,35,0.3,0.8,1.2,2.0,7,0.07,0.24431568490803396,432
30,25,0.5,0.5,2.0,1.0,5,0.07,0.24421898760085886,396
20,35,0.3,0.8,1.5,2.0,7,0.07,0.2439159585617579,429
25,35,0.5,0.8,1.2,1.0,5,0.1,0.24379679905676976,438
25,35,0.5,0.8,1.2,1.0,7,0.1,0.24379679905676976,438
30,25,0.3,0.5,1.2,1.0,5,0.07,0.2437445160371631,420
30,25,0.3,0.5,1.2,1.0,7,0.07,0.2437445160371631,420
30,25,0.8,0.5,2.0,1.5,7,0.07,0.24354511704983453,333
30,25,0.8,0.8,1.2,1.5,3,0.05,0.2427094403203313,354
25,30,0.5,0.5,1.5,1.0,5,0.05,0.24213149598985523,450
25,25,0.8,0.5,1.5,2.0,7,0.1,0.24191815648689527,360
25,35,0.5,1.2,2.0,1.0,5,0.07,0.24092854007359893,411
25,25,0.8,0.5,1.2,2.0,7,0.07,0.240665277204,363
30,30,0.5,0.5,2.0,2.0,3,0.1,0.23986848654319173,318
30,30,0.5,0.5,1.5,2.0,3,0.1,0.23986848654319173,318
30,25,0.8,0.8,2.0,1.5,7,0.05,0.2394936007965035,327
25,30,0.3,1.2,2.0,1.0,7,0.05,0.23903806954216153,441
25,30,0.3,1.2,2.0,1.0,5,0.05,0.23903806954216153,441
25,35,0.3,0.5,1.5,1.0,5,0.05,0.23888350613323445,444
25,35,0.3,0.5,1.5,1.0,7,0.05,0.23888350613323445,444
30,25,0.3,1.2,1.2,1.0,7,0.1,0.23876677813998254,408
30,25,0.3,1.2,1.2,1.0,5,0.1,0.23876677813998254,408
25,35,0.3,1.2,2.0,1.0,5,0.07,0.23842930196157963,423
25,35,0.3,1.2,2.0,1.0,7,0.07,0.23842930196157963,423
25,25,0.5,1.2,1.5,1.0,7,0.1,0.23825022559663372,468
20,30,0.3,1.2,2.0,2.0,7,0.1,0.23824097894955693,441
30,25,0.3,0.8,2.0,1.0,5,0.07,0.2382002776218518,393
25,35,0.3,0.8,1.2,1.0,7,0.07,0.23804471544599023,450
25,35,0.3,0.8,1.2,1.0,5,0.07,0.23804471544599023,450
30,30,0.5,1.2,1.2,2.0,5,0.05,0.2377793180867386,300
20,25,0.8,0.5,1.5,2.0,5,0.1,0.23721518655013174,429
20,25,0.8,0.5,2.0,2.0,5,0.1,0.23721518655013174,429
20,30,0.5,1.2,2.0,2.0,5,0.07,0.2368659552149831,426
20,30,0.5,1.2,1.5,2.0,5,0.07,0.2368659552149831,426
20,30,0.3,0.5,1.2,2.0,7,0.1,0.23654623022198965,453
20,35,0.3,0.8,2.0,2.0,5,0.05,0.23622768600622177,435
30,25,0.8,0.5,1.2,1.5,7,0.07,0.23506993647263133,354
20,35,0.8,0.8,1.5,1.5,5,0.05,0.23482804044726316,420
20,35,0.3,1.2,1.5,2.0,5,0.1,0.2344691680932628,432
20,25,0.3,0.8,2.0,1.0,7,0.05,0.23436966935570552,546
20,25,0.5,0.5,1.2,1.0,3,0.1,0.23405092835949629,585
20,35,0.5,1.2,2.0,2.0,5,0.07,0.23380146635725219,408
20,35,0.5,1.2,1.5,2.0,5,0.07,0.23380146635725219,408
30,25,0.8,0.8,1.2,1.5,3,0.1,0.2332904024482949,354
30,25,0.8,0.8,2.0,1.5,3,0.1,0.23327835809940942,348
20,35,0.3,0.8,1.2,2.0,7,0.1,0.23313656000832275,432
20,30,0.8,0.8,1.5,1.5,5,0.07,0.23311884854806336,438
30,25,0.3,1.2,2.0,1.0,5,0.07,0.23300535690683116,387
20,30,0.3,0.8,1.5,2.0,5,0.07,0.23242767120972496,453
30,35,0.3,1.2,1.5,2.0,5,0.07,0.2323820419180228,285
20,30,0.3,0.8,1.5,2.0,7,0.1,0.23220358964851337,447
25,25,0.8,0.8,2.0,2.0,7,0.1,0.2319972367513112,354
30,25,0.8,0.5,2.0,1.5,7,0.1,0.23153997861647665,333
25,25,0.8,0.8,1.2,2.0,7,0.05,0.2313741753072316,357
25,25,0.5,0.8,1.5,1.0,7,0.1,0.23122094615193076,474
20,35,0.3,0.5,1.5,2.0,7,0.07,0.23084885904791083,432
20,35,0.3,0.5,1.2,2.0,7,0.07,0.23068333485345163,435
20,30,0.8,1.2,2.0,1.5,5,0.07,0.23046822788504834,429
30,35,0.5,1.2,1.5,2.0,5,0.1,0.2304128888969929,282
30,35,0.5,1.2,2.0,2.0,5,0.1,0.2304128888969929,282
30,25,0.8,1.2,1.5,1.5,5,0.07,0.22973491802571602,333
25,35,0.5,0.5,1.2,1.0,7,0.1,0.22925379270834068,441
25,35,0.5,0.5,1.2,1.0,5,0.1,0.22925379270834068,441
30,25,0.5,0.8,1.2,1.0,7,0.05,0.22924566630255433,411
30,25,0.5,0.8,1.2,1.0,5,0.05,0.22924566630255433,411
25,35,0.3,0.5,1.2,1.0,3,0.05,0.22903696063619897,465
30,25,0.5,0.8,2.0,1.0,5,0.05,0.22885363495091457,390
25,25,0.8,0.5,2.0,1.0,5,0.05,0.2286417738351659,435
25,30,0.5,0.8,1.2,1.0,5,0.07,0.22758813037005804,456
25,30,0.5,0.8,1.2,1.0,7,0.07,0.22758813037005804,456
30,30,0.3,1.2,1.5,2.0,5,0.07,0.22733556200312793,303
20,25,0.5,1.2,1.2,1.0,3,0.1,0.2263347673747297,573
30,30,0.3,1.2,1.5,2.0,5,0.1,0.2261222627666742,303
20,35,0.3,1.2,2.0,2.0,5,0.07,0.2249813015274088,432
20,30,0.8,1.2,1.2,1.5,5,0.07,0.22491637015915347,444
20,25,0.5,1.2,1.5,1.0,5,0.05,0.22464171732765734,543
20,30,0.5,0.8,2.0,2.0,5,0.05,0.2244521016096022,429
20,30,0.5,0.8,1.5,2.0,5,0.05,0.2244521016096022,429
20,30,0.3,1.2,2.0,2.0,5,0.1,0.2244081759066098,450
30,35,0.5,0.8,1.2,2.0,5,0.1,0.2239198296717006,285
25,35,0.3,0.5,1.2,1.0,7,0.07,0.22366330283053448,453
25,35,0.3,0.5,1.2,1.0,5,0.07,0.22366330283053448,453
30,25,0.8,0.8,1.2,1.5,7,0.05,0.22335126688051238,348
30,35,0.5,1.2,1.5,2.0,5,0.07,0.22242848631651926,282
30,35,0.5,1.2,2.0,2.0,5,0.07,0.22242848631651926,282
30,25,0.3,1.2,1.2,1.0,7,0.07,0.22235473398292555,408
30,25,0.3,1.2,1.2,1.0,5,0.07,0.22235473398292555,408
20,30,0.3,0.5,1.5,2.0,5,0.07,0.2223292271599631,456
20,30,0.3,0.5,1.5,2.0,7,0.1,0.22229844609112512,450
25,25,0.8,0.5,2.0,2.0,7,0.07,0.22216851280708722,360
20,35,0.3,0.5,2.0,2.0,5,0.05,0.2220620346753659,438
20,30,0.3,0.8,2.0,2.0,7,0.07,0.2217135040472642,444
20,25,0.3,0.8,1.5,1.0,7,0.07,0.2213866698080509,576
20,25,0.3,0.8,1.5,1.0,5,0.07,0.2213866698080509,576
30,35,0.5,1.2,1.2,2.0,5,0.05,0.2211267620610023,282
20,30,0.8,0.5,1.5,1.5,5,0.07,0.22088277486671132,441
25,25,0.8,0.5,1.2,2.0,7,0.1,0.2204955405433389,363
20,35,0.3,1.2,2.0,2.0,7,0.1,0.22013730284957564,423
30,30,0.3,1.2,1.2,2.0,5,0.05,0.21994614864443307,303
20,25,0.3,1.2,1.5,1.0,7,0.07,0.2198704892835125,570
20,25,0.3,1.2,1.5,1.0,5,0.07,0.2198704892835125,570
20,35,0.3,0.5,1.2,2.0,7,0.1,0.21926540313217172,435
25,30,0.5,0.8,2.0,1.0,5,0.1,0.21909812727730854,432
25,35,0.5,0.8,2.0,1.0,5,0.1,0.21870534123491625,414
20,30,0.8,0.8,2.0,1.5,5,0.05,0.21867979567752402,432
25,30,0.5,1.2,2.0,2.0,7,0.07,0.21863858436735856,354
20,25,0.3,1.2,2.0,1.0,7,0.05,0.21744344488334583,540
30,30,0.5,1.2,2.0,2.0,5,0.07,0.21738200640162425,300
30,30,0.5,1.2,1.5,2.0,5,0.07,0.21738200640162425,300
25,30,0.5,1.2,1.2,2.0,7,0.05,0.21730704208333662,357
20,35,0.8,0.5,1.5,1.5,5,0.05,0.21718282611657055,423
20,35,0.3,0.8,1.5,2.0,7,0.1,0.21717253255441685,429
30,25,0.8,0.5,1.5,1.5,7,0.1,0.21705291491067857,342
25,30,0.5,0.5,1.2,1.0,7,0.07,0.21703557336914014,459
25,30,0.5,0.5,1.2,1.0,5,0.07,0.21703557336914014,459
20,25,0.5,0.5,1.2,1.0,3,0.05,0.21671314726646768,585
30,25,0.3,0.8,1.2,1.0,5,0.05,0.21650638597504718,414
30,25,0.3,0.8,1.2,1.0,7,0.05,0.21650638597504718,414
20,35,0.8,1.2,1.2,1.5,5,0.05,0.2163052650125575,426
25,30,0.5,1.2,1.2,1.0,7,0.05,0.21623149601752678,453
25,30,0.5,1.2,1.2,1.0,5,0.05,0.21623149601752678,453
20,35,0.5,0.8,2.0,2.0,5,0.05,0.21619715821325733,411
20,35,0.5,0.8,1.5,2.0,5,0.05,0.21619715821325733,411
20,30,0.8,1.2,1.5,1.5,5,0.1,0.21585667732639635,435
25,30,0.3,0.8,1.2,1.0,7,0.05,0.2148445097773185,468
25,30,0.3,0.8,1.2,1.0,5,0.05,0.2148445097773185,468
30,25,0.8,0.8,1.5,1.5,7,0.05,0.21412263276551377,336
25,30,0.5,0.8,1.2,2.0,7,0.1,0.21381613182801626,360
30,25,0.8,0.5,1.5,1.5,7,0.07,0.2132085529837496,342
20,30,0.5,0.5,1.5,2.0,5,0.05,0.2120858832244109,432
20,30,0.5,0.5,2.0,2.0,5,0.05,0.2120858832244109,432
30,35,0.5,0.8,1.2,2.0,5,0.07,0.21202125957896525,285
20,30,0.3,0.5,2.0,2.0,7,0.07,0.21193102555058502,447
20,35,0.8,1.2,2.0,1.5,5,0.07,0.2119132540681419,411
20,25,0.5,0.5,1.2,1.0,3,0.07,0.21190024784012534,585
25,30,0.5,1.2,2.0,1.0,5,0.05,0.2118115010558351,429
25,35,0.3,1.2,2.0,1.0,5,0.05,0.21165137979239218,423
25,35,0.3,1.2,2.0,1.0,7,0.05,0.21165137979239218,423
25,25,0.8,0.5,1.5,2.0,7,0.05,0.21005625530004615,360
20,30,0.8,0.8,1.2,1.5,5,0.05,0.21000767278609622,447
30,35,0.3,1.2,2.0,2.0,5,0.1,0.20951911613509058,285
30,25,0.5,1.2,2.0,1.0,5,0.05,0.2090077591573855,384
20,25,0.3,0.5,1.5,1.0,5,0.1,0.20869311956306455,582
20,25,0.3,0.5,1.5,1.0,7,0.1,0.20869311956306455,582
25,30,0.5,1.2,1.5,2.0,7,0.05,0.20848061533870374,354
20,35,0.8,0.8,1.5,1.5,5,0.07,0.20844988178985785,420
20,25,0.5,0.5,1.5,1.0,5,0.05,0.20816717520965783,555
25,30,0.5,1.2,2.0,2.0,7,0.1,0.20800536246201207,354
30,25,0.8,0.5,1.5,1.5,3,0.07,0.2078424201125359,360
25,30,0.5,0.5,2.0,1.0,5,0.1,0.20781272184651567,435
30,30,0.5,1.2,2.0,2.0,5,0.1,0.20691539476470874,300
30,30,0.5,1.2,1.5,2.0,5,0.1,0.20691539476470874,300
25,35,0.5,0.8,1.2,1.0,7,0.07,0.20675147786407583,438
25,35,0.5,0.8,1.2,1.0,5,0.07,0.20675147786407583,438
20,25,0.5,1.2,1.2,1.0,3,0.05,0.2066196161844008,573
25,30,0.3,0.8,2.0,1.0,7,0.1,0.2061610826861089,444
25,30,0.3,0.8,2.0,1.0,5,0.1,0.2061610826861089,444
30,30,0.5,0.8,1.2,2.0,5,0.07,0.20614190813290725,303
20,30,0.8,0.5,2.0,1.5,5,0.05,0.20610610507150984,435
25,25,0.8,0.8,2.0,2.0,7,0.05,0.20556772367421186,354
20,35,0.3,1.2,2.0,2.0,5,0.1,0.20521294392229888,432
25,35,0.5,0.8,1.2,2.0,7,0.1,0.20515909375436783,342
25,25,0.5,1.2,2.0,1.0,3,0.1,0.20498431491822044,465
25,35,0.3,0.8,2.0,1.0,5,0.1,0.20484410556843308,426
25,35,0.3,0.8,2.0,1.0,7,0.1,0.20484410556843308,426
25,30,0.3,0.5,1.2,1.0,7,0.05,0.20436238228677878,471
25,30,0.3,0.5,1.2,1.0,5,0.05,0.20436238228677878,471
20,35,0.3,0.5,1.5,2.0,7,0.1,0.20388492024049398,432
20,30,0.3,0.8,2.0,2.0,5,0.07,0.2037652203704034,453
20,25,0.5,1.2,1.2,1.0,3,0.07,0.2036234820685308,573
25,35,0.5,0.5,2.0,1.0,5,0.1,0.20343037655277524,417
30,35,0.3,1.2,1.2,2.0,5,0.05,0.20329359261869676,285
25,30,0.5,0.5,1.2,2.0,7,0.1,0.20265901897109698,363
25,30,0.3,1.2,1.2,2.0,5,0.1,0.20157815699137255,372
20,30,0.3,0.8,1.5,2.0,5,0.1,0.20136265247529328,453
25,30,0.5,0.8,1.5,2.0,7,0.07,0.2013370505453708,357
30,30,0.5,0.8,1.2,2.0,5,0.1,0.20133535656967272,303
20,35,0.3,0.8,1.5,2.0,5,0.07,0.20124809583407513,435
25,30,0.5,0.8,1.2,2.0,7,0.07,0.20120130095841302,360
30,25,0.8,1.2,1.2,1.5,5,0.1,0.2007508054965052,342
30,25,0.8,0.5,1.5,1.5,3,0.05,0.20041906041205096,360
20,35,0.8,1.2,1.5,1.5,5,0.1,0.1994188105466871,417
20,35,0.5,0.5,2.0,2.0,5,0.05,0.19916436790489894,414
20,35,0.5,0.5,1.5,2.0,5,0.05,0.19916436790489894,414
20,30,0.8,0.5,1.2,1.5,5,0.05,0.19873577093469189,450
30,25,0.3,0.5,2.0,1.0,5,0.1,0.19860190588416063,399
25,25,0.5,1.2,1.5,1.0,3,0.1,0.19756550438272283,480
20,25,0.3,1.2,2.0,1.0,7,0.1,0.19720079345541242,540
30,25,0.8,0.5,2.0,1.5,3,0.05,0.19713490924482416,354
30,25,0.8,0.5,1.5,1.5,3,0.1,0.19650595645509641,360
20,25,0.3,0.8,1.5,1.0,7,0.05,0.19631055833360336,576
20,25,0.3,0.8,1.5,1.0,5,0.05,0.19631055833360336,576
25,30,0.5,0.8,1.5,2.0,7,0.1,0.19593164810731095,357
20,35,0.3,0.8,2.0,2.0,7,0.07,0.19559092072151626,426
25,35,0.5,0.8,1.5,1.0,5,0.05,0.1954496292513594,429
30,25,0.8,0.5,1.2,1.5,3,0.07,0.19534182283089818,360
25,30,0.3,0.5,2.0,1.0,7,0.1,0.19487567725531602,447
25,30,0.3,0.5,2.0,1.0,5,0.1,0.19487567725531602,447
25,35,0.5,1.2,2.0,2.0,7,0.1,0.19387656545894244,336
20,35,0.8,0.8,2.0,1.5,5,0.05,0.19386363170012288,414
25,25,0.5,0.8,2.0,1.0,3,0.1,0.19369591780184386,471
20,30,0.3,0.5,2.0,2.0,5,0.07,0.19366677632064147,456
20,35,0.5,1.2,2.0,2.0,5,0.1,0.19340209536835584,408
20,35,0.5,1.2,1.5,2.0,5,0.1,0.19340209536835584,408
30,35,0.3,0.8,1.2,2.0,5,0.1,0.19279518522754363,288
25,30,0.5,0.8,2.0,1.0,5,0.07,0.1926558220084041,432
25,25,0.8,1.2,1.2,2.0,5,0.1,0.19260726523580407,354
25,35,0.5,0.5,1.2,1.0,5,0.07,0.19237006524862021,441
25,35,0.5,0.5,1.2,1.0,7,0.07,0.19237006524862021,441
30,35,0.3,1.2,2.0,2.0,5,0.07,0.19235654957309736,285
30,25,0.8,0.5,2.0,1.5,3,0.07,0.19202249352267575,354
25,35,0.5,1.2,2.0,2.0,7,0.07,0.1919861101711617,336
20,35,0.8,0.5,1.5,1.5,5,0.07,0.19174894544242374,423
25,30,0.3,1.2,1.2,2.0,5,0.07,0.19160670180489053,372
20,25,0.3,0.8,2.0,1.0,7,0.1,0.19143493876355935,546
25,30,0.3,0.8,2.0,1.0,5,0.07,0.1913594998730031,444
25,30,0.3,0.8,2.0,1.0,7,0.07,0.1913594998730031,444
30,30,0.3,1.2,1.5,2.0,5,0.05,0.19134704068399314,303
20,30,0.3,0.5,1.5,2.0,5,0.1,0.19097742735411147,456
25,25,0.5,0.8,1.5,1.0,3,0.1,0.1907796210621411,486
25,35,0.3,1.2,1.2,2.0,5,0.1,0.19077053209305586,354
25,30,0.5,0.5,1.5,2.0,7,0.07,0.19060523401456805,360
25,30,0.5,0.5,1.2,2.0,7,0.07,0.19009739486299906,363
25,25,0.8,1.2,1.2,2.0,5,0.07,0.18985847041543083,354
20,25,0.3,0.5,2.0,1.0,7,0.05,0.18964909278039008,552
25,35,0.3,0.5,2.0,1.0,5,0.1,0.18956914088629176,429
25,35,0.3,0.5,2.0,1.0,7,0.1,0.18956914088629176,429
30,35,0.5,0.5,1.2,2.0,5,0.1,0.18949131887684648,288
25,35,0.5,0.5,1.2,2.0,7,0.1,0.1893031319899354,345
20,30,0.3,0.8,2.0,2.0,7,0.1,0.1888744227008077,444
20,30,0.5,1.2,1.5,2.0,5,0.1,0.1882487969661232,426
20,30,0.5,1.2,2.0,2.0,5,0.1,0.1882487969661232,426
30,25,0.8,0.5,1.2,1.5,3,0.05,0.18795479731589448,360
20,35,0.3,0.5,1.5,2.0,5,0.07,0.1878251302455394,438
30,25,0.8,0.5,2.0,1.5,7,0.05,0.1877842977933754,333
30,30,0.3,1.2,2.0,2.0,5,0.07,0.18731006965820246,303
20,30,0.5,0.8,2.0,2.0,5,0.07,0.18638633731069126,429
20,30,0.5,0.8,1.5,2.0,5,0.07,0.18638633731069126,429
30,30,0.3,1.2,2.0,2.0,5,0.1,0.18602162200280664,303
20,35,0.8,1.2,1.2,1.5,5,0.07,0.18569900599489492,426
25,25,0.5,0.8,2.0,1.0,3,0.07,0.18565372885571516,471
25,35,0.5,0.8,1.5,2.0,7,0.1,0.185398350438418,339
25,25,0.5,1.2,2.0,1.0,3,0.07,0.18534009005655153,465
25,30,0.5,0.5,1.5,2.0,7,0.1,0.1851356829319714,360
25,35,0.5,1.2,1.2,1.0,7,0.05,0.18503630481664307,435
25,35,0.5,1.2,1.2,1.0,5,0.05,0.18503630481664307,435
30,30,0.5,0.5,1.2,2.0,5,0.07,0.18498350000808678,306
20,25,0.3,1.2,1.5,1.0,7,0.05,0.18396021731139875,570
20,25,0.3,1.2,1.5,1.0,5,0.05,0.18396021731139875,570
25,25,0.8,1.2,1.2,2.0,3,0.07,0.1838855582910247,369
20,25,0.3,0.8,2.0,1.0,7,0.07,0.18359723337108835,546
25,35,0.3,0.8,1.2,1.0,7,0.05,0.18352772035509704,450
25,35,0.3,0.8,1.2,1.0,5,0.05,0.18352772035509704,450
30,25,0.3,0.8,2.0,1.0,5,0.05,0.1835173852371834,393
20,35,0.5,0.8,2.0,2.0,5,0.07,0.18332184845296057,411
20,35,0.5,0.8,1.5,2.0,5,0.07,0.18332184845296057,411
25,35,0.5,1.2,2.0,1.0,5,0.05,0.18329819418549417,411
20,25,0.3,0.8,2.0,1.0,3,0.05,0.18307263638165733,570
20,25,0.5,1.2,1.2,2.0,7,0.05,0.18295803797762036,444
25,25,0.8,0.5,2.0,2.0,7,0.1,0.1829238619755777,360
25,25,0.8,1.2,1.2,2.0,3,0.1,0.18259766271299138,369
30,25,0.3,0.5,2.0,1.0,5,0.07,0.18258962350630437,399
20,35,0.3,0.5,2.0,2.0,7,0.07,0.1825238212076692,429
20,35,0.3,0.8,1.5,2.0,5,0.1,0.18216742049098233,435
20,25,0.5,0.8,2.0,1.0,5,0.05,0.18184130638165008,528
25,25,0.5,0.5,1.5,1.0,7,0.1,0.1816467485033971,480
25,30,0.5,0.5,2.0,1.0,5,0.07,0.18163301870038598,435
30,25,0.8,0.5,1.2,1.5,3,0.1,0.1804890147840368,360
25,30,0.3,0.5,2.0,1.0,7,0.07,0.18033669656498488,447
25,30,0.3,0.5,2.0,1.0,5,0.07,0.18033669656498488,447
30,25,0.8,0.5,2.0,1.5,3,0.1,0.1802945767579762,354
25,25,0.8,0.5,1.2,2.0,7,0.05,0.18025930753104863,363
20,25,0.3,0.5,1.5,1.0,5,0.07,0.18013084138966767,582
20,25,0.3,0.5,1.5,1.0,7,0.07,0.18013084138966767,582
30,25,0.8,1.2,1.2,1.5,5,0.07,0.17992551486621705,342
30,30,0.5,0.5,1.2,2.0,5,0.1,0.17991475915077182,306
25,35,0.5,0.5,1.5,1.0,5,0.05,0.1797519736691625,432
20,25,0.3,1.2,2.0,1.0,3,0.1,0.17969785622563433,564
20,30,0.3,0.5,2.0,2.0,7,0.1,0.17896927914341942,447
25,35,0.5,0.8,2.0,1.0,5,0.07,0.17892913017321435,414
20,25,0.8,1.2,2.0,1.5,7,0.05,0.1787084022525031,444
20,25,0.3,1.2,2.0,1.0,7,0.07,0.17859270010891723,540
30,35,0.5,0.5,1.2,2.0,5,0.07,0.1781878383222307,288
25,30,0.3,0.8,2.0,1.0,7,0.05,0.1780809067076726,444
25,30,0.3,0.8,2.0,1.0,5,0.05,0.1780809067076726,444
20,30,0.8,0.8,2.0,1.5,5,0.07,0.17755518238049786,432
25,35,0.3,0.8,2.0,1.0,7,0.07,0.17754935796581592,426
25,35,0.3,0.8,2.0,1.0,5,0.07,0.17754935796581592,426
25,35,0.5,0.8,1.5,2.0,7,0.07,0.1774908015370319,339
25,35,0.5,0.8,1.2,2.0,7,0.07,0.17694723907628004,342
20,35,0.8,0.5,2.0,1.5,5,0.05,0.17644633539608723,417
20,25,0.8,1.2,1.5,1.5,3,0.05,0.17635799161334767,483
30,35,0.3,0.8,1.2,2.0,5,0.07,0.1762696524550011,288
20,25,0.3,0.8,2.0,1.0,3,0.1,0.1761805420785756,570
20,30,0.5,0.5,1.5,2.0,5,0.07,0.1747499853721011,432
20,30,0.5,0.5,2.0,2.0,5,0.07,0.1747499853721011,432
30,25,0.8,0.5,1.2,1.5,7,0.05,0.17299152222892655,354
20,35,0.3,0.8,2.0,2.0,5,0.07,0.17258564499475362,435
20,30,0.3,0.8,2.0,2.0,5,0.1,0.17255299265311413,453
30,35,0.3,1.2,1.5,2.0,5,0.05,0.17243702707635847,285
30,25,0.5,0.5,2.0,1.0,5,0.05,0.17224597535861702,396
25,25,0.5,0.8,2.0,1.0,3,0.05,0.17167846019469563,471
25,35,0.5,1.2,1.2,2.0,7,0.05,0.17137419644586857,339
20,30,0.8,0.8,1.2,1.5,5,0.07,0.17127623400853415,447
30,25,0.5,0.5,1.2,1.0,7,0.05,0.1712273733561626,417
30,25,0.5,0.5,1.2,1.0,5,0.05,0.1712273733561626,417
20,35,0.3,0.8,2.0,2.0,7,0.1,0.17077074660082647,426
20,25,0.8,1.2,2.0,1.5,3,0.05,0.17071828092347,477
20,25,0.3,0.8,2.0,1.0,3,0.07,0.1705793515630235,570
30,30,0.3,0.8,1.2,2.0,5,0.07,0.17039030100894298,306
30,30,0.3,0.8,1.2,2.0,5,0.1,0.17021071212551586,306
25,35,0.5,0.5,1.5,2.0,7,0.1,0.17005795150799888,342
25,25,0.5,0.8,1.5,1.0,7,0.07,0.16989912231867965,474
25,35,0.3,0.5,1.2,1.0,5,0.05,0.1693329260535624,453
25,35,0.3,0.5,1.2,1.0,7,0.05,0.1693329260535624,453
20,25,0.8,1.2,2.0,1.5,7,0.07,0.16932540405876775,444
20,35,0.3,0.5,1.5,2.0,5,0.1,0.16826705570703726,438
20,35,0.5,0.5,1.5,2.0,5,0.07,0.16735704531611909,414
20,35,0.5,0.5,2.0,2.0,5,0.07,0.16735704531611909,414
20,25,0.8,0.8,1.5,1.5,3,0.05,0.16728728210526084,492
25,30,0.3,0.5,2.0,1.0,5,0.05,0.16724426803108874,447
25,30,0.3,0.5,2.0,1.0,7,0.05,0.16724426803108874,447
30,35,0.3,0.8,1.5,2.0,5,0.1,0.16641627438135181,288
30,30,0.5,1.2,1.5,2.0,5,0.05,0.16615510722524895,300
30,30,0.5,1.2,2.0,2.0,5,0.05,0.16615510722524895,300
20,30,0.8,0.5,2.0,1.5,5,0.07,0.16569164424323232,435
20,25,0.8,1.2,1.2,1.5,3,0.05,0.16529628860628495,483
20,25,0.3,1.2,2.0,1.0,3,0.05,0.1650272056786036,564
25,35,0.3,1.2,1.2,2.0,5,0.07,0.16491609955768843,354
20,25,0.5,1.2,1.2,2.0,7,0.07,0.16439995065792962,444
20,25,0.3,1.2,2.0,1.0,3,0.07,0.1641247576233429,564
25,35,0.5,0.5,2.0,1.0,5,0.07,0.16409099355356518,417
25,25,0.5,1.2,1.5,1.0,7,0.07,0.16396649102856597,468
25,25,0.5,0.8,1.5,1.0,3,0.07,0.163771568425935,486
20,25,0.8,0.8,2.0,1.5,3,0.05,0.16332718208503266,486
20,30,0.8,0.8,1.5,1.5,5,0.1,0.163084908911269,438
20,25,0.5,0.8,2.0,1.0,5,0.07,0.16301235455279395,528
25,35,0.3,0.5,2.0,1.0,7,0.07,0.16271122134616667,429
25,35,0.3,0.5,2.0,1.0,5,0.07,0.16271122134616667,429
20,35,0.8,0.8,1.2,1.5,5,0.05,0.16240691749737893,429
30,25,0.8,0.5,1.5,1.5,7,0.05,0.16233451830311824,342
25,35,0.5,0.5,1.5,2.0,7,0.07,0.16232090816547587,342
30,25,0.3,1.2,2.0,1.0,5,0.05,0.1622550354096163,387
20,30,0.3,0.5,2.0,2.0,5,0.1,0.1621677675319324,456
20,25,0.8,1.2,1.2,1.5,7,0.05,0.1616800979999112,465
20,25,0.5,1.2,1.5,2.0,7,0.05,0.1613249295334861,441
25,35,0.5,1.2,1.5,2.0,7,0.05,0.16125109647871796,336
25,35,0.5,0.5,1.2,2.0,7,0.07,0.16124875140385983,345
25,25,0.5,1.2,2.0,1.0,7,0.1,0.16123328287981362,450
20,25,0.5,0.8,2.0,1.0,5,0.1,0.1608567424256024,528
20,30,0.8,0.5,1.2,1.5,5,0.07,0.16053232315033478,450
20,25,0.5,0.8,1.2,1.0,7,0.1,0.15923803274259368,567
20,25,0.5,0.8,1.2,1.0,5,0.1,0.15923803274259368,567
20,35,0.3,0.5,2.0,2.0,5,0.07,0.159162679406218,438
20,35,0.8,0.8,2.0,1.5,5,0.07,0.15900020856359146,414
25,25,0.5,1.2,2.0,1.0,3,0.05,0.15867137777972104,465
20,25,0.8,1.2,1.2,1.5,7,0.07,0.15863659554075182,465
30,25,0.3,0.5,1.2,1.0,7,0.05,0.15848809302865544,420
30,25,0.3,0.5,1.2,1.0,5,0.05,0.15848809302865544,420
30,35,0.3,0.5,1.2,2.0,5,0.1,0.15836667443268923,291
25,30,0.3,1.2,1.2,2.0,5,0.05,0.158177249634277,372
25,25,0.5,1.2,1.5,1.0,3,0.07,0.158172162556333,480
20,25,0.8,1.2,1.5,1.5,3,0.07,0.1580305710825087,483
20,35,0.3,0.5,2.0,2.0,7,0.1,0.15748313428690358,429
20,25,0.5,1.2,2.0,1.0,5,0.1,0.15644499492796524,522
20,25,0.8,0.8,1.2,1.5,3,0.05,0.1560753803658044,492
20,25,0.8,1.2,1.5,1.5,7,0.05,0.15600708337723776,453
25,30,0.3,1.2,1.5,2.0,7,0.07,0.15592269860887484,369
25,30,0.5,0.8,1.2,1.0,5,0.05,0.15533916775784862,456
25,30,0.5,0.8,1.2,1.0,7,0.05,0.15533916775784862,456
25,25,0.8,0.5,2.0,2.0,7,0.05,0.15490317558375452,360
20,25,0.3,0.8,2.0,1.0,5,0.05,0.15438817979158195,552
25,25,0.8,1.2,1.2,2.0,3,0.05,0.1543722984478978,369
20,25,0.3,0.5,1.5,1.0,7,0.05,0.1541281953799278,582
20,25,0.3,0.5,1.5,1.0,5,0.05,0.1541281953799278,582
20,35,0.3,0.8,2.0,2.0,5,0.1,0.1533577606688033,435
25,30,0.5,1.2,2.0,2.0,7,0.05,0.15288685338454902,354
20,30,0.8,1.2,2.0,1.5,5,0.1,0.15285491337819987,429
20,25,0.5,1.2,2.0,1.0,5,0.05,0.152279582985462,522
30,30,0.3,1.2,2.0,2.0,5,0.05,0.15213322990756914,303
30,30,0.5,0.8,1.2,2.0,5,0.05,0.15174636482157855,303
20,30,0.8,0.5,1.5,1.5,5,0.1,0.15090349840543002,441
25,35,0.3,0.8,2.0,1.0,5,0.05,0.1506942169579034,426
25,35,0.3,0.8,2.0,1.0,7,0.05,0.1506942169579034,426
20,25,0.5,1.2,1.5,2.0,7,0.07,0.1505893486504664,441
20,25,0.5,1.2,1.2,2.0,7,0.1,0.15037323251151824,444
25,30,0.5,0.8,2.0,1.0,5,0.05,0.14974363206749555,432
30,30,0.3,0.5,1.2,2.0,5,0.07,0.14923189288412253,309
30,25,0.8,1.2,2.0,1.5,5,0.1,0.14905306328604487,327
30,30,0.3,0.5,1.2,2.0,5,0.1,0.14879011470661496,309
25,30,0.5,0.8,2.0,2.0,7,0.07,0.14874578434428265,357
30,35,0.3,0.8,1.5,2.0,5,0.07,0.14860257605655602,288
20,25,0.3,0.5,2.0,1.0,7,0.1,0.1481457699510787,552
30,25,0.5,1.2,1.2,1.0,5,0.05,0.1474324577726979,405
30,25,0.5,1.2,1.2,1.0,7,0.05,0.1474324577726979,405
30,35,0.5,1.2,1.5,2.0,5,0.05,0.14724509361761423,282
30,35,0.5,1.2,2.0,2.0,5,0.05,0.14724509361761423,282
20,35,0.8,0.5,1.2,1.5,5,0.05,0.14717343950101938,432
25,25,0.5,0.8,2.0,1.0,7,0.1,0.1471703462387194,456
20,25,0.8,1.2,1.2,1.5,3,0.07,0.1469470285575754,483
25,30,0.3,1.2,1.2,2.0,7,0.07,0.14665766492524926,372
20,35,0.8,0.8,1.5,1.5,5,0.1,0.1466470421315595,420
20,25,0.5,1.2,2.0,1.0,5,0.07,0.14635067516567252,522
30,35,0.5,0.8,1.5,2.0,5,0.1,0.14634289687766897,285
30,35,0.5,0.8,2.0,2.0,5,0.1,0.14634289687766897,285
25,30,0.3,1.2,1.2,2.0,7,0.1,0.1461036379169009,372
20,30,0.8,1.2,1.2,1.5,5,0.1,0.14596485995523253,444
25,25,0.8,1.2,2.0,2.0,3,0.07,0.14491806811177205,369
25,25,0.8,1.2,1.5,2.0,3,0.07,0.14491806811177205,369
25,30,0.5,0.5,1.2,1.0,5,0.05,0.1448570402673089,459
25,30,0.5,0.5,1.2,1.0,7,0.05,0.1448570402673089,459
30,25,0.8,1.2,1.5,1.5,5,0.05,0.14455122750032537,333
25,25,0.8,1.2,1.5,2.0,3,0.1,0.14389685187203144,369
25,25,0.8,1.2,2.0,2.0,3,0.1,0.14389685187203144,369
30,30,0.3,0.8,1.5,2.0,5,0.07,0.14355609614166115,306
25,30,0.5,0.8,1.2,2.0,7,0.05,0.1432801004798702,360
20,35,0.5,0.8,2.0,2.0,5,0.1,0.14296536201065618,411
20,35,0.5,0.8,1.5,2.0,5,0.1,0.14296536201065618,411
30,30,0.3,0.8,1.5,2.0,5,0.1,0.14291878024906807,306
20,35,0.8,1.2,2.0,1.5,5,0.1,0.14276850132415825,411
20,35,0.8,0.5,2.0,1.5,5,0.07,0.14262171785761873,417
30,35,0.3,0.5,1.2,2.0,5,0.07,0.14243623119826643,291
25,30,0.3,1.2,1.5,2.0,7,0.1,0.14192511921690626,369
20,25,0.8,1.2,2.0,1.5,3,0.07,0.1417879300330472,477
20,25,0.8,1.2,1.5,1.5,7,0.07,0.1416211421669636,453
20,25,0.5,0.8,1.2,2.0,7,0.05,0.1412922514242948,453
25,25,0.5,0.5,2.0,1.0,3,0.1,0.14045181732698078,477
20,25,0.3,0.5,2.0,1.0,7,0.07,0.14014248219658942,552
20,35,0.3,0.5,2.0,2.0,5,0.1,0.13945739588485806,438
25,30,0.5,0.5,2.0,1.0,5,0.05,0.1389069933909117,435
30,35,0.5,0.8,2.0,2.0,5,0.07,0.13825502241364845,285
30,35,0.5,0.8,1.5,2.0,5,0.07,0.13825502241364845,285
25,30,0.5,0.8,2.0,2.0,7,0.1,0.13820772802985665,357
25,25,0.5,0.8,1.5,1.0,3,0.05,0.13811558532988577,486
25,30,0.5,0.5,2.0,2.0,7,0.07,0.13801396781347997,360
30,25,0.8,0.8,1.5,1.5,5,0.1,0.13782802151812507,342
20,30,0.5,0.8,1.5,2.0,5,0.1,0.13781206360842357,429
20,30,0.5,0.8,2.0,2.0,5,0.1,0.13781206360842357,429
30,25,0.8,1.2,2.0,1.5,5,0.07,0.13767456865355895,327
20,25,0.3,1.2,2.0,1.0,5,0.05,0.1372857472095773,546
25,30,0.5,0.8,1.5,2.0,7,0.05,0.13638646101108287,357
25,25,0.5,0.5,1.5,1.0,3,0.1,0.13636015119937311,492
25,35,0.3,0.5,2.0,1.0,5,0.05,0.1361967398410681,429
25,35,0.3,0.5,2.0,1.0,7,0.05,0.1361967398410681,429
30,30,0.3,0.8,1.2,2.0,5,0.05,0.13603956458937916,306
20,25,0.3,0.5,2.0,1.0,3,0.05,0.1357559944536048,576
20,25,0.5,0.5,2.0,1.0,5,0.05,0.13517510789184187,534
30,35,0.5,0.8,1.2,2.0,5,0.05,0.13509380879584193,285
30,25,0.3,1.2,1.2,1.0,5,0.05,0.1345509616468778,408
30,25,0.3,1.2,1.2,1.0,7,0.05,0.1345509616468778,408
30,35,0.3,0.5,1.5,2.0,5,0.1,0.13386106055262895,291
30,35,0.3,1.2,2.0,2.0,5,0.05,0.13322321629993442,285
30,30,0.5,0.8,2.0,2.0,5,0.07,0.1332085424987536,303
30,30,0.5,0.8,1.5,2.0,5,0.07,0.1332085424987536,303
20,25,0.5,0.8,1.2,1.0,7,0.07,0.13258053663462627,567
20,25,0.5,0.8,1.2,1.0,5,0.07,0.13258053663462627,567
25,30,0.5,0.5,1.2,2.0,7,0.05,0.1323784417744099,363
20,35,0.8,0.8,1.2,1.5,5,0.07,0.13205886984427545,429
25,25,0.5,0.5,2.0,1.0,3,0.07,0.1318508651141066,477
30,30,0.5,0.5,1.2,2.0,5,0.05,0.13076737773129085,306
25,35,0.3,1.2,1.2,2.0,7,0.1,0.13029639486932473,354
20,25,0.3,0.5,2.0,1.0,3,0.1,0.13023820704740097,576
20,35,0.8,0.5,1.5,1.5,5,0.1,0.12998772552212676,423
25,30,0.3,0.8,1.2,2.0,5,0.1,0.1295935076720495,375
30,25,0.8,0.8,1.5,1.5,5,0.07,0.12873691062159542,342
30,35,0.3,0.8,2.0,2.0,5,0.1,0.12763762679181764,288
25,30,0.5,0.5,2.0,2.0,7,0.1,0.12741176285451716,360
25,35,0.3,1.2,1.5,2.0,7,0.07,0.12728102616437798,351
20,35,0.5,0.5,2.0,2.0,5,0.1,0.1272009004766875,414
20,35,0.5,0.5,1.5,2.0,5,0.1,0.1272009004766875,414
30,25,0.3,0.5,2.0,1.0,5,0.05,0.12690972564488592,399
20,30,0.5,0.5,1.5,2.0,5,0.1,0.1263480006506958,432
20,30,0.5,0.5,2.0,2.0,5,0.1,0.1263480006506958,432
25,30,0.5,0.5,1.5,2.0,7,0.05,0.12581773232048044,360
25,30,0.5,1.2,1.2,2.0,5,0.1,0.12545711685348881,360
25,25,0.8,1.2,1.5,2.0,3,0.05,0.12455214703650933,369
25,25,0.8,1.2,2.0,2.0,3,0.05,0.12455214703650933,369
20,25,0.3,0.5,2.0,1.0,3,0.07,0.12419089973029097,576
25,35,0.5,0.8,1.2,1.0,7,0.05,0.12414397655696513,438
25,35,0.5,0.8,1.2,1.0,5,0.05,0.12414397655696513,438
25,35,0.5,0.8,2.0,2.0,7,0.1,0.12407893102678703,339
25,35,0.3,1.2,1.5,2.0,7,0.1,0.12400754492446155,351
20,25,0.8,0.8,2.0,1.5,7,0.05,0.12385559745213487,453
30,30,0.3,0.5,1.5,2.0,5,0.07,0.12365771065716362,309
25,30,0.3,1.2,1.5,2.0,7,0.05,0.12360483965579336,369
20,25,0.8,0.8,1.5,1.5,3,0.07,0.12355001860450014,492
30,30,0.5,0.8,2.0,2.0,5,0.1,0.12284540274538522,303
30,30,0.5,0.8,1.5,2.0,5,0.1,0.12284540274538522,303
30,30,0.3,0.5,1.5,2.0,5,0.1,0.12274343950125784,309
25,35,0.5,0.8,2.0,2.0,7,0.07,0.12209331014808572,339
20,25,0.8,0.5,1.5,1.5,3,0.05,0.12203352008781493,498
25,35,0.5,0.8,2.0,1.0,5,0.05,0.12123032519715483,414
25,25,0.5,0.5,1.5,1.0,7,0.07,0.1202253875040748,480
25,30,0.3,1.2,1.2,2.0,7,0.05,0.11946762149796468,372
30,35,0.3,0.8,1.2,2.0,5,0.05,0.11938700856364273,288
20,25,0.5,0.8,1.5,2.0,7,0.05,0.11923284256060701,450
25,30,0.3,0.8,1.2,2.0,5,0.07,0.1191462831509234,375
25,25,0.5,1.2,1.5,1.0,3,0.05,0.11879605665006615,480
25,35,0.3,0.8,1.2,2.0,5,0.1,0.11878588277373278,357
25,35,0.5,1.2,1.2,2.0,5,0.1,0.11859325214520536,342
20,25,0.8,0.5,2.0,1.5,3,0.05,0.11804521631438053,492
20,25,0.5,1.2,2.0,2.0,7,0.05,0.11769168559177985,441
20,25,0.5,0.5,2.0,1.0,5,0.07,0.11758240790056122,534
20,35,0.8,0.5,1.2,1.5,5,0.07,0.11753575221791605,432
25,35,0.3,1.2,1.2,2.0,7,0.07,0.11750665708974807,354
25,30,0.3,0.5,1.2,2.0,5,0.1,0.11741176371130771,378
25,25,0.8,0.8,1.2,2.0,3,0.07,0.11737758157608509,378
25,25,0.5,0.5,2.0,1.0,3,0.05,0.11697002115015195,477
30,35,0.3,0.5,1.5,2.0,5,0.07,0.11672460241661181,291
20,25,0.8,1.2,1.2,1.5,7,0.1,0.11672190952527418,465
25,30,0.8,1.2,1.5,1.5,3,0.07,0.11645826258574564,390
20,35,0.8,1.2,1.2,1.5,5,0.1,0.11603305662162315,426
20,25,0.5,0.5,2.0,1.0,5,0.1,0.11588234180564273,534
20,25,0.5,0.5,1.2,1.0,5,0.1,0.11530771363547641,573
20,25,0.5,0.5,1.2,1.0,7,0.1,0.11530771363547641,573
25,25,0.8,0.8,1.2,2.0,3,0.05,0.11525139245799267,378
25,30,0.8,1.2,1.5,1.5,3,0.05,0.11522292081309547,390
30,30,0.3,0.5,1.2,2.0,5,0.05,0.11506057749909152,309
30,35,0.5,0.5,1.5,2.0,5,0.1,0.11378768304894586,288
30,35,0.5,0.5,2.0,2.0,5,0.1,0.11378768304894586,288
30,30,0.5,0.5,1.5,2.0,5,0.07,0.11331015701425606,306
30,30,0.5,0.5,2.0,2.0,5,0.07,0.11331015701425606,306
20,25,0.5,1.2,1.5,2.0,7,0.1,0.11306636658747932,441
25,30,0.3,1.2,1.5,2.0,5,0.07,0.1124025689332461,372
20,25,0.8,0.8,1.2,1.5,3,0.07,0.11231572118185254,492
25,35,0.3,1.2,1.2,2.0,5,0.05,0.11204739544089969,354
20,25,0.8,0.5,1.2,1.5,3,0.05,0.11082161834835849,498
20,25,0.3,1.2,2.0,1.0,5,0.1,0.11002717190191502,546
25,35,0.5,0.5,1.2,1.0,5,0.05,0.10994918225543042,441
25,35,0.5,0.5,1.2,1.0,7,0.05,0.10994918225543042,441
20,25,0.3,0.5,2.0,1.0,5,0.05,0.1098729726298648,558
30,35,0.3,0.8,2.0,2.0,5,0.07,0.10985496545628068,288
20,25,0.5,0.8,1.2,2.0,7,0.07,0.10918176496245752,453
25,25,0.5,0.5,1.5,1.0,3,0.07,0.10886602390222615,492
25,35,0.5,0.5,2.0,2.0,7,0.1,0.10873853209636801,342
25,30,0.5,1.2,1.2,2.0,5,0.07,0.10846753166032645,360
20,25,0.8,0.8,2.0,1.5,3,0.07,0.10842921061891946,486
20,25,0.5,1.2,2.0,2.0,7,0.07,0.10806940572193416,441
30,30,0.3,0.8,1.5,2.0,5,0.05,0.1074404566289391,306
25,30,0.3,0.5,1.2,2.0,5,0.07,0.1072606403502405,378
25,35,0.5,0.5,2.0,2.0,7,0.07,0.1069234167765297,342
25,35,0.5,0.5,2.0,1.0,5,0.05,0.10673284808031959,417
25,30,0.8,1.2,2.0,1.5,3,0.05,0.10652553781159571,384
30,35,0.5,0.5,2.0,2.0,5,0.07,0.10637704877370427,288
30,35,0.5,0.5,1.5,2.0,5,0.07,0.10637704877370427,288
20,25,0.8,1.2,2.0,1.5,7,0.1,0.10561065430665914,444
20,25,0.8,0.8,1.2,1.5,7,0.05,0.10537833201487311,474
20,25,0.3,0.8,2.0,1.0,5,0.07,0.10536302151020352,552
20,25,0.3,0.8,2.0,1.0,5,0.1,0.10527271131308688,552
30,30,0.3,0.8,2.0,2.0,5,0.07,0.10480848554138571,306
25,30,0.3,1.2,1.5,2.0,5,0.1,0.10460905682318553,372
30,30,0.3,0.8,2.0,2.0,5,0.1,0.10414013265953388,306
20,25,0.8,1.2,1.5,1.5,3,0.1,0.10408029992921818,483
30,30,0.5,0.5,1.5,2.0,5,0.1,0.10267006199757486,306
30,30,0.5,0.5,2.0,2.0,5,0.1,0.10267006199757486,306
25,35,0.5,1.2,2.0,2.0,7,0.05,0.10266246358093357,336
25,25,0.8,0.8,1.2,2.0,5,0.07,0.10242350680475296,363
25,25,0.5,1.2,2.0,1.0,7,0.07,0.10173326090808325,450
30,35,0.5,0.5,1.2,2.0,5,0.05,0.10170201797087335,288
25,35,0.3,0.5,1.2,2.0,5,0.1,0.10146303470331647,360
20,25,0.8,0.8,2.0,1.5,7,0.07,0.10075306017898833,453
20,30,0.8,0.8,2.0,1.5,5,0.1,0.1006354096360988,432
20,25,0.8,0.8,1.5,1.5,7,0.05,0.09997357078176781,462
30,25,0.8,1.2,1.2,1.5,5,0.05,0.09989361762151476,342
25,25,0.5,0.8,2.0,1.0,7,0.07,0.09984194347806344,456
20,25,0.3,1.2,2.0,1.0,5,0.07,0.09959226500377127,546
25,25,0.5,0.5,2.0,1.0,7,0.1,0.09891189883659599,462
20,25,0.5,1.2,1.2,1.0,5,0.1,0.09842231049863827,561
20,25,0.5,1.2,1.2,1.0,7,0.1,0.09842231049863827,561
25,30,0.8,1.2,2.0,1.5,3,0.07,0.09743087923068684,384
25,35,0.5,0.8,1.2,2.0,7,0.05,0.097347254842402,342
30,25,0.5,1.2,1.5,2.0,7,0.07,0.09711812787964372,315
25,25,0.8,1.2,2.0,2.0,5,0.07,0.096942010983984,354
25,25,0.8,1.2,1.5,2.0,5,0.07,0.096942010983984,354
30,25,0.5,1.2,1.5,2.0,7,0.1,0.09580601782198667,315
25,25,0.8,1.2,1.2,2.0,5,0.05,0.09559979792449268,354
20,25,0.5,0.8,1.5,2.0,7,0.07,0.09548823159921811,450
25,25,0.3,1.2,1.5,1.0,5,0.1,0.09542058246863395,483
25,25,0.3,1.2,1.5,1.0,7,0.1,0.09542058246863395,483
30,35,0.3,0.5,2.0,2.0,5,0.1,0.09508241296309453,291
20,25,0.5,0.5,1.2,2.0,7,0.05,0.09431448224878514,459
20,30,0.8,0.8,1.2,1.5,5,0.1,0.09310331557381207,447
25,30,0.3,1.2,2.0,2.0,7,0.07,0.09286889269976713,366
25,35,0.3,0.8,1.2,2.0,5,0.07,0.09245568090372122,357
25,30,0.5,1.2,1.2,2.0,3,0.05,0.09184209301344462,378
25,25,0.8,0.8,1.2,2.0,3,0.1,0.0914005628126537,378
20,35,0.8,0.8,2.0,1.5,5,0.1,0.0905489975820571,414
20,25,0.8,1.2,1.5,1.5,7,0.1,0.09009662568875637,453
25,25,0.8,0.8,1.2,2.0,5,0.1,0.08978957288903325,363
20,25,0.8,1.2,1.2,1.5,3,0.1,0.08961091188385516,483
25,35,0.5,0.8,1.5,2.0,7,0.05,0.08915694215109707,339
20,30,0.8,0.5,2.0,1.5,5,0.1,0.08884890474818713,435
20,25,0.5,0.5,1.2,1.0,7,0.07,0.08870713897297927,573
20,25,0.5,0.5,1.2,1.0,5,0.07,0.08870713897297927,573
30,35,0.3,0.8,1.5,2.0,5,0.05,0.08853044302130444,288
20,25,0.8,0.8,1.2,1.5,7,0.07,0.08852379350404638,474
25,25,0.3,0.8,1.5,1.0,5,0.1,0.08823961850128459,489
25,25,0.3,0.8,1.5,1.0,7,0.1,0.08823961850128459,489
20,25,0.8,1.2,2.0,1.5,3,0.1,0.08791367894869127,477
30,30,0.3,0.5,1.5,2.0,5,0.05,0.08773239848806864,309
30,25,0.8,0.5,1.5,1.5,5,0.1,0.08640999937828836,348
30,35,0.3,0.5,1.2,2.0,5,0.05,0.08599521773867412,291
25,30,0.3,0.8,1.2,2.0,5,0.05,0.08562615196723421,375
25,30,0.8,1.2,1.5,1.5,3,0.1,0.08537071880558461,390
25,25,0.8,0.8,2.0,2.0,3,0.05,0.08534288428388755,378
25,25,0.8,0.8,1.5,2.0,3,0.05,0.08534288428388755,378
30,30,0.3,0.5,2.0,2.0,5,0.07,0.08491010005688814,309
25,35,0.5,1.2,1.2,2.0,5,0.07,0.08466094406617358,342
20,25,0.5,0.8,1.2,1.0,7,0.05,0.08455797897934351,567
20,25,0.5,0.8,1.2,1.0,5,0.05,0.08455797897934351,567
30,30,0.3,0.5,2.0,2.0,5,0.1,0.08396479191172353,309
25,25,0.8,1.2,2.0,2.0,5,0.1,0.08392943436121633,354
25,25,0.8,1.2,1.5,2.0,5,0.1,0.08392943436121633,354
25,30,0.3,0.8,1.5,2.0,7,0.07,0.0834622799549077,372
25,25,0.5,0.8,1.5,1.0,7,0.05,0.08325213756067894,474
20,30,0.8,0.5,1.2,1.5,5,0.1,0.08234183634990955,450
25,35,0.3,1.2,1.5,2.0,5,0.1,0.08234018232375688,354
25,25,0.5,0.5,1.5,1.0,3,0.05,0.08228839754962032,492
25,35,0.5,0.5,1.2,2.0,7,0.05,0.08208261518039718,345
25,30,0.5,0.8,2.0,2.0,7,0.05,0.08176264101162804,357
20,25,0.5,0.8,1.2,2.0,7,0.1,0.08174997677084786,453
30,25,0.8,0.8,1.2,1.5,5,0.1,0.0817322298435459,351
25,30,0.8,1.2,1.2,1.5,3,0.07,0.08161281295272046,393
30,30,0.5,0.8,2.0,2.0,5,0.05,0.08150858787884876,303
30,30,0.5,0.8,1.5,2.0,5,0.05,0.08150858787884876,303
30,25,0.3,1.2,1.5,2.0,7,0.1,0.081381588382013,318
25,30,0.3,1.2,2.0,2.0,7,0.1,0.08128279763109907,366
20,25,0.8,0.5,2.0,1.5,7,0.05,0.08091355982014894,459
25,30,0.8,1.2,1.2,1.5,3,0.05,0.08028755392485704,393
20,25,0.8,0.5,1.5,1.5,3,0.07,0.07955378190643504,498
30,25,0.8,0.8,1.2,1.5,5,0.07,0.07851382682685705,351
30,35,0.3,0.5,2.0,2.0,5,0.07,0.07797699181633637,291
25,25,0.8,0.8,1.5,2.0,3,0.07,0.07794981114473166,378
25,25,0.8,0.8,2.0,2.0,3,0.07,0.07794981114473166,378
25,25,0.5,1.2,1.5,1.0,5,0.1,0.07780132370316378,471
30,25,0.8,0.5,1.5,1.5,5,0.07,0.07696139395918208,348
20,25,0.3,1.2,1.2,2.0,5,0.05,0.07686862545352537,474
30,35,0.5,1.2,2.0,1.5,7,0.1,0.07618547781323776,303
25,35,0.3,1.2,1.5,2.0,5,0.07,0.07600428552097907,354
20,25,0.5,0.8,2.0,2.0,7,0.05,0.07579063423566623,450
20,25,0.3,0.8,1.2,1.0,5,0.1,0.07569249865607168,591
20,25,0.3,0.8,1.2,1.0,7,0.1,0.07569249865607168,591
25,35,0.3,0.5,1.2,2.0,5,0.07,0.07566614681824874,360
25,25,0.5,0.8,1.5,1.0,5,0.1,0.07565206710601081,477
25,30,0.3,1.2,1.5,2.0,5,0.05,0.07554084132581845,372
20,25,0.3,1.2,1.2,2.0,7,0.05,0.07440587436022982,468
25,35,0.5,0.5,1.5,2.0,7,0.05,0.07437373122181885,342
20,35,0.8,0.5,2.0,1.5,5,0.1,0.07424118077231147,417
25,30,0.3,0.8,1.2,2.0,7,0.07,0.07419724627128209,375
25,30,0.3,0.8,1.2,2.0,7,0.1,0.07411898859757786,375
25,30,0.3,1.2,2.0,2.0,5,0.07,0.07402768574672726,372
25,30,0.3,0.5,1.2,2.0,5,0.05,0.0739930558779796,378
30,30,0.5,1.2,2.0,1.5,7,0.1,0.07376555868562755,321
25,30,0.5,1.2,1.2,2.0,3,0.07,0.07337008741359578,378
25,30,0.3,0.5,1.5,2.0,7,0.07,0.07273046342410508,375
20,25,0.5,0.5,1.5,2.0,7,0.05,0.07261748156534552,456
30,25,0.3,1.2,1.5,2.0,7,0.07,0.07239855056746328,318
25,35,0.3,1.2,1.5,2.0,7,0.05,0.07192428615196494,351
20,25,0.8,0.8,1.5,1.5,7,0.07,0.07141372760400184,462
25,30,0.5,0.5,2.0,2.0,7,0.05,0.07119391232102552,360
20,25,0.5,1.2,1.2,1.0,5,0.07,0.0704428102514627,561
20,25,0.5,1.2,1.2,1.0,7,0.07,0.0704428102514627,561
25,30,0.3,0.8,1.5,2.0,7,0.1,0.06994046989758322,372
30,30,0.3,0.8,2.0,2.0,5,0.05,0.0694983585343893,306
25,35,0.3,1.2,1.2,2.0,7,0.05,0.06916978713306525,354
20,25,0.8,0.5,1.2,1.5,3,0.07,0.06831948448378737,498
25,25,0.5,0.8,1.2,1.0,3,0.1,0.06757345210874365,498
25,30,0.8,1.2,2.0,1.5,3,0.1,0.06677263125142542,384
25,30,0.3,1.2,2.0,2.0,5,0.1,0.06623018443155823,372
30,25,0.5,1.2,1.2,2.0,7,0.1,0.06576212418697,318
20,25,0.5,1.2,2.0,2.0,7,0.1,0.06570992412834431,441
20,25,0.8,0.5,2.0,1.5,3,0.07,0.0644660586714176,492
25,25,0.5,1.2,1.5,1.0,7,0.05,0.06397757901564848,468
20,25,0.3,0.8,1.2,1.0,7,0.07,0.06389959497699643,591
20,25,0.3,0.8,1.2,1.0,5,0.07,0.06389959497699643,591
20,25,0.5,0.5,1.2,2.0,7,0.07,0.06366372750049407,459
30,35,0.3,1.2,2.0,1.5,7,0.1,0.0636570949914766,306
25,30,0.8,1.2,2.0,1.5,7,0.1,0.06337285112489607,363
25,25,0.8,0.5,1.2,2.0,3,0.07,0.06318658869538225,384
20,35,0.8,0.8,1.2,1.5,5,0.1,0.06317151224020275,429
20,25,0.8,0.5,1.2,1.5,7,0.05,0.06314660373172505,480
25,30,0.3,0.5,1.2,2.0,7,0.07,0.0630933401758682,378
25,30,0.3,0.5,1.2,2.0,7,0.1,0.06296187574065856,378
30,35,0.5,0.8,1.5,2.0,5,0.05,0.0625985742712141,285
30,35,0.5,0.8,2.0,2.0,5,0.05,0.0625985742712141,285
25,30,0.5,1.2,2.0,2.0,3,0.05,0.06248081294259267,378
25,30,0.5,1.2,1.5,2.0,3,0.05,0.06248081294259267,378
20,25,0.3,0.5,2.0,1.0,5,0.1,0.062106685252678644,558
20,25,0.3,0.5,2.0,1.0,5,0.07,0.06200432481719242,558
30,30,0.5,0.5,2.0,2.0,5,0.05,0.0618005297379782,306
30,30,0.5,0.5,1.5,2.0,5,0.05,0.0618005297379782,306
30,25,0.8,0.8,1.5,1.5,5,0.05,0.06164704211374694,342
25,30,0.8,1.2,2.0,1.5,7,0.07,0.06147949273931232,363
30,30,0.3,1.2,2.0,1.5,7,0.1,0.06123717586386641,324
25,35,0.3,1.2,2.0,2.0,7,0.07,0.06111031087827972,348
30,25,0.8,1.2,2.0,1.5,5,0.05,0.060061828727424604,327
25,25,0.8,0.5,1.2,2.0,3,0.05,0.060045712371048394,384
25,30,0.3,1.2,2.0,2.0,7,0.05,0.05972529433584021,366
20,25,0.8,0.5,2.0,1.5,7,0.07,0.059337081679851744,459
25,30,0.3,0.5,1.5,2.0,7,0.1,0.059144504722243744,375
25,35,0.3,1.2,2.0,2.0,7,0.1,0.05913112234315128,348
30,30,0.5,1.2,2.0,1.5,7,0.07,0.05846411356328849,321
25,35,0.3,0.8,1.2,2.0,7,0.1,0.05831174555000172,357
30,35,0.3,0.5,1.5,2.0,5,0.05,0.05715196035742164,291
20,25,0.8,0.5,1.5,1.5,7,0.05,0.056956251670970806,468
30,30,0.3,1.2,2.0,1.5,3,0.05,0.05607548155946722,339
30,30,0.3,1.2,1.5,1.5,3,0.05,0.055399789144118174,345
25,35,0.3,0.8,1.5,2.0,7,0.07,0.054820607510410894,354
20,25,0.5,0.8,2.0,2.0,7,0.07,0.053080174871805705,450
25,25,0.5,0.8,1.2,1.0,3,0.07,0.05283932275481288,498
30,25,0.5,1.2,1.2,2.0,7,0.07,0.05238075696931467,318
25,25,0.8,0.8,2.0,2.0,3,0.1,0.052065031879990155,378
25,25,0.8,0.8,1.5,2.0,3,0.1,0.052065031879990155,378
25,35,0.3,0.8,1.5,2.0,7,0.1,0.05202289560513848,354
25,30,0.5,0.8,1.2,2.0,5,0.1,0.05194244551505632,363
25,30,0.5,1.2,1.2,2.0,3,0.1,0.05179918848912626,378
25,25,0.8,0.5,1.2,2.0,5,0.07,0.05171488681094464,369
25,25,0.5,0.5,2.0,1.0,7,0.07,0.051353523880607765,462
25,30,0.3,0.8,1.5,2.0,7,0.05,0.05105374198875044,372
30,35,0.3,0.8,2.0,2.0,5,0.05,0.05058834492675451,288
20,25,0.5,0.5,1.5,2.0,7,0.07,0.05030609841283475,456
30,30,0.3,0.5,2.0,2.0,5,0.05,0.04979030039351873,309
25,30,0.8,1.2,1.2,1.5,3,0.1,0.0497047505256039,393
20,25,0.3,1.2,1.5,2.0,7,0.05,0.04907032492458566,465
20,35,0.8,0.5,1.2,1.5,5,0.1,0.04858191335604955,432
20,25,0.8,0.5,1.2,1.5,7,0.07,0.0476744757850032,480
20,25,0.8,0.8,1.5,1.5,3,0.1,0.047023726550384976,492
25,30,0.3,0.8,1.2,2.0,7,0.05,0.046916523830921826,375
30,35,0.5,1.2,2.0,1.5,7,0.07,0.04641620153025118,303
25,35,0.5,0.8,1.2,2.0,5,0.1,0.045078580806772885,345
25,35,0.3,0.8,1.2,2.0,7,0.07,0.045046238435780976,357
20,25,0.5,0.8,1.5,2.0,7,0.1,0.04421781948164421,450
25,35,0.3,1.2,2.0,2.0,5,0.1,0.04396130993212957,354
20,25,0.3,0.8,1.2,1.0,7,0.05,0.04333627235132091,591
20,25,0.3,0.8,1.2,1.0,5,0.05,0.04333627235132091,591
25,35,0.3,0.5,1.2,2.0,7,0.1,0.042455783785569426,360
25,25,0.3,0.8,1.5,1.0,7,0.07,0.04222991649026091,489
25,25,0.3,0.8,1.5,1.0,5,0.07,0.04222991649026091,489
20,25,0.3,1.2,1.2,2.0,5,0.1,0.04085404387943701,474
25,30,0.3,0.5,1.5,2.0,7,0.05,0.04048501329814799,375
25,25,0.3,0.5,1.5,1.0,7,0.1,0.040162058354456666,495
25,25,0.3,0.5,1.5,1.0,5,0.1,0.040162058354456666,495
30,30,0.3,1.2,1.5,1.5,3,0.07,0.040026465101185286,345
25,30,0.3,0.8,1.5,2.0,5,0.07,0.039942150279278915,375
20,25,0.5,0.5,1.2,1.0,5,0.05,0.03990550424913623,573
20,25,0.5,0.5,1.2,1.0,7,0.05,0.03990550424913623,573
25,30,0.5,0.5,1.2,2.0,5,0.1,0.0397607015543146,366
25,35,0.3,0.5,1.5,2.0,7,0.07,0.039650714138854876,357
25,35,0.3,0.8,1.2,2.0,5,0.05,0.039496297773857034,357
25,25,0.8,0.5,1.2,2.0,5,0.1,0.03946050694373456,369
30,25,0.5,1.2,2.0,2.0,7,0.07,0.03919636147651705,315
25,35,0.5,1.2,1.2,2.0,3,0.05,0.03864201421773841,360
25,25,0.5,0.8,2.0,1.0,7,0.05,0.038497035082017864,456
30,25,0.8,0.8,2.0,1.5,5,0.07,0.03831171779986301,336
25,25,0.8,0.5,1.2,2.0,3,0.1,0.03804318353798368,384
25,30,0.3,1.2,2.0,2.0,5,0.05,0.03797566182459097,372
25,30,0.8,0.8,1.5,1.5,3,0.07,0.03794200322334311,393
25,35,0.3,1.2,2.0,2.0,5,0.07,0.0376294023344603,354
20,25,0.3,1.2,1.2,2.0,5,0.07,0.037077610728744305,474
25,30,0.5,1.2,1.5,2.0,3,0.07,0.03705250231441073,378
25,30,0.5,1.2,2.0,2.0,3,0.07,0.03705250231441073,378
20,25,0.5,0.5,1.2,2.0,7,0.1,0.03704643822569133,459
25,35,0.5,1.2,1.2,2.0,3,0.07,0.036989677888040015,360
25,35,0.8,1.2,1.5,1.5,3,0.07,0.036888046973025015,372
25,25,0.5,0.8,1.2,1.0,3,0.05,0.03671894825564996,498
25,35,0.3,0.5,1.5,2.0,7,0.1,0.036682496674719456,357
25,30,0.8,0.8,1.5,1.5,3,0.05,0.036634708226190464,393
25,25,0.3,1.2,1.5,1.0,5,0.07,0.03639344225541009,483
25,25,0.3,1.2,1.5,1.0,7,0.07,0.03639344225541009,483
30,30,0.3,1.2,2.0,1.5,7,0.07,0.03632026804390239,324
25,30,0.5,1.2,1.2,2.0,5,0.05,0.0362097016594168,360
30,25,0.3,1.2,1.2,2.0,7,0.1,0.03605217983029032,321
25,30,0.3,0.5,1.2,2.0,7,0.05,0.03601486512546156,378
20,25,0.3,1.2,1.5,1.0,3,0.1,0.03574631873473666,585
20,25,0.5,1.2,1.2,2.0,5,0.05,0.03560762031508684,450
20,30,0.3,1.2,1.2,2.0,3,0.05,0.0353481067202169,477
25,30,0.5,0.8,1.2,2.0,5,0.07,0.03478259541778054,363
20,25,0.3,0.5,1.2,1.0,5,0.1,0.034315236012784224,597
20,25,0.3,0.5,1.2,1.0,7,0.1,0.034315236012784224,597
25,35,0.5,1.2,1.2,2.0,3,0.1,0.03406387986869013,360
20,25,0.8,0.8,1.2,1.5,7,0.1,0.03364783822605581,474
20,25,0.5,1.2,1.2,2.0,5,0.07,0.03290571317434327,450
25,25,0.5,0.5,1.5,1.0,7,0.05,0.03264626380824019,480
25,30,0.3,0.8,1.5,2.0,5,0.1,0.03262440750386247,375
30,25,0.8,0.5,1.2,1.5,5,0.1,0.03258679926199015,357
20,25,0.8,0.8,1.2,1.5,3,0.1,0.032365033866724145,492
20,25,0.3,0.8,1.5,1.0,3,0.1,0.03210391112188775,591
25,35,0.5,0.8,2.0,2.0,7,0.05,0.031538251208012465,339
20,25,0.8,0.8,2.0,1.5,3,0.1,0.03146243931948637,486
30,25,0.5,1.2,2.0,2.0,7,0.1,0.03125818262107089,315
30,35,0.5,0.5,1.5,2.0,5,0.05,0.03122009160733127,288
30,35,0.5,0.5,2.0,2.0,5,0.05,0.03122009160733127,288
30,30,0.3,1.2,2.0,1.5,3,0.07,0.03119999979928357,339
30,25,0.8,0.8,2.0,1.5,5,0.1,0.030946949797556005,336
25,25,0.8,0.5,1.5,2.0,3,0.05,0.030755501102661918,384
25,25,0.8,0.5,2.0,2.0,3,0.05,0.030755501102661918,384
20,25,0.3,0.8,1.2,2.0,5,0.05,0.030592359882106998,483
20,25,0.3,1.2,1.2,1.0,5,0.1,0.03018646256778715,585
20,25,0.3,1.2,1.2,1.0,7,0.1,0.03018646256778715,585
20,25,0.8,0.5,1.5,1.5,7,0.07,0.029864760900752258,468
25,35,0.3,0.5,1.2,2.0,7,0.07,0.029347750763360766,360
20,25,0.5,0.5,2.0,2.0,7,0.05,0.029175273240404705,456
30,25,0.8,0.5,1.2,1.5,5,0.07,0.029104757874016524,357
25,30,0.3,0.5,1.5,2.0,5,0.07,0.02877746183913764,378
25,30,0.8,0.8,2.0,1.5,3,0.05,0.02851662437554648,387
25,25,0.5,1.2,2.0,1.0,7,0.05,0.02814161363727321,450
25,30,0.8,0.5,1.5,1.5,3,0.07,0.027879081898618825,396
25,35,0.5,0.5,1.2,2.0,5,0.1,0.02775573273635633,348
20,25,0.3,0.8,1.2,2.0,7,0.05,0.02750879751363925,477
25,30,0.8,1.2,1.5,1.5,7,0.1,0.027461586480522444,372
25,30,0.8,0.5,1.5,1.5,3,0.05,0.026823318867002895,396
30,30,0.5,1.2,1.5,1.5,7,0.1,0.026144700508622987,330
25,25,0.5,0.5,1.5,1.0,5,0.1,0.02607786945747715,483
20,25,0.5,1.2,1.2,2.0,5,0.1,0.02593383109334413,450
30,30,0.5,1.2,2.0,1.5,3,0.05,0.025318910165552003,339
25,30,0.3,0.8,2.0,2.0,7,0.07,0.024603672313201132,369
25,25,0.8,0.5,1.5,2.0,3,0.07,0.024416357271951527,384
25,25,0.8,0.5,2.0,2.0,3,0.07,0.024416357271951527,384
30,35,0.3,1.2,2.0,1.5,7,0.07,0.02427235601086508,306
30,30,0.5,1.2,1.5,1.5,3,0.05,0.024256815292568696,345
20,25,0.8,0.8,2.0,1.5,7,0.1,0.02371532554406576,453
20,25,0.8,1.2,1.5,1.5,5,0.07,0.023626447499913893,459
25,25,0.8,0.8,1.2,2.0,5,0.05,0.02359006715215946,363
25,35,0.3,0.5,1.2,2.0,5,0.05,0.023177503393678515,360
25,35,0.8,1.2,1.5,1.5,3,0.1,0.02315768876651184,372
25,30,0.5,0.5,1.2,2.0,5,0.07,0.022896952617097625,366
20,25,0.8,1.2,1.5,1.5,5,0.05,0.02263505574904783,459
20,25,0.3,0.5,1.2,1.0,5,0.07,0.022582504563363043,597
20,25,0.3,0.5,1.2,1.0,7,0.07,0.022582504563363043,597
25,30,0.8,1.2,1.5,1.5,7,0.07,0.02131515345198951,372
25,30,0.3,0.5,1.5,2.0,5,0.1,0.021185057459630684,378
25,25,0.5,0.8,1.5,1.0,5,0.07,0.020766227595566737,477
25,35,0.8,1.2,2.0,1.5,7,0.1,0.020570285366494852,345
20,25,0.5,1.2,1.2,1.0,7,0.05,0.01965680814407899,561
20,25,0.5,1.2,1.2,1.0,5,0.05,0.01965680814407899,561
25,30,0.8,0.8,2.0,1.5,3,0.07,0.019496496572353195,387
25,35,0.8,1.2,2.0,1.5,3,0.07,0.0194477715703787,366
30,35,0.3,0.5,2.0,2.0,5,0.05,0.019209862262871684,291
30,25,0.5,1.2,1.5,2.0,7,0.05,0.019161858500106974,315
25,30,0.8,0.5,2.0,1.5,3,0.05,0.01860278208768297,390
25,35,0.3,1.2,1.5,2.0,5,0.05,0.018205878152797207,354
25,35,0.8,1.2,1.5,1.5,3,0.05,0.018203119254463017,372
30,25,0.3,1.2,2.0,2.0,7,0.1,0.017855556289269874,315
30,25,0.3,1.2,1.2,2.0,7,0.07,0.01765538929903232,321
20,25,0.3,1.2,1.2,1.0,7,0.07,0.017475884162560826,585
20,25,0.3,1.2,1.2,1.0,5,0.07,0.017475884162560826,585
20,25,0.3,1.2,1.2,2.0,7,0.07,0.017474839721842793,468
25,35,0.5,0.5,2.0,2.0,7,0.05,0.016755040278734253,342
25,30,0.5,1.2,2.0,2.0,3,0.1,0.016731493751545257,378
25,30,0.5,1.2,1.5,2.0,3,0.1,0.016731493751545257,378
30,25,0.3,1.2,1.5,2.0,7,0.05,0.01661672520292794,318
30,25,0.8,0.8,1.2,1.5,5,0.05,0.01612258422540238,351
25,30,0.3,0.8,2.0,2.0,7,0.1,0.014394595802513106,369
25,30,0.3,0.5,2.0,2.0,7,0.07,0.013871855782398393,372
25,25,0.5,0.5,1.2,1.0,3,0.1,0.012584317243363374,504
20,25,0.3,1.2,1.2,2.0,7,0.1,0.012341626632537673,468
20,30,0.3,1.2,1.5,2.0,3,0.05,0.012046109670362156,477
20,30,0.3,1.2,2.0,2.0,3,0.05,0.012046109670362156,477
30,30,0.5,1.2,1.2,1.5,3,0.05,0.011715504610119224,345
25,35,0.8,1.2,2.0,1.5,3,0.05,0.011550227029421123,366
25,35,0.5,0.8,1.2,2.0,5,0.07,0.010976007823627731,345
25,30,0.5,0.8,1.2,2.0,3,0.05,0.010960421428713148,381
25,35,0.3,0.8,1.5,2.0,5,0.1,0.010355533004433806,357
30,35,0.3,1.2,2.0,1.5,3,0.05,0.010234687925609413,321
25,25,0.8,0.8,1.5,2.0,5,0.07,0.009917407999758647,363
25,25,0.8,0.8,2.0,2.0,5,0.07,0.009917407999758647,363
25,25,0.5,1.2,1.5,1.0,5,0.07,0.009816535063531973,471
25,30,0.8,0.5,2.0,1.5,3,0.07,0.009385274296559847,390
30,30,0.5,1.2,1.5,1.5,3,0.07,0.008966419415597742,345
30,25,0.8,0.5,1.5,1.5,5,0.05,0.008852955620196034,348
20,25,0.3,0.8,1.5,1.0,3,0.07,0.008374365111762335,591
20,25,0.5,0.5,2.0,2.0,7,0.07,0.007898041685422335,456
25,30,0.8,0.8,1.5,1.5,3,0.1,0.006920055693885482,393
25,25,0.8,1.2,2.0,2.0,5,0.05,0.006900096466857336,354
25,25,0.8,1.2,1.5,2.0,5,0.05,0.006900096466857336,354
20,25,0.8,0.8,1.5,1.5,7,0.1,0.006870563722199881,462
30,25,0.3,1.2,2.0,2.0,7,0.07,0.006777147055641349,315
25,35,0.5,1.2,2.0,2.0,3,0.05,0.00669407887432829,360
25,35,0.5,1.2,1.5,2.0,3,0.05,0.00669407887432829,360
25,35,0.8,1.2,2.0,1.5,3,0.1,0.006501829951170087,366
30,35,0.5,1.2,1.5,1.5,7,0.1,0.006409092656590287,312
30,30,0.5,1.2,2.0,1.5,7,0.05,0.005650694185909999,321
30,30,0.3,1.2,1.5,1.5,3,0.1,0.005059166510177519,345
30,30,0.5,1.2,1.5,1.5,7,0.07,0.0048574536127962515,330
25,25,0.3,1.2,2.0,1.0,3,0.1,0.004834659964705616,477
25,35,0.3,1.2,2.0,2.0,7,0.05,0.004750902288805294,348
25,25,0.5,1.2,1.2,1.0,3,0.1,0.004675910893288974,492
25,35,0.8,1.2,2.0,1.5,7,0.07,0.0044763703558689085,345
20,25,0.3,1.2,2.0,2.0,7,0.05,0.004462040403330788,462
20,25,0.8,0.5,1.5,1.5,3,0.1,0.0039924628857116225,498
30,30,0.3,1.2,2.0,1.5,7,0.05,0.0038267790027977457,324
25,30,0.3,0.5,2.0,2.0,7,0.1,0.0035986306271736266,372
25,35,0.3,0.8,1.5,2.0,5,0.07,0.003543866867011991,357
25,30,0.3,0.8,1.5,2.0,5,0.05,0.002989743658775653,375
25,30,0.8,0.8,1.2,1.5,3,0.07,0.0029398476198849166,396
20,25,0.3,0.8,1.5,1.0,3,0.05,0.0029231860888179937,591
30,25,0.5,0.8,1.5,2.0,7,0.07,0.0026084951085229707,324
20,25,0.5,0.8,1.2,2.0,5,0.05,0.0025610497764117094,459
25,30,0.3,0.8,2.0,2.0,5,0.07,0.0024851632205343736,375
30,30,0.3,1.2,1.2,1.5,3,0.05,0.002442410927249139,348
20,25,0.3,1.2,1.5,1.0,3,0.07,0.0019559451744977085,585
25,30,0.8,0.8,1.2,1.5,3,0.05,0.00154398997685965,396
25,35,0.8,1.2,1.2,1.5,3,0.07,0.0015263431376211297,375
20,25,0.3,0.5,1.2,1.0,5,0.05,0.0013240574933892782,597
20,25,0.3,0.5,1.2,1.0,7,0.05,0.0013240574933892782,597
20,25,0.3,0.8,1.5,2.0,7,0.05,0.0010205242308797399,474
30,30,0.5,1.2,2.0,1.5,3,0.07,0.0005409048591954384,339
30,35,0.3,1.2,1.5,1.5,3,0.05,0.0004709534429277795,327
30,35,0.3,1.2,2.0,1.5,3,0.07,0.0003213544185624843,321
30,35,0.3,1.2,1.5,1.5,3,0.07,0.0002636198514832137,327
25,30,0.5,0.5,1.2,2.0,3,0.05,-0.00021337940410489273,384
25,25,0.3,0.8,2.0,1.0,3,0.1,-0.0002269572377849342,483
20,25,0.5,0.5,1.5,2.0,7,0.1,-0.0002714070345740967,456
25,35,0.3,0.8,1.5,2.0,7,0.05,-0.000626811515077789,354
25,25,0.8,0.5,1.5,2.0,3,0.1,-0.0006589723060411278,384
25,25,0.8,0.5,2.0,2.0,3,0.1,-0.0006589723060411278,384
25,30,0.8,1.2,2.0,1.5,7,0.05,-0.0010855122624843208,363
30,35,0.5,0.8,2.0,1.5,7,0.1,-0.0019195077422091255,306
25,35,0.5,1.2,2.0,2.0,3,0.07,-0.0020631685658082893,360
25,35,0.5,1.2,1.5,2.0,3,0.07,-0.0020631685658082893,360
25,25,0.5,0.5,1.2,1.0,3,0.07,-0.002300226902810909,504
20,25,0.3,1.2,1.5,2.0,7,0.07,-0.00238201368748527,465
30,30,0.3,1.2,2.0,1.5,3,0.1,-0.0027283396637938512,339
25,30,0.8,0.5,1.5,1.5,3,0.1,-0.0030978795512731933,396
20,25,0.5,0.8,2.0,2.0,7,0.1,-0.0031948077958030376,450
25,35,0.5,1.2,1.5,2.0,3,0.1,-0.003212277918308104,360
25,35,0.5,1.2,2.0,2.0,3,0.1,-0.003212277918308104,360
25,35,0.3,0.8,1.2,2.0,7,0.05,-0.003381310533977418,357
30,30,0.5,1.2,1.2,1.5,3,0.07,-0.00361055282479252,345
30,30,0.5,0.8,2.0,1.5,7,0.1,-0.0043394268698194,324
25,30,0.3,0.8,2.0,2.0,5,0.1,-0.004800287590013771,375
20,25,0.3,1.2,1.2,1.0,5,0.05,-0.0051186566179525815,585
20,25,0.3,1.2,1.2,1.0,7,0.05,-0.0051186566179525815,585
25,30,0.8,0.8,2.0,1.5,7,0.1,-0.005521359209343487,366
30,30,0.3,1.2,1.2,1.5,3,0.07,-0.005806514944813897,348
25,35,0.5,0.5,1.2,2.0,5,0.07,-0.005813526261844874,348
25,35,0.3,0.5,1.5,2.0,5,0.1,-0.005928318253228439,360
25,25,0.3,0.5,1.5,1.0,7,0.07,-0.00594350207275646,495
25,25,0.3,0.5,1.5,1.0,5,0.07,-0.00594350207275646,495
30,30,0.3,1.2,1.5,1.5,7,0.1,-0.00653434833647933,333
20,25,0.8,0.5,1.2,1.5,7,0.1,-0.006699255309128952,480
25,30,0.8,0.5,1.2,1.5,3,0.07,-0.007123073704839448,399
25,35,0.3,0.8,2.0,2.0,7,0.07,-0.0071549095082864,351
20,25,0.3,1.2,1.5,2.0,5,0.05,-0.007328505956641405,474
25,30,0.5,0.8,1.2,2.0,3,0.07,-0.007439497438918119,381
25,30,0.8,0.8,2.0,1.5,7,0.07,-0.007479620441854725,366
25,35,0.3,0.8,2.0,2.0,7,0.1,-0.007757079485434711,351
25,30,0.3,0.5,1.5,2.0,5,0.05,-0.007939671183182373,378
25,30,0.8,0.5,1.2,1.5,3,0.05,-0.008267399382327923,399
25,35,0.5,1.2,1.2,2.0,5,0.05,-0.008447782365009537,342
25,30,0.3,0.8,2.0,2.0,7,0.05,-0.008637653654165281,369
25,30,0.3,0.5,2.0,2.0,5,0.07,-0.008679525219606975,378
25,25,0.5,1.2,1.2,1.0,3,0.07,-0.010404391004762743,492
20,25,0.8,0.5,1.2,1.5,3,0.1,-0.010666229797949104,498
25,25,0.5,0.5,2.0,1.0,7,0.05,-0.010838571517062412,462
25,30,0.8,0.8,2.0,1.5,3,0.1,-0.011091534108118584,387
20,25,0.8,0.5,2.0,1.5,3,0.1,-0.011530370044692187,492
20,25,0.8,1.2,1.2,1.5,5,0.05,-0.012077461982937592,468
20,30,0.3,1.2,1.2,2.0,3,0.07,-0.012138228268372023,477
25,35,0.3,0.5,1.5,2.0,5,0.07,-0.012224233623762498,360
20,25,0.3,0.5,1.5,1.0,3,0.1,-0.012282955296196644,597
25,35,0.8,1.2,1.2,1.5,3,0.1,-0.012558778527777415,375
30,25,0.8,0.5,2.0,1.5,5,0.07,-0.012811737254307213,342
30,35,0.3,1.2,2.0,1.5,3,0.1,-0.013177224852675659,321
20,25,0.8,1.2,1.2,1.5,5,0.07,-0.013204946083740085,468
25,25,0.3,1.2,2.0,1.0,7,0.1,-0.013828657367799415,465
20,25,0.5,0.8,1.2,2.0,5,0.07,-0.013975995751527092,459
20,25,0.3,0.5,1.2,2.0,5,0.05,-0.01431408361017782,489
25,25,0.3,0.8,2.0,1.0,3,0.07,-0.014820235729182259,483
30,35,0.3,1.2,1.5,1.5,3,0.1,-0.01513362872508656,327
20,25,0.3,1.2,1.5,1.0,3,0.05,-0.015187702083573902,585
25,35,0.3,0.5,1.5,2.0,7,0.05,-0.015410022444356124,357
25,30,0.8,0.5,2.0,1.5,7,0.1,-0.015683309152662188,369
30,35,0.3,0.8,2.0,1.5,7,0.1,-0.015689591499628994,309
30,25,0.5,0.8,1.5,2.0,7,0.1,-0.016029616334941682,324
25,30,0.3,0.5,2.0,2.0,5,0.1,-0.016239637634245498,378
20,25,0.8,0.5,2.0,1.5,7,0.1,-0.017053585328883666,459
25,30,0.5,1.2,1.5,2.0,5,0.07,-0.017107076931227816,360
25,30,0.5,1.2,2.0,2.0,5,0.07,-0.017107076931227816,360
25,35,0.8,1.2,1.2,1.5,3,0.05,-0.01722880863881333,375
20,25,0.3,0.5,1.2,2.0,7,0.05,-0.01725471660250743,483
25,30,0.8,1.2,1.2,1.5,7,0.1,-0.017431426694679578,384
25,30,0.8,0.5,2.0,1.5,7,0.07,-0.017455440733351153,369
30,30,0.3,0.8,2.0,1.5,7,0.1,-0.018109510627239363,327
25,30,0.5,0.8,1.5,2.0,3,0.05,-0.018400858642138786,381
25,30,0.5,0.8,2.0,2.0,3,0.05,-0.018400858642138786,381
30,25,0.5,1.2,1.2,2.0,7,0.05,-0.018513137878591334,318
25,35,0.3,0.5,1.2,2.0,7,0.05,-0.018645950195982374,360
25,25,0.8,0.8,1.5,2.0,5,0.1,-0.018648624693116945,363
25,25,0.8,0.8,2.0,2.0,5,0.1,-0.018648624693116945,363
25,30,0.5,0.5,1.2,2.0,3,0.07,-0.018785817529094813,384
25,25,0.5,0.5,1.2,1.0,3,0.05,-0.018964514813819607,504
25,30,0.3,0.5,2.0,2.0,7,0.05,-0.019206382344767733,372
25,35,0.3,1.2,2.0,2.0,5,0.05,-0.0193593013484302,354
30,30,0.5,0.8,2.0,1.5,7,0.07,-0.019725596104531055,324
25,25,0.3,0.8,1.5,1.0,3,0.1,-0.01973084809511857,501
30,25,0.8,0.5,2.0,1.5,5,0.1,-0.019897689895750345,342
25,25,0.3,0.8,1.5,1.0,7,0.05,-0.020385397782840053,489
25,25,0.3,0.8,1.5,1.0,5,0.05,-0.020385397782840053,489
30,35,0.5,1.2,2.0,1.5,3,0.05,-0.02052188346830587,321
30,25,0.8,0.8,2.0,1.5,5,0.05,-0.020719172938818944,336
25,25,0.3,1.2,1.5,1.0,3,0.1,-0.020742051860292203,495
20,25,0.3,0.8,1.2,2.0,5,0.07,-0.020893000646749624,483
25,30,0.8,0.5,2.0,1.5,3,0.1,-0.02117109765832549,390
25,25,0.3,1.2,2.0,1.0,3,0.07,-0.021450102142329733,477
30,30,0.5,0.5,2.0,1.5,7,0.1,-0.021813086853105346,327
25,35,0.3,0.5,2.0,2.0,7,0.07,-0.022324802879842284,354
20,25,0.8,1.2,1.5,1.5,5,0.1,-0.022475139045191102,459
25,30,0.8,1.2,1.2,1.5,7,0.07,-0.02294556122803776,384
25,35,0.3,0.5,2.0,2.0,7,0.1,-0.023097478415853735,354
25,30,0.5,1.2,1.5,2.0,5,0.1,-0.023105934409300193,360
25,30,0.5,1.2,2.0,2.0,5,0.1,-0.023105934409300193,360
30,25,0.3,0.8,1.5,2.0,7,0.07,-0.023594392915270223,327
20,30,0.3,0.8,1.2,2.0,3,0.05,-0.025706016355218773,480
30,35,0.3,1.2,1.5,1.5,7,0.1,-0.026269956188512154,315
20,25,0.8,0.8,1.5,1.5,5,0.05,-0.02638470043347711,468
30,30,0.5,1.2,1.5,1.5,3,0.1,-0.02677674418474165,345
30,30,0.5,1.2,1.2,1.5,7,0.1,-0.026969592463938232,339
25,35,0.3,0.8,2.0,2.0,5,0.1,-0.027069162089442492,357
25,25,0.3,0.8,2.0,1.0,7,0.1,-0.027272880057894053,471
25,25,0.8,0.5,1.2,2.0,5,0.05,-0.02818853059846507,369
25,25,0.5,1.2,1.2,1.0,3,0.05,-0.02825340550628967,492
30,35,0.5,0.5,2.0,1.5,7,0.1,-0.02889023357957639,309
25,25,0.5,0.5,1.5,1.0,5,0.07,-0.028907507219038134,483
25,30,0.5,0.8,1.2,2.0,3,0.1,-0.028925962210372344,381
25,30,0.8,0.8,1.2,1.5,3,0.1,-0.028936339700250505,396
25,35,0.8,1.2,1.5,1.5,7,0.1,-0.029096190751088543,354
20,25,0.3,0.8,1.2,2.0,5,0.1,-0.029146889622439564,483
25,30,0.5,0.5,2.0,2.0,3,0.05,-0.029224248176413618,384
25,30,0.5,0.5,1.5,2.0,3,0.05,-0.029224248176413618,384
20,25,0.3,1.2,1.5,2.0,7,0.1,-0.0292898314913393,465
30,35,0.5,1.2,2.0,1.5,3,0.07,-0.030337740521525654,321
30,35,0.5,1.2,1.5,1.5,3,0.05,-0.03067202040862164,327
30,35,0.5,1.2,1.5,1.5,3,0.07,-0.030796425834104364,327
20,30,0.3,1.2,1.2,2.0,3,0.1,-0.030990945280264047,477
30,25,0.3,0.8,1.5,2.0,7,0.1,-0.03155832841648671,327
30,35,0.5,0.8,2.0,1.5,7,0.07,-0.031773508137568386,306
30,35,0.5,1.2,1.5,1.5,7,0.07,-0.03177566343991479,312
30,30,0.3,0.8,2.0,1.5,3,0.05,-0.03219481470775408,342
20,35,0.3,1.2,1.2,2.0,3,0.05,-0.03236799606419972,459
30,30,0.3,1.2,1.5,1.5,7,0.07,-0.03240073061833157,333
30,25,0.3,1.2,1.2,2.0,7,0.05,-0.032721279265060854,321
30,35,0.5,1.2,2.0,1.5,7,0.05,-0.03346005946186623,303
30,30,0.3,0.8,1.5,1.5,3,0.05,-0.03347095899655188,348
25,30,0.3,0.8,2.0,2.0,5,0.05,-0.03366115445158669,375
25,35,0.3,0.8,2.0,2.0,5,0.07,-0.033913120191732676,357
20,25,0.8,0.5,1.5,1.5,7,0.1,-0.03394871077124324,468
30,30,0.5,1.2,2.0,1.5,3,0.1,-0.03414167927570412,339
30,25,0.8,0.5,1.2,1.5,5,0.05,-0.03423716042618343,357
20,25,0.5,0.8,1.2,2.0,5,0.1,-0.034841826077662646,459
20,25,0.3,1.2,2.0,2.0,5,0.05,-0.03504448944937826,474
30,35,0.3,1.2,2.0,1.5,7,0.05,-0.03528397464497848,306
20,30,0.3,0.5,1.2,2.0,3,0.05,-0.035486394705246824,483
30,30,0.3,0.5,2.0,1.5,7,0.1,-0.03558317061052531,330
20,25,0.3,0.5,1.5,1.0,3,0.07,-0.03634412249406587,597
20,30,0.5,1.2,2.0,1.5,7,0.05,-0.036533658012141236,459
25,25,0.3,0.8,2.0,1.0,3,0.05,-0.0367186356643201,483
30,30,0.5,0.5,2.0,1.5,7,0.07,-0.037139830047396266,327
25,30,0.5,0.8,1.2,2.0,5,0.05,-0.03781723994404955,363
25,30,0.8,0.5,1.2,1.5,3,0.1,-0.038954274945409186,399
25,25,0.3,1.2,1.5,1.0,7,0.05,-0.039511996113414063,483
25,25,0.3,1.2,1.5,1.0,5,0.05,-0.039511996113414063,483
25,30,0.8,1.2,1.5,1.5,7,0.05,-0.039561500336040306,372
20,25,0.8,0.8,1.5,1.5,5,0.07,-0.03961832163870014,468
25,35,0.5,1.2,1.5,2.0,5,0.1,-0.039849489216126036,342
25,35,0.5,1.2,2.0,2.0,5,0.1,-0.039849489216126036,342
25,25,0.8,0.5,1.5,2.0,5,0.07,-0.04000085955684042,369
25,25,0.8,0.5,2.0,2.0,5,0.07,-0.04000085955684042,369
25,30,0.5,0.5,1.2,2.0,3,0.1,-0.04015014768385643,384
30,25,0.5,1.2,2.0,2.0,7,0.05,-0.040575498100482554,315
20,25,0.3,0.8,1.2,2.0,7,0.07,-0.04126598456069623,477
25,35,0.8,0.8,1.5,1.5,3,0.07,-0.04162821238937748,375
20,25,0.3,0.8,2.0,2.0,7,0.05,-0.041844534852760316,471
20,30,0.3,1.2,2.0,2.0,3,0.07,-0.042022355110969335,477
20,30,0.3,1.2,1.5,2.0,3,0.07,-0.042022355110969335,477
25,35,0.5,0.8,1.2,2.0,3,0.05,-0.042239657366992964,363
20,25,0.3,0.5,1.5,1.0,3,0.05,-0.042645071610487285,597
30,35,0.3,0.5,2.0,1.5,7,0.1,-0.04266031733699636,312
30,30,0.5,1.2,1.2,1.5,3,0.1,-0.04289969318284328,345
30,35,0.5,1.2,1.2,1.5,3,0.05,-0.043213331091071235,327
20,25,0.3,0.5,1.5,2.0,7,0.05,-0.04325921974630426,480
25,35,0.3,0.5,2.0,2.0,5,0.1,-0.04335301334710474,360
30,35,0.5,1.2,1.2,1.5,3,0.07,-0.04337339807449457,327
30,30,0.3,0.8,2.0,1.5,7,0.07,-0.04357119276792746,327
25,30,0.5,0.8,1.5,2.0,3,0.07,-0.04375708253810313,381
25,30,0.5,0.8,2.0,2.0,3,0.07,-0.04375708253810313,381
25,35,0.5,0.8,1.2,2.0,3,0.07,-0.043819906964473784,363
30,25,0.5,0.8,1.2,2.0,7,0.07,-0.044397190157831265,327
25,30,0.8,0.8,1.5,1.5,7,0.1,-0.04446045219886818,375
20,25,0.8,1.2,2.0,1.5,5,0.05,-0.04446597638267111,453
30,35,0.5,1.2,2.0,1.5,3,0.1,-0.04459056446458579,321
25,30,0.3,0.5,2.0,2.0,5,0.05,-0.04459056929354484,378
30,30,0.5,1.2,1.5,1.5,7,0.05,-0.04462927069768457,330
20,25,0.5,0.5,1.2,2.0,5,0.05,-0.04491378153757738,465
30,30,0.3,1.2,1.2,1.5,3,0.1,-0.045196474474510376,348
30,35,0.3,1.2,1.2,1.5,3,0.07,-0.045569360194516066,330
20,25,0.3,0.8,1.2,1.0,3,0.1,-0.045809194851944936,603
20,25,0.3,1.2,1.5,2.0,5,0.07,-0.04596045590382339,474
20,25,0.3,1.2,2.0,2.0,7,0.07,-0.04662641858953025,462
25,35,0.5,0.8,1.2,2.0,3,0.1,-0.04666127083080849,363
30,35,0.5,1.2,1.5,1.5,3,0.1,-0.046969539420005736,327
20,25,0.5,0.5,2.0,2.0,7,0.1,-0.047684034312021284,456
20,30,0.5,1.2,1.5,1.5,3,0.05,-0.04775533080464555,498
30,25,0.5,0.8,1.2,2.0,7,0.1,-0.0483165589263458,327
25,35,0.8,0.8,2.0,1.5,7,0.1,-0.048323924967744764,348
30,30,0.3,0.8,1.5,1.5,3,0.07,-0.048750614400161235,348
20,30,0.5,1.2,2.0,1.5,3,0.05,-0.04894569392290988,492
20,30,0.3,0.8,2.0,2.0,3,0.05,-0.04900801340507357,480
20,30,0.3,0.8,1.5,2.0,3,0.05,-0.04900801340507357,480
30,30,0.5,1.2,1.2,1.5,7,0.07,-0.04909806888742368,339
25,30,0.5,0.5,1.2,2.0,5,0.05,-0.04945033603330417,366
25,35,0.5,1.2,1.5,2.0,5,0.07,-0.049601107377123,342
25,35,0.5,1.2,2.0,2.0,5,0.07,-0.049601107377123,342
25,35,0.3,0.5,2.0,2.0,5,0.07,-0.04968122068250704,360
30,25,0.3,1.2,2.0,2.0,7,0.05,-0.049746298990378295,315
25,35,0.8,1.2,1.5,1.5,7,0.07,-0.05036977268716766,354
25,30,0.8,0.8,1.5,1.5,7,0.07,-0.05074410806353873,375
25,25,0.3,0.5,2.0,1.0,3,0.1,-0.051590033411744285,489
20,25,0.8,1.2,2.0,1.5,5,0.07,-0.051725817527848814,453
30,30,0.3,0.5,2.0,1.5,3,0.05,-0.05181661110257363,345
30,25,0.5,0.5,1.5,2.0,7,0.07,-0.05194234436413295,330
25,25,0.3,0.8,1.5,1.0,3,0.07,-0.05207075998219016,501
30,35,0.3,1.2,1.2,1.5,3,0.05,-0.05248642477394124,330
30,30,0.3,0.5,1.5,1.5,3,0.05,-0.05257245435438199,351
20,25,0.3,0.8,1.5,2.0,5,0.05,-0.05432788798722554,483
25,35,0.3,0.8,1.5,2.0,5,0.05,-0.05434521951424563,357
25,30,0.5,0.5,1.5,2.0,3,0.07,-0.054713300653304944,384
25,30,0.5,0.5,2.0,2.0,3,0.07,-0.054713300653304944,384
25,30,0.8,0.5,1.5,1.5,7,0.1,-0.054930881395901764,378
30,25,0.5,0.8,2.0,2.0,7,0.07,-0.05502386091692064,324
25,35,0.8,0.8,1.5,1.5,3,0.1,-0.055292974345187415,375
30,30,0.3,1.2,1.2,1.5,7,0.1,-0.05551163132946719,342
30,35,0.3,0.8,2.0,1.5,7,0.07,-0.055619104800964776,309
30,30,0.5,0.8,1.5,1.5,7,0.1,-0.05569919948364457,333
25,35,0.8,0.5,1.5,1.5,3,0.07,-0.055758640267565045,378
25,25,0.3,1.2,2.0,1.0,3,0.05,-0.0561028052810068,477
25,25,0.3,1.2,2.0,1.0,7,0.07,-0.0567684927071882,465
30,30,0.3,0.8,2.0,1.5,3,0.07,-0.056971653641366395,342
20,35,0.3,1.2,1.5,2.0,3,0.05,-0.05767937255888338,459
20,35,0.3,1.2,2.0,2.0,3,0.05,-0.05767937255888338,459
25,25,0.3,0.8,2.0,1.0,7,0.07,-0.058026935900406876,471
25,35,0.5,0.5,1.2,2.0,3,0.05,-0.0580387872047325,366
20,30,0.5,1.2,1.2,1.5,3,0.05,-0.058071450600284465,498
20,25,0.3,0.8,1.2,2.0,7,0.1,-0.05833542036445143,477
25,35,0.8,0.8,2.0,1.5,3,0.07,-0.05848661108795496,369
20,30,0.3,0.5,1.5,2.0,3,0.05,-0.05855040166017034,483
20,30,0.3,0.5,2.0,2.0,3,0.05,-0.05855040166017034,483
30,35,0.5,0.5,2.0,1.5,7,0.07,-0.05860452943262306,309
30,25,0.5,0.8,1.5,2.0,7,0.05,-0.05958062050765971,324
20,25,0.5,0.5,1.2,2.0,5,0.07,-0.059966342206628775,465
30,35,0.5,1.2,1.2,1.5,7,0.1,-0.059978882579092,321
20,30,0.3,1.2,1.5,2.0,3,0.1,-0.05998354626572619,477
20,30,0.3,1.2,2.0,2.0,3,0.1,-0.05998354626572619,477
25,35,0.5,0.5,1.2,2.0,3,0.07,-0.05999162791955293,366
25,35,0.8,0.8,1.5,1.5,3,0.05,-0.06038509333244204,375
30,30,0.3,0.5,2.0,1.5,7,0.07,-0.06098542671079267,330
25,30,0.8,0.5,1.5,1.5,7,0.07,-0.061025818846981314,378
20,25,0.3,0.8,1.2,1.0,3,0.05,-0.06132043617213931,603
30,30,0.3,1.2,1.5,1.5,7,0.05,-0.06156095491400489,333
20,25,0.8,0.8,1.2,1.5,5,0.05,-0.06180819471907086,477
20,25,0.3,0.8,1.2,1.0,3,0.07,-0.06202360444032739,603
20,25,0.3,0.8,1.5,2.0,7,0.07,-0.062098179998682765,474
20,30,0.5,1.2,2.0,1.5,7,0.07,-0.06216464460500582,459
30,25,0.3,0.8,1.5,2.0,7,0.05,-0.06257336011541335,327
25,35,0.8,0.5,2.0,1.5,7,0.1,-0.06261230591822131,351
20,25,0.8,1.2,1.2,1.5,5,0.1,-0.06274896612173915,468
25,35,0.5,0.5,1.2,2.0,3,0.1,-0.06285950801309188,366
30,35,0.5,1.2,1.2,1.5,3,0.1,-0.06309248841810754,327
25,35,0.3,0.8,2.0,2.0,7,0.05,-0.06361204570120008,351
25,30,0.5,0.8,1.5,2.0,3,0.1,-0.06399365694795324,381
25,30,0.5,0.8,2.0,2.0,3,0.1,-0.06399365694795324,381
20,25,0.3,0.5,1.2,2.0,5,0.07,-0.06448265821515692,489
25,35,0.8,0.8,2.0,1.5,7,0.07,-0.06448274282529812,348
25,25,0.8,0.8,2.0,2.0,5,0.05,-0.06462310507801237,363
25,25,0.8,0.8,1.5,2.0,5,0.05,-0.06462310507801237,363
30,30,0.5,0.8,2.0,1.5,3,0.05,-0.06466923027984918,342
20,25,0.3,1.2,1.5,2.0,5,0.1,-0.06498218853475136,474
30,35,0.3,1.2,1.2,1.5,3,0.1,-0.0653892697097744,330
25,25,0.3,1.2,1.5,1.0,3,0.07,-0.0655685334645736,495
20,35,0.5,1.2,2.0,1.5,7,0.05,-0.06601197500557383,441
30,30,0.5,0.8,1.5,1.5,3,0.05,-0.06638010483695103,348
25,35,0.8,0.8,2.0,1.5,3,0.05,-0.0664586864066281,369
25,25,0.3,0.5,2.0,1.0,3,0.07,-0.06673524023620662,489
25,25,0.5,0.8,1.5,1.0,5,0.05,-0.06704807916288438,477
30,30,0.3,0.5,1.5,1.5,3,0.07,-0.06820232025375879,351
25,25,0.8,0.5,1.5,2.0,5,0.1,-0.0682846055332127,369
25,25,0.8,0.5,2.0,2.0,5,0.1,-0.0682846055332127,369
30,35,0.3,1.2,1.5,1.5,7,0.07,-0.06903384767104266,315
20,35,0.3,1.2,1.2,2.0,3,0.07,-0.06919440593191288,459
25,25,0.3,0.5,1.5,1.0,5,0.05,-0.06944239865690806,495
25,25,0.3,0.5,1.5,1.0,7,0.05,-0.06944239865690806,495
25,35,0.8,0.5,1.5,1.5,3,0.1,-0.06953175564214799,378
25,35,0.3,0.5,1.5,2.0,5,0.05,-0.06965912567495249,360
30,25,0.5,0.5,1.5,2.0,7,0.1,-0.06982390034034396,330
20,25,0.8,0.5,1.5,1.5,5,0.05,-0.06991702500186937,474
25,25,0.5,1.2,1.2,2.0,7,0.1,-0.07048959608064362,378
20,35,0.3,1.2,1.2,2.0,3,0.1,-0.07061993143236517,459
20,25,0.3,1.2,2.0,2.0,7,0.1,-0.07068959402977966,462
25,30,0.8,0.8,2.0,1.5,7,0.05,-0.07107376599986005,366
25,35,0.8,0.8,2.0,1.5,3,0.1,-0.07136233540837386,369
25,25,0.3,0.5,1.5,1.0,3,0.1,-0.0722109186258933,507
20,25,0.3,0.5,1.2,2.0,5,0.1,-0.07249127404924466,489
25,35,0.8,0.5,2.0,1.5,3,0.07,-0.07279674074783167,372
20,30,0.3,0.8,1.2,2.0,3,0.07,-0.07289033252748406,480
30,25,0.8,0.5,2.0,1.5,5,0.05,-0.07294679330288689,342
30,30,0.5,0.5,1.5,1.5,7,0.1,-0.0734193959041381,336
30,30,0.5,0.8,2.0,1.5,7,0.05,-0.07390894455855392,324
25,25,0.3,0.5,2.0,1.0,7,0.1,-0.07405522025350389,477
25,35,0.8,0.5,1.5,1.5,3,0.05,-0.07406847651912991,378
25,35,0.5,0.8,2.0,2.0,3,0.05,-0.07418759271040308,363
25,35,0.5,0.8,1.5,2.0,3,0.05,-0.07418759271040308,363
20,25,0.3,1.2,2.0,2.0,5,0.07,-0.07438943233121699,474
25,30,0.5,0.5,2.0,2.0,3,0.1,-0.07484973656662117,384
25,30,0.5,0.5,1.5,2.0,3,0.1,-0.07484973656662117,384
30,35,0.5,0.8,1.5,1.5,7,0.1,-0.07543480733567724,315
30,30,0.3,0.8,2.0,1.5,7,0.05,-0.0761771167750412,327
30,25,0.3,0.8,1.2,2.0,7,0.1,-0.0766132287745258,330
30,30,0.3,0.5,2.0,1.5,3,0.07,-0.07690791822620315,345
20,25,0.8,0.8,1.2,1.5,5,0.07,-0.07697446792798236,477
25,35,0.8,0.8,1.2,1.5,3,0.07,-0.07714662219521448,378
30,30,0.5,0.8,1.5,1.5,7,0.07,-0.07717917188476585,333
30,30,0.3,1.2,1.2,1.5,7,0.07,-0.07771853296747568,342
30,25,0.3,0.8,1.2,2.0,7,0.07,-0.07799673117509674,330
30,35,0.3,0.8,2.0,1.5,3,0.05,-0.07803560834161197,324
30,25,0.3,0.5,1.5,2.0,7,0.07,-0.07814523238792613,333
25,35,0.3,0.5,2.0,2.0,7,0.05,-0.0783952566304784,354
25,35,0.8,0.5,2.0,1.5,7,0.07,-0.07844712285018768,351
20,25,0.5,0.8,1.2,2.0,3,0.05,-0.07893852881295364,486
30,30,0.5,0.8,1.2,1.5,3,0.05,-0.07917424368694471,348
20,30,0.5,0.8,2.0,1.5,7,0.05,-0.07998844312310233,462
20,25,0.5,0.5,1.2,2.0,5,0.1,-0.08017524738831652,465
25,35,0.8,0.5,2.0,1.5,3,0.05,-0.08036992714450228,372
25,35,0.8,1.2,1.2,1.5,7,0.1,-0.08037449572564735,366
30,25,0.5,0.8,2.0,2.0,7,0.1,-0.08061248292801179,324
20,25,0.5,1.2,1.5,2.0,5,0.05,-0.08085656366875428,450
20,25,0.5,1.2,2.0,2.0,5,0.05,-0.08085656366875428,450
25,30,0.8,0.5,2.0,1.5,7,0.05,-0.08085800988619148,369
30,30,0.5,0.8,1.5,1.5,3,0.07,-0.08158541350213903,348
20,25,0.8,0.5,1.5,1.5,5,0.07,-0.08166897416076781,474
20,25,0.3,0.8,2.0,2.0,5,0.05,-0.08171083367206283,483
20,35,0.5,1.2,2.0,1.5,7,0.07,-0.08196106662650778,441
30,30,0.3,0.8,1.2,1.5,3,0.05,-0.08216916914002208,351
25,25,0.5,1.2,2.0,1.0,5,0.1,-0.08233772441380599,456
25,25,0.3,0.8,1.2,1.0,5,0.1,-0.08238452460469589,501
25,25,0.3,0.8,1.2,1.0,7,0.1,-0.08238452460469589,501
20,30,0.3,0.5,1.2,2.0,3,0.07,-0.08242820379271873,483
30,35,0.3,0.5,2.0,1.5,7,0.07,-0.08245012609601947,312
25,35,0.5,0.8,1.2,2.0,5,0.05,-0.08247472396847595,345
25,35,0.5,0.8,2.0,2.0,3,0.07,-0.08287275341832209,363
25,35,0.5,0.8,1.5,2.0,3,0.07,-0.08287275341832209,363
25,35,0.8,1.2,2.0,1.5,7,0.05,-0.08338388251203825,345
30,30,0.3,0.8,1.5,1.5,3,0.1,-0.08362074626000411,348
25,35,0.5,0.8,2.0,2.0,3,0.1,-0.08393742861780673,363
25,35,0.5,0.8,1.5,2.0,3,0.1,-0.08393742861780673,363
30,30,0.5,0.5,2.0,1.5,3,0.05,-0.08429102667466874,345
20,25,0.3,0.5,1.2,2.0,7,0.07,-0.08455177113156506,483
25,30,0.8,1.2,1.2,1.5,7,0.05,-0.08534158675273475,384
30,25,0.3,0.5,1.5,2.0,7,0.1,-0.08535261242188885,333
30,30,0.5,0.5,1.5,1.5,3,0.05,-0.08548160019478115,351
25,35,0.8,0.5,2.0,1.5,3,0.1,-0.08580784257434497,372
20,25,0.5,1.2,1.5,2.0,5,0.07,-0.08589959385188782,450
20,25,0.5,1.2,2.0,2.0,5,0.07,-0.08589959385188782,450
30,25,0.3,0.8,2.0,2.0,7,0.07,-0.0859201112147099,324
20,25,0.3,0.5,2.0,2.0,7,0.05,-0.08612427882994432,477
30,30,0.3,0.8,1.5,1.5,7,0.1,-0.08639464204650694,336
20,30,0.5,1.2,2.0,1.5,7,0.1,-0.08672790106949282,459
20,30,0.5,1.2,1.5,1.5,3,0.07,-0.08781033660872675,498
30,35,0.3,0.8,2.0,1.5,3,0.07,-0.08785029902208746,324
25,30,0.5,1.2,1.5,2.0,5,0.05,-0.0878792004334114,360
25,30,0.5,1.2,2.0,2.0,5,0.05,-0.0878792004334114,360
30,35,0.3,0.8,1.5,1.5,3,0.05,-0.08839979469774226,330
30,35,0.3,0.8,1.5,1.5,3,0.07,-0.08851345964986333,330
30,35,0.3,1.2,1.2,1.5,7,0.1,-0.08852092144462106,324
30,30,0.5,0.8,2.0,1.5,3,0.07,-0.08935666496919777,342
25,30,0.8,0.8,1.2,1.5,7,0.1,-0.08936777869105425,387
25,25,0.3,0.5,2.0,1.0,3,0.05,-0.08947605105962926,489
25,35,0.5,0.5,1.5,2.0,3,0.05,-0.08948165778260421,366
25,35,0.5,0.5,2.0,2.0,3,0.05,-0.08948165778260421,366
25,30,0.5,0.8,2.0,2.0,5,0.07,-0.08977784668198403,363
25,30,0.5,0.8,1.5,2.0,5,0.07,-0.08977784668198403,363
25,25,0.3,0.8,1.5,1.0,3,0.05,-0.09034839438545142,501
30,30,0.3,0.8,1.2,1.5,3,0.07,-0.09037299110727165,351
20,30,0.5,0.5,2.0,1.5,7,0.05,-0.09041569476549105,465
25,25,0.5,0.8,2.0,1.0,5,0.1,-0.09042125135849113,462
20,25,0.3,0.5,1.2,1.0,3,0.1,-0.09065606155451404,609
30,30,0.3,0.8,2.0,1.5,3,0.1,-0.0907978714933193,342
25,35,0.3,0.8,2.0,2.0,5,0.05,-0.09099611762460791,357
30,30,0.5,0.5,2.0,1.5,7,0.05,-0.09109708097922425,327
25,35,0.8,0.8,1.2,1.5,3,0.1,-0.09119986875363195,378
20,25,0.5,1.2,1.2,2.0,3,0.05,-0.09122997522382888,477
30,25,0.3,0.8,2.0,2.0,7,0.1,-0.09127688734107714,324
25,35,0.8,0.5,1.2,1.5,3,0.07,-0.09127705007340206,381
20,30,0.3,0.8,1.2,2.0,3,0.1,-0.09140014829733367,480
25,25,0.5,1.2,1.5,1.0,5,0.05,-0.09144081810010829,471
25,25,0.3,0.8,2.0,1.0,7,0.05,-0.09240405661410059,471
20,25,0.8,0.8,2.0,1.5,5,0.05,-0.09252522258918829,462
30,30,0.3,0.5,2.0,1.5,7,0.05,-0.09336525319571143,330
20,35,0.3,0.8,1.2,2.0,3,0.05,-0.09342211913963562,462
20,25,0.3,1.2,2.0,2.0,5,0.1,-0.09354749289780344,474
20,35,0.5,1.2,2.0,1.5,3,0.05,-0.09355870583208459,474
25,25,0.5,0.8,1.2,1.0,7,0.1,-0.09373072059590953,489
25,25,0.5,0.8,1.2,1.0,5,0.1,-0.09373072059590953,489
30,30,0.5,0.8,1.2,1.5,3,0.07,-0.0944169310557912,348
30,30,0.5,0.5,1.5,1.5,7,0.07,-0.09482239076319245,336
25,30,0.8,0.8,1.2,1.5,7,0.07,-0.09502681990834086,387
25,30,0.5,0.8,2.0,2.0,5,0.1,-0.09569453939305551,363
25,30,0.5,0.8,1.5,2.0,5,0.1,-0.09569453939305551,363
25,35,0.8,0.8,1.2,1.5,3,0.05,-0.09597237258681078,378
20,35,0.5,1.2,1.5,1.5,3,0.05,-0.09603022964824973,480
20,30,0.5,1.2,2.0,1.5,3,0.07,-0.09743272104911872,492
20,30,0.5,0.8,1.5,1.5,3,0.05,-0.09764609353114004,501
30,25,0.5,0.8,1.2,2.0,7,0.05,-0.09784208678218134,327
20,30,0.5,1.2,1.2,1.5,3,0.07,-0.0981444704778832,498
30,30,0.5,0.5,1.2,1.5,3,0.05,-0.09827573904477495,351
25,35,0.5,0.5,2.0,2.0,3,0.07,-0.0984957708236245,366
25,35,0.5,0.5,1.5,2.0,3,0.07,-0.0984957708236245,366
20,30,0.5,0.8,2.0,1.5,3,0.05,-0.09858813430162533,495
20,25,0.3,0.5,1.5,2.0,5,0.05,-0.09871754113234463,489
25,35,0.5,0.5,1.2,2.0,5,0.05,-0.09879351834865435,348
20,25,0.3,1.2,1.2,1.0,3,0.1,-0.09905910109195214,597
20,25,0.8,0.8,1.5,1.5,5,0.1,-0.0991961977229101,468
25,30,0.8,0.5,1.2,1.5,7,0.1,-0.09925951364923627,390
20,35,0.5,1.2,2.0,1.5,7,0.1,-0.09927437990719505,441
30,25,0.5,0.5,1.2,2.0,7,0.07,-0.09950811292630897,333
30,30,0.5,1.2,1.2,1.5,7,0.05,-0.0995829577713618,339
25,35,0.5,0.5,2.0,2.0,3,0.1,-0.09961892986517415,366
25,35,0.5,0.5,1.5,2.0,3,0.1,-0.09961892986517415,366
25,25,0.5,1.2,1.2,2.0,7,0.07,-0.09963038588281874,378
25,25,0.3,0.8,1.2,1.0,5,0.07,-0.10051857645442107,501
25,25,0.3,0.8,1.2,1.0,7,0.07,-0.10051857645442107,501
20,30,0.3,0.5,1.2,2.0,3,0.1,-0.10087773734044797,483
25,30,0.5,0.5,2.0,2.0,5,0.07,-0.10094253512212532,366
25,30,0.5,0.5,1.5,2.0,5,0.07,-0.10094253512212532,366
25,35,0.8,0.8,1.5,1.5,7,0.1,-0.1010182294304791,357
30,30,0.5,0.5,1.5,1.5,3,0.07,-0.10103711935573659,351
30,35,0.3,0.8,2.0,1.5,3,0.1,-0.10124675668220104,324
20,25,0.3,0.5,1.2,2.0,7,0.1,-0.10125624887312955,483
30,30,0.3,0.5,1.2,1.5,3,0.05,-0.10127066449785219,354
20,25,0.3,0.8,1.5,2.0,7,0.1,-0.10134483463727169,474
20,35,0.3,1.2,2.0,2.0,3,0.07,-0.10139283905906728,459
20,35,0.3,1.2,1.5,2.0,3,0.07,-0.10139283905906728,459
20,35,0.3,1.2,2.0,2.0,3,0.1,-0.10153030890111804,459
20,35,0.3,1.2,1.5,2.0,3,0.1,-0.10153030890111804,459
30,35,0.5,0.5,1.5,1.5,7,0.1,-0.10230049698763351,318
30,25,0.5,0.5,1.2,2.0,7,0.1,-0.10253271003437578,333
25,25,0.3,1.2,2.0,1.0,5,0.1,-0.10273149190151569,468
20,30,0.3,0.8,1.5,2.0,3,0.07,-0.10277445937008141,480
20,30,0.3,0.8,2.0,2.0,3,0.07,-0.10277445937008141,480
30,30,0.3,0.5,1.5,1.5,3,0.1,-0.10280855076662299,351
20,25,0.5,0.8,1.5,2.0,3,0.05,-0.10288378633561492,486
20,25,0.5,0.8,2.0,2.0,3,0.05,-0.10288378633561492,486
25,25,0.3,1.2,2.0,1.0,7,0.05,-0.10331751502817511,465
20,25,0.5,1.2,1.2,2.0,3,0.1,-0.10367966956089919,477
30,35,0.3,0.8,1.5,1.5,3,0.1,-0.10381354149526827,330
20,25,0.8,0.5,1.2,1.5,5,0.05,-0.10403992300221891,483
30,35,0.5,1.2,1.2,1.5,7,0.07,-0.10407869857998502,321
25,35,0.8,1.2,1.2,1.5,7,0.07,-0.10411131328469114,366
30,30,0.3,0.5,1.5,1.5,7,0.1,-0.10411483846700048,339
25,30,0.8,0.5,1.2,1.5,7,0.07,-0.10447942751040905,390
20,25,0.5,1.2,1.2,2.0,3,0.07,-0.10461481441339414,477
20,25,0.3,0.8,2.0,2.0,7,0.07,-0.10471213854473278,471
20,25,0.3,0.5,1.5,2.0,7,0.07,-0.10494395304278115,480
20,25,0.3,0.8,1.5,2.0,5,0.07,-0.10498311570741294,483
25,25,0.3,0.5,1.5,1.0,3,0.07,-0.10502971302972858,507
25,25,0.3,0.5,2.0,1.0,7,0.07,-0.1050338783612274,477
20,30,0.5,0.8,2.0,1.5,7,0.07,-0.10512922331924696,462
25,35,0.8,0.5,1.2,1.5,3,0.1,-0.10543865005059253,381
30,35,0.5,1.2,1.5,1.5,7,0.05,-0.10586726835950024,312
30,35,0.3,0.8,1.5,1.5,7,0.1,-0.10613024989853963,318
25,35,0.3,0.5,2.0,2.0,5,0.05,-0.10631002378531489,360
20,35,0.3,0.5,1.2,2.0,3,0.05,-0.10632066625483508,465
20,35,0.5,1.2,1.2,1.5,3,0.05,-0.1063463494438887,480
20,25,0.3,0.5,1.2,1.0,3,0.05,-0.10685487687266026,609
20,25,0.3,0.5,1.2,1.0,3,0.07,-0.10697160506213683,609
25,30,0.5,0.5,2.0,2.0,5,0.1,-0.1071338894372873,366
25,30,0.5,0.5,1.5,2.0,5,0.1,-0.1071338894372873,366
20,30,0.5,0.8,1.2,1.5,3,0.05,-0.10804389980648493,501
30,35,0.3,0.5,2.0,1.5,3,0.05,-0.10860547594661286,327
30,30,0.5,0.8,1.2,1.5,7,0.1,-0.10886767972823085,342
20,30,0.5,0.5,1.5,1.5,3,0.05,-0.10888379880848793,504
30,30,0.5,0.5,2.0,1.5,3,0.07,-0.10929292955403452,345
20,35,0.5,0.8,2.0,1.5,7,0.05,-0.10946676011653497,444
30,25,0.5,0.5,2.0,2.0,7,0.07,-0.10957470038957655,330
25,35,0.8,0.5,1.2,1.5,3,0.05,-0.10965575577349866,381
30,30,0.3,0.5,1.2,1.5,3,0.07,-0.10982469696086931,354
20,30,0.5,0.5,2.0,1.5,3,0.05,-0.11001984539944736,498
30,30,0.3,0.5,2.0,1.5,3,0.1,-0.1104924770287747,345
30,35,0.5,0.8,2.0,1.5,3,0.05,-0.11051002391370694,324
30,25,0.3,0.8,1.2,2.0,7,0.05,-0.11068830949909492,330
30,25,0.5,1.2,1.2,2.0,5,0.1,-0.11136846239152098,324
25,30,0.8,0.8,1.5,1.5,7,0.05,-0.11188617192714892,375
20,30,0.3,0.5,1.5,2.0,3,0.07,-0.11205442966698162,483
20,30,0.3,0.5,2.0,2.0,3,0.07,-0.11205442966698162,483
25,35,0.5,0.8,2.0,2.0,5,0.1,-0.11243809419988134,345
25,35,0.5,0.8,1.5,2.0,5,0.1,-0.11243809419988134,345
20,25,0.8,1.2,2.0,1.5,5,0.1,-0.11278656809713536,453
30,30,0.3,0.8,1.5,1.5,7,0.07,-0.11280803807240763,336
30,35,0.5,0.8,2.0,1.5,7,0.05,-0.1130196982063303,306
20,30,0.5,1.2,1.5,1.5,7,0.05,-0.11323658257907378,471
30,30,0.3,1.2,1.2,1.5,7,0.05,-0.11329860980628155,342
30,35,0.5,0.8,1.5,1.5,7,0.07,-0.11381228893747672,315
30,30,0.5,0.5,1.2,1.5,3,0.07,-0.11386863690938874,351
20,25,0.5,0.8,1.5,2.0,5,0.05,-0.11412097353757944,459
20,25,0.5,0.8,2.0,2.0,5,0.05,-0.11412097353757944,459
20,25,0.8,0.8,2.0,1.5,5,0.07,-0.11449652951179536,462
25,25,0.5,1.2,1.5,2.0,7,0.1,-0.11473425460654901,375
25,25,0.3,0.8,2.0,1.0,5,0.1,-0.11483514310151494,474
20,30,0.5,0.5,2.0,1.5,7,0.07,-0.11501868381849674,465
20,25,0.5,1.2,1.5,2.0,3,0.05,-0.11523704802846187,477
20,25,0.5,1.2,2.0,2.0,3,0.05,-0.11523704802846187,477
30,25,0.5,0.5,1.5,2.0,7,0.05,-0.11525898513454881,330
30,35,0.3,0.8,2.0,1.5,7,0.05,-0.11528787042281753,309
25,25,0.8,0.5,2.0,2.0,5,0.05,-0.11560853316628752,369
25,25,0.8,0.5,1.5,2.0,5,0.05,-0.11560853316628752,369
25,35,0.8,0.5,1.5,1.5,7,0.1,-0.11563811031209086,360
20,25,0.3,1.2,1.2,1.0,3,0.07,-0.11569184647478153,597
20,30,0.5,1.2,1.5,1.5,3,0.1,-0.1168396311566544,498
20,25,0.5,0.8,1.2,2.0,3,0.07,-0.11719576608409771,486
20,25,0.3,1.2,1.2,1.0,3,0.05,-0.117211702406014,597
30,30,0.5,0.8,1.5,1.5,3,0.1,-0.11723585953945174,348
25,25,0.5,1.2,1.5,2.0,7,0.07,-0.11746708189923699,375
30,35,0.3,0.5,1.5,1.5,3,0.05,-0.117594459107443,333
25,25,0.5,0.5,1.5,1.0,5,0.05,-0.11765395291532314,483
25,25,0.3,1.2,1.5,1.0,3,0.05,-0.1176620797169617,495
20,25,0.8,0.5,1.2,1.5,5,0.07,-0.11782378564702553,483
30,25,0.3,0.5,1.5,2.0,7,0.05,-0.11825172474230246,333
30,35,0.3,0.5,1.5,1.5,3,0.07,-0.11840760718614844,333
20,35,0.3,0.8,2.0,2.0,3,0.05,-0.11873349563431898,462
20,35,0.3,0.8,1.5,2.0,3,0.05,-0.11873349563431898,462
25,30,0.8,1.2,1.5,1.5,5,0.1,-0.11876213176315341,375
30,25,0.5,0.8,2.0,2.0,7,0.05,-0.11888250471724018,324
30,35,0.3,0.5,2.0,1.5,3,0.07,-0.11914517864704746,327
20,30,0.5,0.5,1.2,1.5,3,0.05,-0.11928160508383283,504
30,30,0.5,1.2,1.5,1.5,5,0.1,-0.11978380700819956,333
20,25,0.5,1.2,1.5,2.0,5,0.1,-0.11980957800148392,450
20,25,0.5,1.2,2.0,2.0,5,0.1,-0.11980957800148392,450
30,35,0.5,0.8,2.0,1.5,3,0.07,-0.12023531034991883,324
20,30,0.3,0.8,2.0,2.0,3,0.1,-0.12039274928279581,480
20,30,0.3,0.8,1.5,2.0,3,0.1,-0.12039274928279581,480
25,25,0.5,0.8,1.2,1.0,7,0.07,-0.1212105806324399,489
25,25,0.5,0.8,1.2,1.0,5,0.07,-0.1212105806324399,489
30,35,0.5,0.8,1.5,1.5,3,0.05,-0.12130894053814135,330
30,35,0.5,0.8,1.5,1.5,3,0.07,-0.12134825875184112,330
25,30,0.8,0.5,1.5,1.5,7,0.05,-0.12187622579453912,378
25,35,0.5,0.8,2.0,2.0,5,0.07,-0.12227187712787921,345
25,35,0.5,0.8,1.5,2.0,5,0.07,-0.12227187712787921,345
25,35,0.8,0.8,1.5,1.5,7,0.07,-0.12242903420269603,357
30,35,0.3,1.2,1.5,1.5,7,0.05,-0.1227989525758205,315
20,35,0.5,0.5,2.0,1.5,7,0.05,-0.1233715754772256,447
30,30,0.5,0.8,2.0,1.5,3,0.1,-0.12393984509019287,342
20,35,0.5,0.8,2.0,1.5,7,0.07,-0.12492564534074896,444
30,30,0.5,0.5,1.2,1.5,7,0.1,-0.12543338728019104,345
30,25,0.3,0.8,2.0,2.0,7,0.05,-0.12546054530127398,324
20,30,0.5,1.2,2.0,1.5,3,0.1,-0.12601022860879302,492
20,25,0.3,0.5,2.0,2.0,5,0.05,-0.12610048681718197,489
25,30,0.8,1.2,1.5,1.5,5,0.07,-0.1262306297197047,375
25,25,0.5,0.8,2.0,1.0,5,0.07,-0.12631708292821672,462
30,30,0.5,0.8,1.5,1.5,7,0.05,-0.12705175741367955,333
25,35,0.5,0.5,1.5,2.0,5,0.1,-0.1287219454575436,348
25,35,0.5,0.5,2.0,2.0,5,0.1,-0.1287219454575436,348
20,35,0.5,1.2,1.5,1.5,3,0.07,-0.12943338712420766,480
20,30,0.3,0.5,2.0,2.0,3,0.1,-0.1296264218781683,483
20,30,0.3,0.5,1.5,2.0,3,0.1,-0.1296264218781683,483
20,30,0.5,0.8,2.0,1.5,7,0.1,-0.12966294947182938,462
30,30,0.3,0.8,1.2,1.5,3,0.1,-0.12972142730981678,351
20,25,0.5,0.5,1.2,2.0,3,0.05,-0.1297847349678252,492
20,35,0.3,0.8,1.2,2.0,3,0.07,-0.1299465101910249,462
20,30,0.5,1.2,1.2,1.5,3,0.1,-0.13005476378584652,498
30,35,0.3,0.8,1.2,1.5,3,0.07,-0.13013583635697368,333
30,30,0.3,0.5,1.5,1.5,7,0.07,-0.13045125695083412,339
25,25,0.5,1.2,2.0,1.0,5,0.07,-0.13055149279741332,456
25,25,0.3,0.5,1.2,1.0,5,0.1,-0.13065994383213259,507
25,25,0.3,0.5,1.2,1.0,7,0.1,-0.13065994383213259,507
30,25,0.3,0.5,1.2,2.0,7,0.1,-0.13082937988255577,336
20,35,0.3,0.8,1.2,2.0,3,0.1,-0.13102913444943481,462
30,30,0.5,0.8,1.2,1.5,7,0.07,-0.13119122901670377,342
20,35,0.3,0.5,2.0,2.0,3,0.05,-0.1313119500397263,465
20,35,0.3,0.5,1.5,2.0,3,0.05,-0.1313119500397263,465
30,35,0.3,0.5,2.0,1.5,3,0.1,-0.13251936050438382,327
30,35,0.3,1.2,1.2,1.5,7,0.07,-0.13269916266003687,324
30,25,0.5,1.2,1.2,2.0,5,0.07,-0.13287930731196151,324
30,35,0.3,0.5,1.5,1.5,7,0.1,-0.13299593955049577,321
20,25,0.3,0.8,2.0,2.0,5,0.07,-0.1330824477327162,483
30,25,0.3,0.5,1.2,2.0,7,0.07,-0.13310765394357463,336
20,25,0.5,0.8,1.5,2.0,5,0.07,-0.133290887136453,459
20,25,0.5,0.8,2.0,2.0,5,0.07,-0.133290887136453,459
30,35,0.3,0.5,1.5,1.5,3,0.1,-0.1336175735578702,333
30,30,0.5,0.8,1.2,1.5,3,0.1,-0.1336707357637782,348
20,25,0.5,1.2,1.5,2.0,3,0.1,-0.13390904244729399,477
20,25,0.5,1.2,2.0,2.0,3,0.1,-0.13390904244729399,477
30,35,0.5,0.8,1.2,1.5,3,0.05,-0.13410307938813515,330
30,35,0.5,0.8,1.2,1.5,3,0.07,-0.13417977630549333,330
30,35,0.5,0.8,2.0,1.5,3,0.1,-0.13438873027907475,324
30,25,0.5,0.5,2.0,2.0,7,0.1,-0.13440676693341394,330
25,35,0.8,1.2,1.5,1.5,7,0.05,-0.13472808467491146,354
20,25,0.5,1.2,2.0,2.0,3,0.07,-0.13567786947736576,477
20,25,0.5,1.2,1.5,2.0,3,0.07,-0.13567786947736576,477
20,25,0.8,0.5,2.0,1.5,5,0.05,-0.13575076538718753,468
20,35,0.5,1.2,2.0,1.5,3,0.07,-0.1358159101571146,474
30,30,0.5,0.5,1.5,1.5,3,0.1,-0.13642366404607048,351
20,25,0.3,0.8,1.5,2.0,5,0.1,-0.13651834635571422,483
25,35,0.8,0.5,1.5,1.5,7,0.07,-0.13671812432221497,360
30,35,0.3,0.8,1.2,1.5,3,0.05,-0.1370980048412125,333
30,35,0.5,0.8,1.5,1.5,3,0.1,-0.1374286547747158,330
20,30,0.5,0.8,1.5,1.5,3,0.07,-0.13768080718103456,501
30,30,0.3,0.8,1.2,1.5,7,0.1,-0.13774192191981777,345
25,35,0.5,0.5,1.5,2.0,5,0.07,-0.13803997761865372,348
25,35,0.5,0.5,2.0,2.0,5,0.07,-0.13803997761865372,348
20,35,0.5,0.5,2.0,1.5,7,0.07,-0.13813889354224398,447
25,25,0.5,0.5,2.0,1.0,5,0.1,-0.13867969876061456,468
20,25,0.5,0.8,1.2,2.0,3,0.1,-0.13892311291919135,486
30,35,0.5,0.5,2.0,1.5,7,0.05,-0.1392212542548775,309
20,30,0.5,0.5,2.0,1.5,7,0.1,-0.13934847334821313,465
25,25,0.3,0.8,2.0,1.0,5,0.07,-0.13958490919769131,474
25,25,0.3,1.2,2.0,1.0,5,0.07,-0.13970225091390684,468
20,35,0.5,1.2,1.2,1.5,3,0.07,-0.13976752099336404,480
20,25,0.8,0.8,1.2,1.5,5,0.1,-0.13977770481466553,477
30,35,0.5,1.2,1.5,1.5,5,0.1,-0.1398148902196758,315
25,25,0.3,0.5,2.0,1.0,7,0.05,-0.140211672130461,477
30,25,0.3,0.5,2.0,2.0,7,0.07,-0.14047095068736581,330
30,35,0.5,0.5,1.5,1.5,7,0.07,-0.14049105011233387,318
20,25,0.8,0.5,1.5,1.5,5,0.1,-0.14067466217088379,474
20,25,0.3,0.8,2.0,2.0,7,0.1,-0.14084606631210297,471
30,25,0.3,1.2,1.2,2.0,5,0.1,-0.14107840674820066,327
30,35,0.5,0.5,2.0,1.5,3,0.05,-0.14107989151870798,327
30,35,0.3,0.5,2.0,1.5,7,0.05,-0.14148942647136484,312
30,35,0.5,0.8,1.2,1.5,7,0.1,-0.1418769698433846,324
30,30,0.3,0.8,1.5,1.5,7,0.05,-0.14207771147398163,336
20,35,0.5,0.8,2.0,1.5,7,0.1,-0.14220942830953154,444
20,35,0.3,0.5,1.2,2.0,3,0.07,-0.1425773415683805,465
25,35,0.5,1.2,2.0,2.0,5,0.05,-0.1429761622206555,342
25,35,0.5,1.2,1.5,2.0,5,0.05,-0.1429761622206555,342
30,30,0.5,1.2,1.5,1.5,5,0.07,-0.14315999984154218,333
20,35,0.5,0.8,2.0,1.5,3,0.05,-0.14320114621080013,477
25,25,0.3,1.2,1.2,1.0,7,0.1,-0.14337783970046988,495
25,25,0.3,1.2,1.2,1.0,5,0.1,-0.14337783970046988,495
25,25,0.5,0.5,1.2,1.0,7,0.1,-0.14346044720808837,495
25,25,0.5,0.5,1.2,1.0,5,0.1,-0.14346044720808837,495
30,30,0.5,0.5,2.0,1.5,3,0.1,-0.14363445062564828,345
20,35,0.3,0.5,1.2,2.0,3,0.1,-0.14369835931651503,465
20,25,0.3,0.5,1.5,2.0,7,0.1,-0.1439220386700552,480
25,25,0.3,0.5,1.5,1.0,3,0.05,-0.1441630880177911,507
30,30,0.5,0.5,1.5,1.5,7,0.05,-0.14435764423977157,336
20,30,0.5,1.2,1.5,1.5,7,0.07,-0.14460251404072924,471
20,35,0.5,1.2,1.5,1.5,3,0.1,-0.14484587192267834,480
30,25,0.3,0.5,2.0,2.0,7,0.1,-0.14507117134647937,330
20,35,0.5,0.8,1.5,1.5,3,0.05,-0.14592099237474412,483
20,30,0.5,1.2,1.2,1.5,7,0.05,-0.14646214576539723,480
20,30,0.5,0.8,2.0,1.5,3,0.07,-0.1470538150904159,495
30,30,0.5,0.5,1.2,1.5,7,0.07,-0.14723435190884945,345
20,30,0.3,1.2,2.0,1.5,7,0.05,-0.14750508224974543,483
20,25,0.3,0.5,2.0,2.0,7,0.07,-0.1475579115888312,477
20,30,0.5,0.8,1.2,1.5,3,0.07,-0.14809698898869608,501
20,25,0.3,0.5,1.5,2.0,5,0.07,-0.14810080786152055,489
20,25,0.5,0.8,2.0,2.0,3,0.07,-0.14828412684568526,486
20,25,0.5,0.8,1.5,2.0,3,0.07,-0.14828412684568526,486
20,30,0.5,0.5,1.5,1.5,3,0.07,-0.14852933595153392,504
25,25,0.3,0.5,1.2,1.0,7,0.07,-0.14871466188337662,507
25,25,0.3,0.5,1.2,1.0,5,0.07,-0.14871466188337662,507
30,30,0.3,0.5,1.2,1.5,3,0.1,-0.14890923181643553,354
30,35,0.3,0.8,1.5,1.5,7,0.07,-0.14944115512511857,318
30,35,0.3,0.8,1.2,1.5,3,0.1,-0.14991422254508094,333
30,35,0.5,0.5,1.5,1.5,3,0.05,-0.15050360494784198,333
20,35,0.5,1.2,2.0,1.5,3,0.1,-0.15053218131834759,474
20,30,0.5,1.2,1.5,1.5,7,0.1,-0.1506403445114253,471
20,35,0.5,1.2,1.5,1.5,7,0.05,-0.15068705985935213,453
30,35,0.5,0.5,1.5,1.5,3,0.07,-0.15124240628812632,333
30,35,0.5,0.5,2.0,1.5,3,0.07,-0.15153018997487883,327
25,35,0.8,0.8,1.2,1.5,7,0.1,-0.152310847722022,369
30,30,0.3,1.2,1.5,1.5,5,0.1,-0.15246285585330188,336
30,30,0.5,0.5,1.2,1.5,3,0.1,-0.15285854027039705,351
25,25,0.3,0.8,1.2,1.0,7,0.05,-0.1528848671949373,501
25,25,0.3,0.8,1.2,1.0,5,0.05,-0.1528848671949373,501
20,25,0.5,0.5,2.0,2.0,3,0.05,-0.15324768602701946,492
20,25,0.5,0.5,1.5,2.0,3,0.05,-0.15324768602701946,492
25,35,0.8,0.8,2.0,1.5,7,0.05,-0.15337213624941404,348
30,35,0.5,0.8,1.2,1.5,3,0.1,-0.1538635309990424,330
30,25,0.5,0.5,1.2,2.0,7,0.05,-0.15407272897059163,333
30,30,0.3,0.5,1.2,1.5,7,0.1,-0.15430762947177795,348
25,25,0.3,1.2,1.2,2.0,5,0.1,-0.15467280795413962,396
20,35,0.5,0.5,2.0,1.5,7,0.1,-0.15515655576771564,447
20,25,0.8,0.5,2.0,1.5,5,0.07,-0.15620325374884925,468
20,35,0.5,0.8,1.2,1.5,3,0.05,-0.15631879865008907,483
20,30,0.5,0.8,1.5,1.5,7,0.05,-0.15761124726520379,474
25,30,0.8,0.8,1.2,1.5,7,0.05,-0.15770263812868082,387
20,30,0.5,0.5,2.0,1.5,3,0.07,-0.15805035635884673,498
20,35,0.5,1.2,1.2,1.5,3,0.1,-0.15806100455187042,480
20,35,0.5,0.5,2.0,1.5,3,0.05,-0.15853474189616454,480
20,30,0.5,0.5,1.2,1.5,3,0.07,-0.15894551775919535,504
30,30,0.3,0.5,1.5,1.5,7,0.05,-0.1593835983000738,339
25,25,0.5,1.2,1.2,1.0,5,0.1,-0.15999755752302053,483
25,25,0.5,1.2,1.2,1.0,7,0.1,-0.15999755752302053,483
30,35,0.3,0.5,1.2,1.5,3,0.07,-0.16002998389325895,336
30,30,0.3,0.8,1.2,1.5,7,0.07,-0.1601760377639024,345
20,35,0.5,0.5,1.5,1.5,3,0.05,-0.16088409205187465,486
25,30,0.5,0.8,2.0,2.0,5,0.05,-0.160949784801063,363
25,30,0.5,0.8,1.5,2.0,5,0.05,-0.160949784801063,363
20,25,0.5,0.5,2.0,2.0,5,0.05,-0.16101010932736742,465
20,25,0.5,0.5,1.5,2.0,5,0.05,-0.16101010932736742,465
25,25,0.5,0.8,1.2,2.0,7,0.1,-0.1615476380559187,387
25,25,0.3,0.5,2.0,1.0,5,0.1,-0.16161748329712478,480
20,35,0.3,0.8,1.5,2.0,3,0.1,-0.1619395119181877,462
20,35,0.3,0.8,2.0,2.0,3,0.1,-0.1619395119181877,462
20,35,0.3,0.8,1.5,2.0,3,0.07,-0.16214494331817927,462
20,35,0.3,0.8,2.0,2.0,3,0.07,-0.16214494331817927,462
25,25,0.3,1.2,1.2,1.0,5,0.07,-0.1627370415764092,495
25,25,0.3,1.2,1.2,1.0,7,0.07,-0.1627370415764092,495
30,35,0.5,0.5,1.2,1.5,3,0.05,-0.16329774379783585,333
30,35,0.5,0.5,1.2,1.5,3,0.07,-0.1640739238417785,333
20,25,0.3,0.8,2.0,2.0,5,0.1,-0.1647426075071357,483
30,35,0.5,0.5,2.0,1.5,3,0.1,-0.1656613341012575,327
25,35,0.8,0.5,1.2,1.5,7,0.1,-0.16605528187094615,372
30,35,0.3,0.5,1.2,1.5,3,0.05,-0.1662926692509131,336
30,35,0.5,0.5,1.2,1.5,7,0.1,-0.16652209497397724,327
20,30,0.5,0.8,1.5,1.5,3,0.1,-0.16668018161257342,501
20,25,0.5,0.5,1.2,2.0,3,0.07,-0.16677053705807363,492
25,30,0.8,0.5,1.2,1.5,7,0.05,-0.16681030557925286,390
30,25,0.3,0.5,1.2,2.0,7,0.05,-0.1669189516875052,336
25,35,0.8,0.5,2.0,1.5,7,0.05,-0.16693174976446198,351
30,35,0.5,0.5,1.5,1.5,3,0.1,-0.16723268683731782,333
30,25,0.3,1.2,1.2,2.0,5,0.07,-0.16760467498224377,327
25,25,0.3,0.8,1.2,1.0,3,0.1,-0.16782850476749053,513
20,30,0.5,0.5,1.5,1.5,7,0.05,-0.16808451848258527,477
25,25,0.3,0.8,2.0,1.0,5,0.05,-0.16883722514424546,474
20,25,0.5,0.8,1.5,2.0,3,0.1,-0.16922328885750437,486
20,25,0.5,0.8,2.0,2.0,3,0.1,-0.16922328885750437,486
25,25,0.5,1.2,2.0,2.0,7,0.07,-0.1696215327233061,375
20,35,0.5,1.2,1.5,1.5,7,0.1,-0.1700832779632561,453
30,35,0.3,0.8,1.2,1.5,7,0.1,-0.1707512120349715,327
25,25,0.5,0.5,1.2,1.0,7,0.07,-0.17086036307178734,495
25,25,0.5,0.5,1.2,1.0,5,0.07,-0.17086036307178734,495
20,35,0.5,0.5,1.2,1.5,3,0.05,-0.1712818983272196,486
25,30,0.5,0.5,1.5,2.0,5,0.05,-0.1718791996430211,366
25,30,0.5,0.5,2.0,2.0,5,0.05,-0.1718791996430211,366
25,25,0.5,1.2,2.0,2.0,7,0.1,-0.17247338056133385,375
30,35,0.3,1.2,1.5,1.5,5,0.1,-0.17249393906477814,318
30,30,0.3,1.2,2.0,1.5,5,0.1,-0.17261772469249942,330
20,35,0.5,1.2,1.5,1.5,7,0.07,-0.1739669548719419,453
20,35,0.3,0.5,2.0,2.0,3,0.1,-0.17428739936044674,465
20,35,0.3,0.5,1.5,2.0,3,0.1,-0.17428739936044674,465
20,35,0.3,0.5,1.5,2.0,3,0.07,-0.17443564438825893,465
20,35,0.3,0.5,2.0,2.0,3,0.07,-0.17443564438825893,465
30,25,0.5,0.5,2.0,2.0,7,0.05,-0.1745608693441293,330
25,25,0.5,0.5,2.0,1.0,5,0.07,-0.17480550252567242,468
20,30,0.5,1.2,1.2,1.5,7,0.07,-0.17538841683729806,480
20,30,0.5,0.8,2.0,1.5,3,0.1,-0.17559883996038259,495
30,35,0.3,0.5,1.5,1.5,7,0.07,-0.17611991629997573,321
25,35,0.8,0.8,1.2,1.5,7,0.07,-0.1761925719649943,369
20,25,0.3,0.5,2.0,2.0,5,0.07,-0.1762001398868239,489
30,30,0.3,0.5,1.2,1.5,7,0.07,-0.1762191606560481,348
25,35,0.8,1.2,1.5,1.5,5,0.1,-0.17635691011807572,357
25,25,0.5,0.8,1.2,2.0,7,0.07,-0.17669026280695022,387
20,30,0.5,0.5,1.5,1.5,3,0.1,-0.1771819573871761,504
20,25,0.5,0.5,2.0,2.0,5,0.07,-0.17874782099997008,465
20,25,0.5,0.5,1.5,2.0,5,0.07,-0.17874782099997008,465
30,35,0.5,1.2,1.2,1.5,7,0.05,-0.17915018118370593,321
20,35,0.5,0.8,1.5,1.5,3,0.07,-0.17930385769651547,483
20,25,0.3,0.5,1.5,2.0,5,0.1,-0.17949429687208251,489
30,35,0.3,0.5,1.2,1.5,3,0.1,-0.17971825460768284,336
20,30,0.5,0.8,1.2,1.5,3,0.1,-0.1799960882727967,501
20,25,0.8,0.5,1.2,1.5,5,0.1,-0.18012479834985032,483
30,30,0.3,1.2,1.5,1.5,5,0.07,-0.18041818407267002,336
20,30,0.5,1.2,1.2,1.5,7,0.1,-0.18043410327807768,480
25,25,0.5,1.2,1.2,2.0,7,0.05,-0.18051013475766636,378
20,30,0.3,1.2,2.0,1.5,5,0.05,-0.18080264870118376,489
30,25,0.3,0.5,2.0,2.0,7,0.05,-0.18113890992816312,330
25,25,0.3,1.2,2.0,1.0,5,0.05,-0.1811725970542157,468
20,25,0.5,0.8,2.0,2.0,5,0.1,-0.18154339549947196,459
20,25,0.5,0.8,1.5,2.0,5,0.1,-0.18154339549947196,459
30,35,0.5,1.2,1.5,1.5,5,0.07,-0.18193348490437886,315
30,30,0.5,0.8,1.2,1.5,7,0.05,-0.18208107069965637,342
25,25,0.3,0.8,1.2,1.0,3,0.07,-0.18303636878565938,513
20,25,0.3,0.5,2.0,2.0,7,0.1,-0.18342327034488648,477
30,35,0.5,0.5,1.2,1.5,3,0.1,-0.18366756306164436,333
30,35,0.3,1.2,2.0,1.5,5,0.1,-0.18369752783679508,312
25,25,0.5,0.8,2.0,1.0,5,0.05,-0.1846406302253804,462
20,35,0.5,0.8,2.0,1.5,3,0.07,-0.1854370041984118,477
25,25,0.3,1.2,1.2,2.0,5,0.07,-0.18582941061753594,396
30,35,0.5,0.8,1.2,1.5,7,0.07,-0.18617185870926498,324
20,30,0.5,0.5,2.0,1.5,3,0.1,-0.18624805334328792,498
25,25,0.3,0.5,2.0,1.0,5,0.07,-0.1865918516585118,480
20,25,0.5,0.5,1.2,2.0,3,0.1,-0.18764560814691061,492
30,35,0.5,0.8,1.5,1.5,7,0.05,-0.18828975507549506,315
25,25,0.5,1.2,1.2,1.0,5,0.07,-0.18874917140341488,483
25,25,0.5,1.2,1.2,1.0,7,0.07,-0.18874917140341488,483
20,30,0.5,0.8,1.5,1.5,7,0.07,-0.1888379810018747,474
25,35,0.8,0.5,1.2,1.5,7,0.07,-0.18925872651468137,372
20,25,0.8,0.8,2.0,1.5,5,0.1,-0.18951191258008215,462
20,35,0.5,0.8,1.2,1.5,3,0.07,-0.1897200395041769,483
25,35,0.8,1.2,1.2,1.5,7,0.05,-0.19022022746432335,366
20,30,0.5,0.5,1.2,1.5,3,0.1,-0.1904978640473993,504
25,30,0.8,0.8,1.5,1.5,5,0.1,-0.190684170442544,378
20,30,0.5,0.8,1.2,1.5,7,0.05,-0.19087663336733873,483
30,30,0.5,1.2,2.0,1.5,5,0.1,-0.19246537672493116,327
30,35,0.3,1.2,1.2,1.5,7,0.05,-0.19286583321862547,324
20,35,0.5,1.2,1.2,1.5,7,0.05,-0.1929542924138974,462
20,30,0.3,0.8,2.0,1.5,7,0.05,-0.1931899203891212,486
20,35,0.5,0.5,1.5,1.5,3,0.07,-0.1937445654730189,486
25,25,0.5,0.8,1.5,2.0,7,0.07,-0.19383895593020312,384
20,35,0.5,0.8,1.5,1.5,3,0.1,-0.19468642237859726,483
20,30,0.5,0.8,1.5,1.5,7,0.1,-0.19480392211499814,474
20,35,0.5,0.8,1.5,1.5,7,0.05,-0.19506172454548215,456
30,35,0.3,0.5,1.2,1.5,7,0.1,-0.1953963371655643,330
30,30,0.3,0.8,1.2,1.5,7,0.05,-0.19593523848570601,345
20,25,0.5,0.5,2.0,2.0,3,0.07,-0.19736209697323634,492
20,25,0.5,0.5,1.5,2.0,3,0.07,-0.19736209697323634,492
30,30,0.5,0.5,1.2,1.5,7,0.05,-0.19773634019440375,345
25,30,0.8,1.2,2.0,1.5,5,0.1,-0.1981714950593959,369
25,30,0.8,0.8,1.5,1.5,5,0.07,-0.198289891235233,378
20,30,0.5,0.5,1.5,1.5,7,0.07,-0.19883678329098523,477
20,35,0.3,1.2,2.0,1.5,7,0.05,-0.1988798823796731,465
25,30,0.8,1.2,2.0,1.5,5,0.07,-0.19890619577320928,369
25,35,0.8,1.2,1.5,1.5,5,0.07,-0.1991832576170084,357
30,25,0.3,1.2,1.5,2.0,5,0.1,-0.19952500266479128,327
30,30,0.3,1.2,2.0,1.5,5,0.07,-0.19967632951029063,330
25,25,0.5,0.8,1.2,1.0,5,0.05,-0.19987198686354093,489
25,25,0.5,0.8,1.2,1.0,7,0.05,-0.19987198686354093,489
20,35,0.5,0.8,2.0,1.5,3,0.1,-0.20012079266993713,477
20,35,0.5,0.5,2.0,1.5,3,0.07,-0.20018818756650295,480
20,30,0.5,0.5,1.2,1.5,7,0.05,-0.2005710549897171,486
25,30,0.8,1.2,1.5,1.5,5,0.05,-0.20058353158028933,375
25,25,0.3,1.2,1.2,2.0,7,0.1,-0.2008143494284508,393
25,25,0.5,1.2,2.0,1.0,5,0.05,-0.20123125450794146,456
30,30,0.5,0.8,1.5,1.5,5,0.1,-0.20162770700046712,336
25,25,0.3,0.5,1.2,1.0,7,0.05,-0.20165425029171044,507
25,25,0.3,0.5,1.2,1.0,5,0.05,-0.20165425029171044,507
25,30,0.8,0.5,1.5,1.5,5,0.1,-0.20210331245568805,381
20,30,0.3,0.5,2.0,1.5,7,0.05,-0.2024630647608236,489
30,35,0.3,0.8,1.5,1.5,7,0.05,-0.2033157091357972,318
30,35,0.5,1.2,2.0,1.5,5,0.1,-0.2035451798692267,309
20,30,0.3,1.2,1.5,1.5,5,0.05,-0.20416058106696033,498
20,35,0.5,0.5,1.2,1.5,3,0.07,-0.20416074728068048,486
30,30,0.5,1.2,1.5,1.5,5,0.05,-0.20455159077393387,333
20,30,0.5,0.5,1.5,1.5,7,0.1,-0.204615517162669,477
25,25,0.5,0.8,1.5,2.0,7,0.1,-0.2055387667912702,384
20,35,0.5,1.2,1.2,1.5,7,0.1,-0.20561041769645538,462
25,25,0.5,1.2,1.5,2.0,7,0.05,-0.20643278227234643,375
25,25,0.3,0.8,1.2,1.0,3,0.05,-0.2068465765260253,513
25,35,0.8,0.8,1.5,1.5,7,0.05,-0.2070527562660202,357
20,25,0.3,0.5,2.0,2.0,5,0.1,-0.207718558023504,489
20,35,0.5,0.8,1.2,1.5,3,0.1,-0.20800232903882065,483
25,30,0.3,1.2,1.2,2.0,3,0.05,-0.20827501584716648,390
20,35,0.5,0.5,1.5,1.5,3,0.1,-0.20875837994165197,486
20,35,0.5,0.5,1.5,1.5,7,0.05,-0.20892582430660073,459
25,25,0.5,0.5,1.2,2.0,7,0.1,-0.20918648150540928,393
25,30,0.8,0.5,1.5,1.5,5,0.07,-0.20930156103308958,381
30,35,0.5,0.5,1.2,1.5,7,0.07,-0.20988580365033585,327
30,30,0.5,1.2,2.0,1.5,5,0.07,-0.20992741084905342,327
30,25,0.5,0.8,1.2,2.0,5,0.1,-0.2108508947814295,333
30,30,0.3,0.5,1.2,1.5,7,0.05,-0.21159050798045342,348
20,35,0.5,1.2,1.2,1.5,7,0.07,-0.21320400768068395,462
30,25,0.5,0.8,1.2,2.0,5,0.07,-0.21409344738538535,333
20,30,0.3,1.2,2.0,1.5,7,0.07,-0.21416357971435138,483
30,35,0.5,0.5,1.5,1.5,7,0.05,-0.21423991385490462,318
20,35,0.5,0.8,1.5,1.5,7,0.1,-0.21424685556682896,456
20,35,0.5,0.5,2.0,1.5,3,0.1,-0.21450140875925924,480
30,35,0.3,0.8,1.2,1.5,7,0.07,-0.21515666745646372,327
30,25,0.3,1.2,1.5,2.0,5,0.07,-0.21597182798617715,327
25,35,0.5,0.8,2.0,2.0,5,0.05,-0.2160467465883071,345
25,35,0.5,0.8,1.5,2.0,5,0.05,-0.2160467465883071,345
25,30,0.3,1.2,1.2,2.0,3,0.07,-0.2163148330007387,390
25,25,0.3,0.5,2.0,1.0,5,0.05,-0.2166448406606059,480
25,25,0.5,1.2,1.2,2.0,5,0.1,-0.21670705692122047,384
25,25,0.3,1.2,1.2,1.0,7,0.05,-0.21714731425467199,495
25,25,0.3,1.2,1.2,1.0,5,0.05,-0.21714731425467199,495
20,25,0.5,0.5,2.0,2.0,3,0.1,-0.21747352092891262,492
20,25,0.5,0.5,1.5,2.0,3,0.1,-0.21747352092891262,492
25,25,0.3,1.2,1.2,2.0,7,0.07,-0.21767093094137718,393
20,35,0.5,0.8,1.5,1.5,7,0.07,-0.21820242183308736,456
20,30,0.3,1.2,1.5,1.5,7,0.05,-0.21857609534487527,495
30,35,0.3,1.2,1.5,1.5,5,0.07,-0.2191916691355068,318
20,30,0.5,0.8,1.2,1.5,7,0.07,-0.21965866127796177,483
30,25,0.5,1.2,2.0,2.0,5,0.1,-0.22042566000877634,324
30,25,0.5,1.2,1.5,2.0,5,0.1,-0.22042566000877634,324
25,35,0.8,0.5,1.5,1.5,7,0.05,-0.22082608558972452,360
30,30,0.5,0.5,1.5,1.5,5,0.1,-0.2209205275271617,339
25,25,0.3,0.5,1.2,1.0,3,0.1,-0.22093313849785112,519
20,30,0.5,1.2,1.5,1.5,5,0.05,-0.22114083863993905,474
30,30,0.3,1.2,1.5,1.5,5,0.05,-0.22148327499025416,336
30,35,0.5,0.8,1.5,1.5,5,0.1,-0.22165879021194337,318
20,35,0.5,0.5,1.2,1.5,3,0.1,-0.22207428660187525,486
30,25,0.5,1.2,1.2,2.0,5,0.05,-0.22220041778027433,324
20,30,0.5,0.8,1.2,1.5,7,0.1,-0.22463678573012139,483
25,25,0.5,0.5,1.2,2.0,7,0.07,-0.22479989900954234,393
30,30,0.5,0.8,1.5,1.5,5,0.07,-0.2251966253391043,336
20,25,0.5,0.5,1.5,2.0,5,0.1,-0.22646158560871885,465
20,25,0.5,0.5,2.0,2.0,5,0.1,-0.22646158560871885,465
20,30,0.3,0.8,2.0,1.5,5,0.05,-0.22648748684055947,492
30,25,0.5,1.2,2.0,2.0,5,0.07,-0.22661202526528043,324
30,25,0.5,1.2,1.5,2.0,5,0.07,-0.22661202526528043,324
20,30,0.3,1.2,2.0,1.5,7,0.1,-0.2268953296836042,483
20,35,0.5,0.5,1.5,1.5,7,0.1,-0.22726609971800055,459
25,30,0.3,1.2,1.2,2.0,3,0.1,-0.2281505677779835,390
25,25,0.3,1.2,1.5,2.0,7,0.07,-0.22892965200326715,390
20,30,0.5,0.5,1.2,1.5,7,0.07,-0.22894973586788925,486
30,35,0.3,0.5,1.5,1.5,7,0.05,-0.2292658679152069,321
30,35,0.3,1.2,2.0,1.5,5,0.07,-0.23028150233697894,312
20,25,0.8,0.5,2.0,1.5,5,0.1,-0.2307273031933023,468
25,35,0.5,0.5,2.0,2.0,5,0.05,-0.23136065274901407,348
25,35,0.5,0.5,1.5,2.0,5,0.05,-0.23136065274901407,348
20,35,0.5,0.5,1.5,1.5,7,0.07,-0.2314529131957066,459
30,30,0.3,0.8,1.5,1.5,5,0.1,-0.23232314956332947,339
20,30,0.5,0.5,1.2,1.5,7,0.1,-0.23396274907261588,486
25,25,0.5,0.5,2.0,1.0,5,0.05,-0.23397623682446073,468
25,25,0.3,1.2,1.5,2.0,7,0.1,-0.23409332505866448,390
20,30,0.5,1.2,2.0,1.5,5,0.05,-0.23512046348970397,465
20,30,0.3,0.5,2.0,1.5,5,0.05,-0.2358774528711999,495
25,30,0.3,1.2,1.5,2.0,3,0.05,-0.2359204287318926,390
25,30,0.3,1.2,2.0,2.0,3,0.05,-0.2359204287318926,390
25,25,0.3,0.5,1.2,1.0,3,0.07,-0.23629167885668653,519
30,25,0.3,1.2,1.2,2.0,5,0.05,-0.23640855916674397,327
20,35,0.5,0.8,1.2,1.5,7,0.05,-0.23736878001583886,465
30,25,0.3,1.2,2.0,2.0,5,0.1,-0.23751130658903802,327
30,30,0.3,1.2,2.0,1.5,5,0.05,-0.23813646676889985,330
30,35,0.3,0.5,1.2,1.5,7,0.07,-0.23887061239753446,330
25,25,0.3,1.2,1.2,1.0,3,0.1,-0.23906112522992237,507
30,25,0.3,0.8,1.2,2.0,5,0.1,-0.23914756462960937,336
20,30,0.3,1.2,2.0,1.5,5,0.07,-0.2395921561882049,489
20,35,0.3,1.2,2.0,1.5,5,0.05,-0.23972692993689187,471
30,35,0.5,1.2,2.0,1.5,5,0.07,-0.24053258367574162,309
25,30,0.8,1.2,1.2,1.5,5,0.07,-0.24075314154848979,387
25,25,0.5,0.5,1.5,2.0,7,0.07,-0.2414572043939047,390
30,25,0.3,1.2,1.2,2.0,3,0.1,-0.241464037429893,336
20,30,0.5,1.2,1.5,1.5,5,0.07,-0.2420707791933512,474
25,25,0.5,0.8,1.2,2.0,7,0.05,-0.24341396367963866,387
30,30,0.5,0.5,1.5,1.5,5,0.07,-0.24401249086945015,339
25,30,0.8,1.2,1.2,1.5,5,0.1,-0.24417988324101733,387
20,35,0.3,0.8,2.0,1.5,7,0.05,-0.24456472051904882,468
25,25,0.5,0.8,2.0,2.0,7,0.07,-0.24560489597111237,384
25,25,0.3,0.8,1.2,2.0,5,0.1,-0.24561646752662764,405
20,30,0.5,1.2,1.5,1.5,5,0.1,-0.2461786465254306,474
25,25,0.3,1.2,1.2,2.0,5,0.05,-0.24689138546071598,396
30,25,0.3,0.8,1.2,2.0,5,0.07,-0.24769298840265083,336
25,35,0.8,0.8,1.5,1.5,5,0.1,-0.24827894879746637,360
25,25,0.8,1.2,2.0,1.5,7,0.1,-0.24845434763217963,384
20,30,0.3,1.2,2.0,1.5,5,0.1,-0.24864295742891715,489
20,35,0.5,0.8,1.2,1.5,7,0.1,-0.24981310014849917,465
20,30,0.3,0.8,1.5,1.5,5,0.05,-0.25005602630789026,501
25,35,0.3,1.2,1.2,2.0,3,0.1,-0.25008416665477795,372
20,35,0.5,0.5,1.2,1.5,7,0.05,-0.2500925558841915,468
25,25,0.5,0.5,1.2,1.0,5,0.05,-0.2501370123840404,495
25,25,0.5,0.5,1.2,1.0,7,0.05,-0.2501370123840404,495
30,25,0.3,1.2,1.2,2.0,3,0.07,-0.25045486952822177,336
30,35,0.5,0.5,1.5,1.5,5,0.1,-0.25106554303543477,321
25,30,0.3,1.2,2.0,2.0,3,0.07,-0.25130990192218267,390
25,30,0.3,1.2,1.5,2.0,3,0.07,-0.25130990192218267,390
30,30,0.3,0.5,1.5,1.5,5,0.1,-0.2516159700900241,342
30,30,0.3,0.8,2.0,1.5,5,0.1,-0.25196441118360513,333
25,35,0.8,1.2,2.0,1.5,5,0.1,-0.25207712760491474,351
30,35,0.3,0.8,1.5,1.5,5,0.1,-0.25235423277480573,321
25,25,0.5,0.5,1.5,2.0,7,0.1,-0.25279232329742235,390
25,25,0.5,1.2,1.2,2.0,5,0.07,-0.25336806076486945,384
30,25,0.3,1.2,2.0,2.0,5,0.07,-0.25396546996254954,327
20,30,0.3,1.2,1.5,1.5,5,0.1,-0.2542251570783388,498
25,25,0.3,1.2,1.2,1.0,3,0.07,-0.25463894142848104,507
20,35,0.3,1.2,2.0,1.5,7,0.07,-0.25644641496655585,465
20,35,0.3,0.5,2.0,1.5,7,0.05,-0.256652303881835,471
20,35,0.5,0.8,1.2,1.5,7,0.07,-0.2574742521213476,465
25,35,0.3,1.2,1.2,2.0,3,0.07,-0.2578786669175304,372
25,25,0.8,1.2,1.5,1.5,7,0.1,-0.25797819218501716,393
20,30,0.3,0.8,2.0,1.5,7,0.07,-0.2596603814747896,486
20,35,0.5,1.2,1.5,1.5,5,0.05,-0.2597297161464829,456
20,30,0.3,0.5,1.5,1.5,5,0.05,-0.2597314347282438,504
20,35,0.3,1.2,2.0,1.5,7,0.1,-0.2597826856367028,465
25,25,0.5,1.2,2.0,2.0,7,0.05,-0.2603971766430145,375
25,25,0.3,0.5,1.2,1.0,3,0.05,-0.26059298802333225,519
25,25,0.8,1.2,2.0,1.5,7,0.07,-0.2607230038679273,384
30,30,0.3,0.8,1.5,1.5,5,0.07,-0.26082549152674606,339
20,30,0.5,1.2,2.0,1.5,5,0.07,-0.2612080050643535,465
30,35,0.5,0.8,1.2,1.5,7,0.05,-0.2616482941120005,324
20,30,0.3,1.2,1.5,1.5,5,0.07,-0.2616684565383737,498
25,30,0.3,1.2,1.5,2.0,3,0.1,-0.26207288455545746,390
25,30,0.3,1.2,2.0,2.0,3,0.1,-0.26207288455545746,390
20,35,0.5,0.5,1.2,1.5,7,0.1,-0.26211139883867074,468
25,35,0.8,0.8,1.2,1.5,7,0.05,-0.2625812788402694,369
25,25,0.3,0.8,1.2,2.0,5,0.07,-0.26259630339975376,405
20,35,0.3,1.2,1.5,1.5,5,0.05,-0.262731901077222,480
30,35,0.3,0.8,2.0,1.5,5,0.1,-0.26304421432790076,315
25,25,0.5,0.8,2.0,2.0,7,0.1,-0.2631151262501197,384
30,30,0.5,1.2,2.0,1.5,5,0.05,-0.2639456120693449,327
30,35,0.5,0.8,1.5,1.5,5,0.07,-0.26397011040194085,318
25,35,0.8,0.5,1.5,1.5,5,0.1,-0.2642180174379289,363
25,30,0.8,1.2,2.0,1.5,5,0.05,-0.2643895224685714,369
20,30,0.3,0.8,1.5,1.5,7,0.05,-0.26447154058580513,498
20,30,0.5,0.8,1.5,1.5,5,0.05,-0.2655155033260691,477
30,30,0.5,1.2,1.2,1.5,5,0.1,-0.26614428335422274,342
30,25,0.5,0.5,1.2,2.0,5,0.1,-0.2664157902847097,339
20,35,0.5,1.2,1.5,1.5,5,0.1,-0.26682297559570584,456
30,35,0.5,1.2,1.5,1.5,5,0.05,-0.26729383421112823,315
25,35,0.3,1.2,1.2,2.0,3,0.05,-0.26781977533811663,372
25,25,0.3,1.2,1.2,2.0,7,0.05,-0.2680852725947308,393
20,30,0.3,0.5,2.0,1.5,7,0.07,-0.268329917509105,489
25,30,0.8,0.8,2.0,1.5,5,0.1,-0.26856095254059487,372
25,35,0.8,1.2,2.0,1.5,5,0.07,-0.2688118152553848,351
25,30,0.8,0.8,2.0,1.5,5,0.07,-0.26936861598578654,372
25,25,0.5,0.8,1.5,2.0,7,0.05,-0.2695406291738286,384
25,25,0.5,1.2,1.2,1.0,7,0.05,-0.2695842789258568,483
25,25,0.5,1.2,1.2,1.0,5,0.05,-0.2695842789258568,483
20,35,0.5,0.5,1.2,1.5,7,0.07,-0.2696870884474967,468
30,25,0.5,0.5,1.2,2.0,5,0.07,-0.27022584485174206,339
30,30,0.3,0.5,2.0,1.5,5,0.1,-0.27051010985050067,336
25,35,0.8,0.8,1.5,1.5,5,0.07,-0.2712425191325366,360
20,35,0.5,1.2,2.0,1.5,5,0.05,-0.2713272862745626,447
20,30,0.3,0.8,2.0,1.5,7,0.1,-0.2720018784046625,486
30,30,0.5,0.8,2.0,1.5,5,0.1,-0.27258050373830595,330
25,30,0.8,0.8,1.5,1.5,5,0.05,-0.2729082031713979,378
20,35,0.5,1.2,1.5,1.5,5,0.07,-0.27355453304185035,456
30,25,0.3,1.2,1.2,2.0,3,0.05,-0.273907033284679,336
20,30,0.3,0.5,1.5,1.5,7,0.05,-0.2739903989280967,501
25,25,0.8,1.2,1.2,1.5,7,0.1,-0.27486700658383856,408
25,35,0.8,0.5,1.2,1.5,7,0.05,-0.2750867753284934,372
30,25,0.5,1.2,1.2,2.0,3,0.1,-0.27534471404905303,336
30,35,0.3,0.8,1.2,1.5,7,0.05,-0.27550246189805017,327
20,35,0.3,1.2,1.5,1.5,7,0.05,-0.2760073299226903,477
20,30,0.5,0.5,1.5,1.5,5,0.05,-0.27648619267393015,480
30,30,0.5,1.2,1.2,1.5,5,0.07,-0.2765170161821049,342
25,25,0.3,1.2,1.5,2.0,5,0.1,-0.2777414801997779,396
20,30,0.5,0.8,2.0,1.5,5,0.05,-0.27898670201950454,468
25,30,0.8,0.5,2.0,1.5,5,0.1,-0.27932264216431757,375
30,30,0.3,0.8,2.0,1.5,5,0.07,-0.27956779032212037,333
30,30,0.3,0.5,1.5,1.5,5,0.07,-0.2796413570570919,342
25,30,0.8,0.5,2.0,1.5,5,0.07,-0.2797539153343522,375
25,25,0.3,1.2,1.2,1.0,3,0.05,-0.2802611738221727,507
20,30,0.3,0.5,2.0,1.5,7,0.1,-0.28087210118475675,489
30,35,0.3,0.5,1.5,1.5,5,0.1,-0.28176098559829715,324
25,25,0.3,1.2,1.5,2.0,5,0.07,-0.28278869874007806,396
30,25,0.3,1.2,1.5,2.0,3,0.1,-0.28290668786927736,336
30,25,0.3,1.2,2.0,2.0,3,0.1,-0.28290668786927736,336
25,30,0.8,0.5,1.5,1.5,5,0.05,-0.2835701336483462,381
30,25,0.5,1.2,1.2,2.0,3,0.07,-0.2835748598228471,336
30,35,0.5,0.8,2.0,1.5,5,0.1,-0.2836603068826015,312
25,25,0.8,1.2,1.5,1.5,7,0.07,-0.28392341069375043,393
30,35,0.3,1.2,1.5,1.5,5,0.05,-0.28422551842744853,318
30,35,0.5,0.5,1.2,1.5,7,0.05,-0.2846254314840993,327
25,25,0.3,1.2,2.0,2.0,7,0.07,-0.28462992210364607,387
25,25,0.3,1.2,1.5,2.0,7,0.05,-0.28481425695728185,390
20,30,0.3,0.8,2.0,1.5,5,0.07,-0.28508895794864314,492
20,35,0.3,0.8,2.0,1.5,5,0.05,-0.28541176807626756,474
30,25,0.5,0.8,1.2,2.0,5,0.05,-0.28569550381691733,333
30,25,0.3,1.2,1.5,2.0,5,0.05,-0.2857140310631289,327
30,25,0.5,1.2,2.0,1.5,7,0.1,-0.28581979663544277,342
25,35,0.3,1.2,2.0,2.0,3,0.1,-0.28600652331665366,372
25,35,0.3,1.2,1.5,2.0,3,0.1,-0.28600652331665366,372
20,30,0.3,1.2,1.5,1.5,7,0.1,-0.28619138755612555,495
25,25,0.3,1.2,2.0,2.0,7,0.1,-0.2862335524596512,387
20,35,0.3,1.2,2.0,1.5,5,0.1,-0.28624798114457395,471
20,30,0.5,0.8,1.5,1.5,5,0.07,-0.2863062461544967,477
25,35,0.8,0.5,1.5,1.5,5,0.07,-0.28652627599870895,363
20,30,0.5,1.2,2.0,1.5,5,0.1,-0.2866291736177741,465
30,30,0.5,0.8,1.5,1.5,5,0.05,-0.28697407748992876,336
30,25,0.3,0.8,1.2,2.0,3,0.05,-0.28720168905706533,345
25,30,0.3,0.8,1.2,2.0,3,0.05,-0.2877082288395389,393
20,30,0.3,1.2,1.5,1.5,7,0.07,-0.288982013129621,495
20,35,0.3,1.2,2.0,1.5,5,0.07,-0.2892015346213343,471
20,35,0.5,1.2,2.0,1.5,5,0.07,-0.2893889644039628,447
20,30,0.5,0.5,2.0,1.5,5,0.05,-0.28969913809288855,471
30,30,0.5,0.8,2.0,1.5,5,0.07,-0.29013856343266103,330
20,30,0.5,0.8,1.5,1.5,5,0.1,-0.2903422241290034,477
20,35,0.3,1.2,1.5,1.5,5,0.1,-0.29105647801982854,480
30,30,0.5,0.5,2.0,1.5,5,0.1,-0.2911262024052015,333
30,35,0.3,0.5,2.0,1.5,5,0.1,-0.29192274402669915,318
25,25,0.5,0.5,1.2,2.0,7,0.05,-0.2923376197301029,393
30,35,0.5,0.5,1.5,1.5,5,0.07,-0.2924732222329135,321
25,25,0.3,0.5,1.2,2.0,5,0.1,-0.29261576878661566,411
25,25,0.3,0.8,1.2,2.0,7,0.1,-0.29265054535909873,402
30,25,0.3,1.2,2.0,2.0,3,0.07,-0.2927841859520158,336
30,25,0.3,1.2,1.5,2.0,3,0.07,-0.2927841859520158,336
25,25,0.5,0.5,2.0,2.0,7,0.07,-0.29322314443481395,390
20,30,0.3,0.8,2.0,1.5,5,0.1,-0.2937495061499754,492
30,35,0.3,1.2,2.0,1.5,5,0.05,-0.29402081745422254,312
20,30,0.3,0.5,2.0,1.5,5,0.07,-0.294043235599725,495
30,30,0.3,1.2,1.2,1.5,5,0.1,-0.2946863222197517,345
30,25,0.3,0.5,1.2,2.0,5,0.1,-0.2947124601328895,342
25,35,0.3,1.2,1.5,2.0,3,0.07,-0.2954444784231798,372
25,35,0.3,1.2,2.0,2.0,3,0.07,-0.2954444784231798,372
25,25,0.3,0.8,1.2,2.0,7,0.07,-0.2956122730879638,402
25,30,0.3,0.8,1.2,2.0,3,0.07,-0.295669194423929,393
30,25,0.3,0.8,1.2,2.0,3,0.07,-0.2957111103004878,345
30,25,0.3,0.8,1.5,2.0,5,0.07,-0.2966477488698493,336
20,30,0.5,0.5,1.5,1.5,5,0.07,-0.29678886677531685,480
25,35,0.8,1.2,1.5,1.5,5,0.05,-0.2970518248672536,357
25,25,0.5,0.8,1.2,2.0,5,0.1,-0.29721069432070196,393
20,35,0.3,0.5,2.0,1.5,5,0.05,-0.29760225917391786,477
30,30,0.3,0.5,2.0,1.5,5,0.07,-0.29764917625056675,336
25,35,0.3,1.2,1.5,2.0,3,0.05,-0.297936331960697,372
25,35,0.3,1.2,2.0,2.0,3,0.05,-0.297936331960697,372
30,25,0.3,0.8,1.5,2.0,5,0.1,-0.29820949673118147,336
30,35,0.3,0.5,1.2,1.5,7,0.05,-0.2984795992701489,330
30,25,0.3,0.8,1.2,2.0,5,0.05,-0.298541726533831,336
25,30,0.3,0.5,1.2,2.0,3,0.05,-0.29888202967235705,396
20,30,0.3,0.8,1.5,1.5,5,0.1,-0.29954193607461194,501
30,35,0.3,0.8,1.5,1.5,5,0.07,-0.2995989765895827,321
20,30,0.5,0.5,1.5,1.5,5,0.1,-0.3008052400142856,480
30,25,0.3,1.2,2.0,1.5,7,0.1,-0.30101652289246184,345
20,35,0.3,0.8,2.0,1.5,7,0.07,-0.3019432167269942,468
30,30,0.3,0.8,1.5,1.5,5,0.05,-0.302000031550231,339
20,30,0.5,1.2,1.2,1.5,5,0.05,-0.3027851901905146,483
20,30,0.3,0.5,2.0,1.5,5,0.1,-0.3030376669451638,495
30,25,0.3,0.5,1.2,2.0,5,0.07,-0.30382538586900754,342
20,35,0.5,0.8,1.5,1.5,5,0.05,-0.304104380832613,459
25,30,0.8,1.2,1.2,1.5,5,0.05,-0.30425159801595986,387
30,25,0.5,1.2,1.5,1.5,7,0.1,-0.30479184338712884,351
20,35,0.3,0.8,2.0,1.5,7,0.1,-0.30488923435776105,468
20,30,0.5,0.8,2.0,1.5,5,0.07,-0.3049155149691412,468
30,30,0.3,1.2,1.2,1.5,5,0.07,-0.30513748026215687,345
30,30,0.5,0.5,1.5,1.5,5,0.05,-0.3054269977877385,339
20,35,0.5,1.2,2.0,1.5,5,0.1,-0.30548070310964426,447
30,25,0.3,1.2,1.5,2.0,3,0.05,-0.3060469667009231,336
30,25,0.3,1.2,2.0,2.0,3,0.05,-0.3060469667009231,336
25,30,0.3,0.5,1.2,2.0,3,0.07,-0.3070155145141058,396
30,25,0.5,1.2,1.2,2.0,3,0.05,-0.3071144773477366,336
20,30,0.3,0.8,1.5,1.5,5,0.07,-0.30737485364424366,501
25,30,0.3,0.8,1.2,2.0,3,0.1,-0.307417082891412,393
30,25,0.5,0.8,1.5,2.0,5,0.07,-0.3074701954646705,333
30,25,0.5,0.8,2.0,2.0,5,0.07,-0.3074701954646705,333
30,30,0.5,0.5,2.0,1.5,5,0.07,-0.3082199493611073,333
25,25,0.3,0.8,1.5,2.0,7,0.07,-0.3082564273635505,399
20,35,0.3,0.8,1.5,1.5,5,0.05,-0.3086273463181517,483
20,30,0.3,0.5,1.5,1.5,5,0.1,-0.3091665848983587,504
25,25,0.3,0.8,1.2,2.0,5,0.05,-0.30958255294546355,405
25,25,0.8,1.2,1.2,1.5,7,0.07,-0.3096948512324478,408
25,25,0.3,0.5,1.2,2.0,5,0.07,-0.3098833672486658,411
30,35,0.3,0.8,2.0,1.5,5,0.07,-0.31017296314880866,315
25,25,0.5,0.5,2.0,2.0,7,0.1,-0.3103686827562719,390
20,35,0.5,0.8,1.5,1.5,5,0.1,-0.3109865531992787,459
20,35,0.3,1.2,1.5,1.5,5,0.07,-0.31198713446784576,480
30,25,0.5,1.2,1.5,2.0,5,0.05,-0.31243247796717516,324
30,25,0.5,1.2,2.0,2.0,5,0.05,-0.31243247796717516,324
20,25,0.5,1.2,2.0,1.5,7,0.07,-0.3124981015632267,480
30,35,0.5,0.5,2.0,1.5,5,0.1,-0.3125388365813999,315
25,30,0.8,0.8,1.2,1.5,5,0.07,-0.31283440022879294,390
20,35,0.3,0.5,2.0,1.5,7,0.07,-0.313271325053906,471
30,35,0.5,1.2,1.2,1.5,5,0.1,-0.313622179484667,324
30,25,0.5,1.2,2.0,1.5,7,0.07,-0.3142619338772068,342
25,25,0.3,1.2,2.0,2.0,5,0.1,-0.3146334209938807,396
20,30,0.5,0.5,2.0,1.5,5,0.07,-0.3150923941924175,471
20,35,0.5,0.8,2.0,1.5,5,0.05,-0.3151935248043631,450
25,30,0.3,0.8,2.0,2.0,3,0.05,-0.3153536417242651,393
25,30,0.3,0.8,1.5,2.0,3,0.05,-0.3153536417242651,393
25,30,0.8,0.8,1.2,1.5,5,0.1,-0.316116235237392,390
30,25,0.3,0.8,1.2,2.0,3,0.1,-0.3161532985506889,345
20,25,0.5,1.2,2.0,1.5,7,0.05,-0.3161554044844264,480
20,35,0.3,0.5,2.0,1.5,7,0.1,-0.3165283896685808,471
20,30,0.3,0.5,1.5,1.5,5,0.07,-0.3166561327784593,504
25,35,0.8,1.2,1.2,1.5,5,0.1,-0.3167010551843133,369
30,25,0.5,1.2,1.5,2.0,3,0.1,-0.31678736448843736,336
30,25,0.5,1.2,2.0,2.0,3,0.1,-0.31678736448843736,336
20,35,0.5,0.8,1.5,1.5,5,0.07,-0.3177900000029959,459
25,25,0.5,0.5,1.5,2.0,7,0.05,-0.3179712246595178,390
30,30,0.3,0.8,2.0,1.5,5,0.05,-0.31814036254673894,333
25,30,0.3,0.5,1.2,2.0,3,0.1,-0.31864126836489615,396
20,35,0.5,0.5,1.5,1.5,5,0.05,-0.3186425430124557,462
25,25,0.5,0.8,1.2,2.0,5,0.07,-0.31924463306846645,393
30,25,0.3,0.8,1.5,2.0,3,0.05,-0.31961796288998445,345
30,25,0.3,0.8,2.0,2.0,3,0.05,-0.31961796288998445,345
30,25,0.5,0.8,1.5,2.0,5,0.1,-0.319662720552852,333
30,25,0.5,0.8,2.0,2.0,5,0.1,-0.319662720552852,333
25,25,0.3,1.2,2.0,2.0,5,0.07,-0.3197449268278207,396
30,35,0.5,1.2,2.0,1.5,5,0.05,-0.3198299627546678,309
30,30,0.3,0.5,1.5,1.5,5,0.05,-0.32045295184804073,342
30,35,0.5,0.8,2.0,1.5,5,0.07,-0.3207437362593492,312
20,35,0.3,0.5,1.5,1.5,5,0.05,-0.32112305164361926,486
30,25,0.5,0.8,1.2,2.0,3,0.05,-0.32175620548820627,345
20,35,0.3,0.8,1.5,1.5,7,0.05,-0.32190277516362015,480
25,30,0.8,0.5,1.2,1.5,5,0.07,-0.3222870078308611,393
25,35,0.8,0.8,2.0,1.5,5,0.1,-0.32246658508611364,354
30,25,0.3,1.2,2.0,2.0,5,0.05,-0.32290014047785315,327
25,25,0.5,0.8,2.0,2.0,7,0.05,-0.3230394126886415,384
30,25,0.5,1.2,1.2,1.5,7,0.1,-0.3242813316384916,363
20,35,0.3,1.2,1.5,1.5,7,0.1,-0.3247034149498546,477
20,35,0.5,0.5,1.5,1.5,5,0.1,-0.32486947428038293,462
30,25,0.5,1.2,1.5,2.0,3,0.07,-0.32590417624664103,336
30,25,0.5,1.2,2.0,2.0,3,0.07,-0.32590417624664103,336
25,30,0.8,0.5,1.2,1.5,5,0.1,-0.32600797019557404,393
25,30,0.3,0.5,1.5,2.0,3,0.05,-0.32617703125854,396
25,30,0.3,0.5,2.0,2.0,3,0.05,-0.32617703125854,396
20,25,0.5,1.2,2.0,1.5,7,0.1,-0.32626381247827646,480
25,25,0.3,0.8,1.5,2.0,7,0.1,-0.32777073783781724,399
30,35,0.3,0.5,1.5,1.5,5,0.07,-0.3281020884205554,324
30,30,0.5,1.2,1.2,1.5,5,0.05,-0.3281179024597107,342
20,30,0.3,1.2,1.2,1.5,7,0.05,-0.3281643050513988,510
20,30,0.3,1.2,1.2,1.5,5,0.05,-0.3281643050513988,510
25,35,0.3,0.8,1.2,2.0,3,0.1,-0.32935068176820653,375
25,35,0.8,1.2,1.2,1.5,5,0.07,-0.3294850256021602,369
20,35,0.5,0.5,2.0,1.5,5,0.05,-0.3295130696724138,453
20,30,0.5,1.2,1.2,1.5,5,0.07,-0.33000049507806356,483
30,25,0.5,0.8,1.2,2.0,3,0.07,-0.33018462145691524,345
20,30,0.5,0.8,2.0,1.5,5,0.1,-0.33030440786243787,468
25,30,0.3,0.8,2.0,2.0,3,0.07,-0.3306642633453731,393
25,30,0.3,0.8,1.5,2.0,3,0.07,-0.3306642633453731,393
20,35,0.3,0.8,2.0,1.5,5,0.1,-0.33135452986563224,474
20,30,0.3,0.8,1.5,1.5,7,0.1,-0.33150816655239873,498
20,35,0.5,0.5,1.5,1.5,5,0.07,-0.3316637620628208,462
25,25,0.3,0.8,1.2,2.0,7,0.05,-0.33194443397727597,402
20,35,0.5,0.8,2.0,1.5,5,0.07,-0.3330964743087505,450
30,25,0.3,0.8,2.0,2.0,5,0.07,-0.33378265540164065,336
30,25,0.3,1.2,1.5,1.5,7,0.1,-0.3342377101891621,354
20,35,0.3,0.5,1.5,1.5,7,0.05,-0.3342467664597634,483
20,30,0.3,0.8,1.5,1.5,7,0.07,-0.334688410235491,498
20,35,0.3,0.8,2.0,1.5,5,0.07,-0.33469833638177254,474
25,30,0.8,0.8,2.0,1.5,5,0.05,-0.3351807285521279,372
30,25,0.3,0.8,2.0,2.0,5,0.1,-0.3353021284806458,336
30,30,0.3,0.5,2.0,1.5,5,0.05,-0.33594282064524705,336
20,35,0.3,0.8,1.5,1.5,5,0.1,-0.3363732570161017,483
25,35,0.3,0.8,1.2,2.0,3,0.07,-0.3372330283407207,375
25,35,0.8,0.5,2.0,1.5,5,0.1,-0.33761198875687337,357
30,35,0.3,0.5,2.0,1.5,5,0.07,-0.33811089988308995,318
30,25,0.3,0.8,1.5,2.0,3,0.07,-0.338542984978825,345
30,25,0.3,0.8,2.0,2.0,3,0.07,-0.338542984978825,345
25,25,0.3,0.5,1.2,2.0,7,0.1,-0.3388365801987876,408
20,35,0.3,1.2,1.5,1.5,7,0.07,-0.3391169103534161,477
30,25,0.5,1.2,2.0,2.0,3,0.05,-0.3392544107639806,336
30,25,0.5,1.2,1.5,2.0,3,0.05,-0.3392544107639806,336
25,35,0.8,0.8,2.0,1.5,5,0.07,-0.339274235467962,354
30,25,0.3,1.2,2.0,1.5,7,0.07,-0.3400586534520708,345
20,30,0.5,0.5,2.0,1.5,5,0.1,-0.3404445774616603,471
20,30,0.3,0.5,1.5,1.5,7,0.1,-0.3406937496286877,501
25,25,0.3,1.2,2.0,2.0,7,0.05,-0.3410460812408215,387
25,30,0.3,0.8,2.0,2.0,3,0.1,-0.34133939966888616,393
25,30,0.3,0.8,1.5,2.0,3,0.1,-0.34133939966888616,393
25,30,0.3,0.5,2.0,2.0,3,0.07,-0.34162048146057483,396
25,30,0.3,0.5,1.5,2.0,3,0.07,-0.34162048146057483,396
30,30,0.3,1.2,1.2,1.5,5,0.05,-0.34183355449463043,345
20,30,0.5,1.2,1.2,1.5,5,0.1,-0.34209544031761335,483
30,35,0.3,1.2,1.2,1.5,5,0.1,-0.34216421835019606,327
25,25,0.3,0.5,1.2,2.0,7,0.07,-0.34226787183321405,408
30,25,0.5,0.5,1.2,2.0,5,0.05,-0.3429487555733557,339
30,35,0.5,1.2,1.2,1.5,5,0.07,-0.3434550420977042,324
20,35,0.3,0.5,2.0,1.5,5,0.1,-0.3435206558385306,477
20,30,0.3,0.5,1.5,1.5,7,0.07,-0.3436497774863811,501
30,30,0.5,0.8,2.0,1.5,5,0.05,-0.34460898362101144,330
25,30,0.8,0.5,2.0,1.5,5,0.05,-0.3453002789611531,375
25,35,0.3,0.5,1.2,2.0,3,0.1,-0.34554891895049006,378
25,25,0.8,0.8,2.0,1.5,7,0.07,-0.34556967112048304,393
25,25,0.5,0.5,1.2,2.0,5,0.1,-0.3456628041904918,399
25,25,0.3,1.2,1.5,2.0,5,0.05,-0.346166927733358,396
20,35,0.3,0.5,2.0,1.5,5,0.07,-0.34635390300935204,477
20,35,0.5,0.5,2.0,1.5,5,0.07,-0.3466878513457155,453
20,30,0.5,0.8,1.2,1.5,5,0.05,-0.34719967779245603,486
25,35,0.3,0.8,1.2,2.0,3,0.05,-0.3472529883304893,375
25,25,0.8,0.8,2.0,1.5,7,0.1,-0.3475082367000009,393
30,30,0.5,0.8,1.2,1.5,5,0.1,-0.34804237061851545,345
30,25,0.3,0.8,1.5,2.0,5,0.05,-0.3483304246737229,336
30,25,0.3,0.5,1.2,2.0,3,0.05,-0.3483767625790068,351
30,35,0.5,0.5,2.0,1.5,5,0.07,-0.3486816729936305,315
30,25,0.5,1.2,1.5,1.5,7,0.07,-0.34882184079877565,351
20,35,0.3,0.5,1.5,1.5,5,0.1,-0.348894650333398,486
20,35,0.5,0.8,2.0,1.5,5,0.1,-0.34915593735430783,450
30,35,0.5,0.8,1.5,1.5,5,0.05,-0.34971632092712307,318
25,25,0.3,0.8,1.5,2.0,7,0.05,-0.35034055733688846,399
25,25,0.8,1.2,2.0,1.5,7,0.05,-0.35115665080798936,384
30,25,0.5,0.8,1.2,2.0,3,0.1,-0.3513907326011823,345
30,25,0.3,0.5,1.5,2.0,5,0.07,-0.35175669834929124,342
25,30,0.3,0.5,2.0,2.0,3,0.1,-0.352195479287554,396
25,30,0.3,0.5,1.5,2.0,3,0.1,-0.352195479287554,396
25,25,0.5,1.2,1.2,2.0,5,0.05,-0.35235931717224866,384
30,25,0.3,0.5,1.5,2.0,5,0.1,-0.35287821284636345,342
25,35,0.3,0.5,1.2,2.0,3,0.07,-0.3534047492957999,378
25,35,0.8,0.5,2.0,1.5,5,0.07,-0.35379156120772415,357
30,25,0.3,1.2,1.2,1.5,7,0.1,-0.35391016000408004,366
30,25,0.5,0.8,1.5,2.0,3,0.05,-0.3541724793211254,345
30,25,0.5,0.8,2.0,2.0,3,0.05,-0.3541724793211254,345
25,25,0.3,0.5,1.5,2.0,7,0.07,-0.3544649646641169,405
20,35,0.5,1.2,1.2,1.5,5,0.05,-0.35455941081391745,465
30,25,0.3,0.5,1.2,2.0,5,0.05,-0.3557949782902693,342
30,25,0.3,0.5,1.2,2.0,3,0.07,-0.3559180198035809,351
20,30,0.5,0.5,1.2,1.5,5,0.05,-0.3568940994148344,489
25,25,0.3,0.5,1.2,2.0,5,0.05,-0.35761274504918844,411
20,35,0.3,0.8,1.5,1.5,5,0.07,-0.35769353157371575,483
30,25,0.3,0.8,1.5,2.0,3,0.1,-0.3581123611741501,345
30,25,0.3,0.8,2.0,2.0,3,0.1,-0.3581123611741501,345
30,30,0.5,0.8,1.2,1.5,5,0.07,-0.358610176311385,345
25,35,0.8,1.2,2.0,1.5,5,0.05,-0.35878190614638666,351
20,25,0.5,0.8,2.0,1.5,7,0.05,-0.35929300463319647,489
25,25,0.8,0.8,1.5,1.5,7,0.1,-0.35933645024603306,402
20,25,0.5,1.2,1.5,1.5,7,0.1,-0.35989599823421664,492
25,25,0.3,0.8,1.5,2.0,5,0.07,-0.36095068692116844,405
25,25,0.3,0.8,2.0,2.0,7,0.07,-0.3611610925214922,396
30,30,0.5,0.5,2.0,1.5,5,0.05,-0.36241144171951956,333
30,25,0.5,0.5,1.5,2.0,5,0.07,-0.36257914494411236,339
30,25,0.5,0.5,2.0,2.0,5,0.07,-0.36257914494411236,339
20,35,0.5,0.5,2.0,1.5,5,0.1,-0.3627370977453394,453
25,35,0.3,0.5,1.2,2.0,3,0.05,-0.3630521181682287,378
30,30,0.5,0.5,1.2,1.5,5,0.1,-0.36460807817047564,348
30,35,0.3,0.8,1.5,1.5,5,0.05,-0.36474227498742534,321
25,35,0.3,0.8,1.5,2.0,3,0.1,-0.36527303843008213,375
25,35,0.3,0.8,2.0,2.0,3,0.1,-0.36527303843008213,375
25,25,0.5,0.5,1.2,2.0,5,0.07,-0.3679857343747204,399
20,25,0.5,0.8,2.0,1.5,7,0.07,-0.3682868745372149,489
20,25,0.5,1.2,1.2,1.5,7,0.1,-0.36843742335733654,504
25,35,0.8,0.8,1.5,1.5,5,0.05,-0.3693764964583624,360
20,25,0.5,1.2,1.5,1.5,7,0.05,-0.3693787858965391,492
25,25,0.8,1.2,1.5,1.5,7,0.05,-0.36949506463204285,393
20,35,0.3,0.5,1.5,1.5,5,0.07,-0.36970347799429,486
20,35,0.3,0.8,1.5,1.5,7,0.1,-0.3700201939461278,480
25,25,0.3,0.8,1.5,2.0,5,0.1,-0.3707417068973941,405
25,25,0.8,0.8,1.5,1.5,7,0.07,-0.3712709665431111,402
25,25,0.5,0.5,2.0,2.0,7,0.05,-0.3714700081743308,390
30,35,0.3,1.2,1.2,1.5,5,0.07,-0.3720755061777561,327
20,25,0.5,1.2,1.5,1.5,7,0.07,-0.3727294255860738,492
20,35,0.5,1.2,1.2,1.5,5,0.07,-0.3728849477916737,465
30,25,0.5,0.8,1.5,2.0,3,0.07,-0.3730164961352525,345
30,25,0.5,0.8,2.0,2.0,3,0.07,-0.3730164961352525,345
20,35,0.5,1.2,1.2,1.5,5,0.1,-0.37324717669550866,465
25,25,0.3,0.5,1.5,2.0,7,0.1,-0.3736145704966358,405
30,35,0.3,0.8,2.0,1.5,5,0.05,-0.3740247132320616,315
20,30,0.5,0.8,1.2,1.5,5,0.07,-0.37427073951872725,486
30,25,0.5,0.5,1.5,2.0,5,0.1,-0.374331436668034,339
30,25,0.5,0.5,2.0,2.0,5,0.1,-0.374331436668034,339
30,30,0.5,0.5,1.2,1.5,5,0.07,-0.3746532992035307,348
25,35,0.3,0.8,1.5,2.0,3,0.07,-0.3747988398463702,375
25,35,0.3,0.8,2.0,2.0,3,0.07,-0.3747988398463702,375
20,30,0.3,0.8,1.2,1.5,5,0.05,-0.3748032771788195,513
20,30,0.3,0.8,1.2,1.5,7,0.05,-0.3748032771788195,513
25,25,0.8,0.8,1.2,1.5,7,0.1,-0.37521906276164246,417
30,25,0.3,0.5,1.2,2.0,3,0.1,-0.3752407605655044,351
30,25,0.5,0.8,2.0,2.0,5,0.05,-0.37552197684173094,333
30,25,0.5,0.8,1.5,2.0,5,0.05,-0.37552197684173094,333
25,30,0.8,0.8,1.2,1.5,5,0.05,-0.3766126493919059,390
25,25,0.3,0.8,2.0,2.0,7,0.1,-0.37670257789749684,396
30,30,0.3,0.8,1.2,1.5,5,0.1,-0.37691661281010236,348
25,35,0.3,0.8,1.5,2.0,3,0.05,-0.3773695449530695,375
25,35,0.3,0.8,2.0,2.0,3,0.05,-0.3773695449530695,375
25,30,0.5,1.2,2.0,1.5,7,0.1,-0.3774060425328516,393
30,35,0.5,0.5,1.5,1.5,5,0.05,-0.37752538118451634,321
30,25,0.5,1.2,1.2,1.5,7,0.07,-0.37857877127785716,363
25,25,0.3,0.5,1.2,2.0,7,0.05,-0.37938289344864706,408
30,25,0.3,0.5,2.0,2.0,3,0.05,-0.3800247800386417,351
30,25,0.3,0.5,1.5,2.0,3,0.05,-0.3800247800386417,351
25,25,0.8,1.2,1.5,1.5,3,0.1,-0.3800790440801039,414
25,35,0.3,0.5,2.0,2.0,3,0.1,-0.3809545396774495,378
25,35,0.3,0.5,1.5,2.0,3,0.1,-0.3809545396774495,378
20,30,0.3,1.2,1.2,1.5,7,0.07,-0.38153347478121885,510
20,30,0.3,1.2,1.2,1.5,5,0.07,-0.38153347478121885,510
20,35,0.3,0.5,1.5,1.5,7,0.1,-0.38200054064297007,483
25,25,0.3,1.2,2.0,2.0,5,0.05,-0.38231359646962354,396
20,30,0.3,0.5,1.2,1.5,5,0.05,-0.3826143045776997,516
20,30,0.3,0.5,1.2,1.5,7,0.05,-0.3826143045776997,516
30,25,0.5,0.5,1.2,2.0,3,0.05,-0.3829312790101476,351
20,30,0.5,0.5,1.2,1.5,5,0.07,-0.3835618141086547,489
30,25,0.3,1.2,1.5,1.5,7,0.07,-0.3835731389129168,354
25,35,0.8,0.5,1.5,1.5,5,0.05,-0.38409029167154146,363
30,25,0.3,0.8,2.0,2.0,5,0.05,-0.38466099740552223,336
20,35,0.3,0.8,1.5,1.5,7,0.07,-0.3848233074592861,480
25,30,0.8,0.5,1.2,1.5,5,0.05,-0.38572031684247793,393
20,30,0.5,0.8,1.2,1.5,5,0.1,-0.3862981227696571,486
30,30,0.3,0.8,1.2,1.5,5,0.07,-0.38759498505858364,348
20,30,0.3,1.2,1.2,1.5,5,0.1,-0.38789234006909595,510
20,30,0.3,1.2,1.2,1.5,7,0.1,-0.38789234006909595,510
25,25,0.8,0.5,2.0,1.5,7,0.07,-0.3882280592599089,399
25,25,0.5,1.2,2.0,2.0,5,0.1,-0.3885687987627751,384
25,25,0.5,1.2,1.5,2.0,5,0.1,-0.3885687987627751,384
25,35,0.8,0.8,1.2,1.5,5,0.1,-0.38863740718068807,372
20,25,0.5,1.2,1.2,1.5,7,0.07,-0.3886672382657571,504
30,25,0.3,0.5,2.0,2.0,5,0.07,-0.3888916048810824,342
25,25,0.8,0.5,2.0,1.5,7,0.1,-0.3898759243348788,399
30,25,0.3,0.5,2.0,2.0,5,0.1,-0.38997084459582776,342
25,25,0.8,1.2,1.5,1.5,5,0.1,-0.3901874710084847,399
30,25,0.5,0.5,1.2,2.0,3,0.07,-0.39039153096000834,351
25,35,0.3,0.5,2.0,2.0,3,0.07,-0.39042185725167255,378
25,35,0.3,0.5,1.5,2.0,3,0.07,-0.39042185725167255,378
30,35,0.3,0.5,1.5,1.5,5,0.05,-0.3925513352448186,324
25,35,0.3,0.5,2.0,2.0,3,0.05,-0.39266361002527067,378
25,35,0.3,0.5,1.5,2.0,3,0.05,-0.39266361002527067,378
30,25,0.5,0.8,2.0,1.5,7,0.1,-0.393276957256577,351
30,25,0.5,0.8,1.5,2.0,3,0.1,-0.3933497952246434,345
30,25,0.5,0.8,2.0,2.0,3,0.1,-0.3933497952246434,345
25,25,0.8,1.2,1.5,1.5,3,0.07,-0.3934648326818209,414
30,30,0.3,0.5,1.2,1.5,5,0.1,-0.39348232036206254,351
25,25,0.5,1.2,2.0,2.0,5,0.07,-0.39430126313677233,384
25,25,0.5,1.2,1.5,2.0,5,0.07,-0.39430126313677233,384
20,25,0.5,1.2,1.2,1.5,7,0.05,-0.3948999188834784,504
20,25,0.5,0.8,2.0,1.5,7,0.1,-0.39502460007006346,489
30,35,0.5,0.8,1.2,1.5,5,0.1,-0.39552026674895957,327
20,30,0.5,0.5,1.2,1.5,5,0.1,-0.3956240861121516,489
25,25,0.8,0.8,1.2,1.5,7,0.07,-0.3960629655915831,417
20,35,0.3,0.5,1.5,1.5,7,0.07,-0.39646469188076544,483
25,25,0.3,0.8,2.0,2.0,5,0.07,-0.3972696859570322,405
25,25,0.3,0.5,1.5,2.0,7,0.05,-0.3973336376068525,405
30,25,0.3,0.5,1.5,2.0,3,0.07,-0.3979448766994988,351
30,25,0.3,0.5,2.0,2.0,3,0.07,-0.3979448766994988,351
20,35,0.5,0.8,1.2,1.5,5,0.05,-0.39897389841585884,468
30,25,0.5,1.2,2.0,1.5,7,0.05,-0.39920391931755445,342
20,25,0.5,0.5,2.0,1.5,7,0.05,-0.40002475000004467,495
30,35,0.5,0.8,2.0,1.5,5,0.05,-0.40049333430633427,312
25,30,0.5,1.2,2.0,1.5,7,0.07,-0.40052367651172033,393
30,35,0.3,0.5,2.0,1.5,5,0.05,-0.4013327670131403,318
25,25,0.8,1.2,2.0,1.5,3,0.1,-0.40134625784177175,408
25,35,0.8,0.8,1.2,1.5,5,0.07,-0.4015662842824633,372
25,25,0.8,0.5,1.5,1.5,7,0.1,-0.4018423183489891,408
30,25,0.3,1.2,2.0,1.5,7,0.05,-0.40204039969870187,345
25,35,0.8,0.5,1.2,1.5,5,0.1,-0.4023818413296122,375
30,30,0.3,0.5,1.2,1.5,5,0.07,-0.4036381079507293,351
25,25,0.3,0.8,2.0,2.0,7,0.05,-0.40365366942083075,396
25,25,0.5,0.8,1.2,2.0,5,0.05,-0.40385226456169077,393
30,25,0.3,0.5,1.5,2.0,5,0.05,-0.40452419015342983,342
30,25,0.5,0.8,2.0,1.5,7,0.07,-0.4048715034906766,351
25,25,0.8,1.2,1.2,1.5,7,0.05,-0.40650215757376607,408
20,35,0.3,1.2,1.2,1.5,7,0.05,-0.40690039170706943,492
20,35,0.3,1.2,1.2,1.5,5,0.05,-0.40690039170706943,492
25,25,0.3,0.8,2.0,2.0,5,0.1,-0.40696686210409505,405
25,25,0.3,0.5,2.0,2.0,7,0.07,-0.4073696298220587,402
20,30,0.3,1.2,1.5,1.5,3,0.05,-0.40749538129444834,522
25,25,0.3,0.5,1.5,2.0,5,0.07,-0.40750761340475716,411
20,25,0.5,0.5,2.0,1.5,7,0.07,-0.40786000800493244,495
30,25,0.3,1.2,1.2,1.5,7,0.07,-0.40834685998043124,366
30,25,0.3,0.8,2.0,1.5,7,0.1,-0.409553941857909,354
25,25,0.3,0.8,1.5,2.0,5,0.05,-0.4098504690760462,405
25,35,0.5,1.2,2.0,1.5,7,0.1,-0.41006108041854267,375
30,25,0.5,0.5,1.2,2.0,3,0.1,-0.41047819461599777,351
30,30,0.5,0.8,1.2,1.5,5,0.05,-0.41061601538800524,345
20,25,0.5,0.8,1.5,1.5,7,0.05,-0.41110247599195093,501
20,35,0.5,0.5,1.2,1.5,5,0.05,-0.4116976742842115,471
20,30,0.3,1.2,2.0,1.5,3,0.05,-0.41264550191961774,516
25,25,0.8,1.2,1.2,1.5,3,0.1,-0.4129727838560794,417
25,25,0.8,0.5,1.5,1.5,7,0.07,-0.41416511890947827,408
30,25,0.5,0.5,2.0,2.0,3,0.05,-0.41457929646978253,351
30,25,0.5,0.5,1.5,2.0,3,0.05,-0.41457929646978253,351
25,35,0.8,0.5,1.2,1.5,5,0.07,-0.4146324388321504,375
25,25,0.8,1.2,2.0,1.5,3,0.07,-0.41467009487043355,408
30,25,0.5,0.8,1.5,1.5,7,0.1,-0.415157984394067,360
30,25,0.3,0.5,2.0,2.0,3,0.1,-0.416447575195627,351
30,25,0.3,0.5,1.5,2.0,3,0.1,-0.416447575195627,351
25,25,0.3,0.5,1.5,2.0,5,0.1,-0.41709121901822555,411
25,35,0.8,1.2,1.2,1.5,5,0.05,-0.4170923614442351,369
20,35,0.5,0.8,1.2,1.5,5,0.07,-0.4171551922323374,468
25,25,0.8,0.5,1.2,1.5,7,0.1,-0.41726907569024324,423
20,35,0.5,0.8,1.2,1.5,5,0.1,-0.4174498591475524,468
30,35,0.5,0.5,1.2,1.5,5,0.1,-0.4201653918795522,330
30,35,0.5,1.2,1.2,1.5,5,0.05,-0.4203034710077941,324
25,25,0.8,1.2,1.5,1.5,5,0.07,-0.42105993654143375,399
20,25,0.3,1.2,2.0,1.5,7,0.05,-0.4217089841731758,504
25,25,0.8,0.8,2.0,1.5,7,0.05,-0.422079158412021,393
25,25,0.3,0.5,2.0,2.0,7,0.1,-0.42254641055631553,402
30,35,0.3,0.8,1.2,1.5,5,0.1,-0.4243945089405465,330
30,30,0.3,0.8,1.2,1.5,5,0.05,-0.42447018317405494,348
30,35,0.5,0.8,1.2,1.5,5,0.07,-0.4255482022269842,327
25,25,0.8,1.2,1.2,1.5,3,0.07,-0.4256186838527675,417
30,30,0.5,0.5,1.2,1.5,5,0.05,-0.4262712848827526,348
20,25,0.5,0.8,1.5,1.5,7,0.1,-0.42708657307502,501
20,25,0.5,0.8,1.5,1.5,7,0.07,-0.4273729763508726,501
30,25,0.5,1.2,1.5,1.5,7,0.05,-0.42758642004571706,351
30,35,0.5,0.5,2.0,1.5,5,0.05,-0.4278013880874127,315
20,30,0.3,0.8,1.2,1.5,5,0.07,-0.42794655330714004,513
20,30,0.3,0.8,1.2,1.5,7,0.07,-0.42794655330714004,513
20,35,0.5,0.5,1.2,1.5,5,0.07,-0.42936802855848644,471
25,35,0.8,0.8,2.0,1.5,5,0.05,-0.4295731122299431,354
20,35,0.5,0.5,1.2,1.5,5,0.1,-0.42974815783772397,471
30,25,0.5,0.5,2.0,2.0,5,0.05,-0.43171574232143783,339
30,25,0.5,0.5,1.5,2.0,5,0.05,-0.43171574232143783,339
30,25,0.3,0.8,2.0,1.5,7,0.07,-0.4321128718233646,354
30,25,0.5,0.5,2.0,2.0,3,0.07,-0.4324183878559263,351
30,25,0.5,0.5,1.5,2.0,3,0.07,-0.4324183878559263,351
20,30,0.3,1.2,1.5,1.5,3,0.07,-0.43274432370096144,522
30,25,0.5,0.8,1.2,1.5,7,0.1,-0.43397748063209385,372
30,35,0.3,1.2,1.2,1.5,5,0.05,-0.4340191230427136,327
20,30,0.3,0.8,1.2,1.5,7,0.1,-0.43404707092943345,513
20,30,0.3,0.8,1.2,1.5,5,0.1,-0.43404707092943345,513
20,25,0.5,0.5,2.0,1.5,7,0.1,-0.4340967558289043,495
20,25,0.5,0.8,1.2,1.5,7,0.1,-0.435527159138947,513
20,30,0.3,0.5,1.2,1.5,7,0.07,-0.4355284440195139,516
20,30,0.3,0.5,1.2,1.5,5,0.07,-0.4355284440195139,516
25,30,0.5,0.8,2.0,1.5,7,0.1,-0.435612359721644,396
30,25,0.5,1.2,1.5,1.5,5,0.1,-0.435994528934023,357
20,25,0.5,0.8,1.2,1.5,7,0.05,-0.4367903126371096,513
20,25,0.3,1.2,1.2,2.0,3,0.1,-0.43818436905688424,501
25,25,0.8,0.5,1.2,1.5,7,0.07,-0.4382945567825864,423
20,30,0.3,1.2,1.2,1.5,3,0.05,-0.4396478492516437,525
30,30,0.3,0.5,1.2,1.5,5,0.05,-0.4401254526688023,351
25,25,0.8,0.8,1.5,1.5,3,0.07,-0.44073568482234776,423
30,25,0.3,0.5,2.0,2.0,5,0.05,-0.4408547628852292,342
30,25,0.3,1.2,1.5,1.5,7,0.05,-0.4412500492124335,354
20,30,0.3,1.2,1.5,1.5,3,0.1,-0.441266189149985,522
25,30,0.5,1.2,1.5,1.5,7,0.1,-0.44142895739905313,405
30,25,0.5,0.5,2.0,1.5,7,0.1,-0.4414933105426876,357
20,30,0.3,0.5,1.2,1.5,5,0.1,-0.4419864262561769,516
20,30,0.3,0.5,1.2,1.5,7,0.1,-0.4419864262561769,516
25,25,0.8,0.8,1.5,1.5,7,0.05,-0.4421471829188641,402
20,35,0.3,1.2,1.2,1.5,7,0.1,-0.4425142447761798,492
20,35,0.3,1.2,1.2,1.5,5,0.1,-0.4425142447761798,492
30,25,0.5,0.8,1.5,1.5,7,0.07,-0.4426938709937648,360
20,25,0.5,0.8,1.2,1.5,7,0.07,-0.4432095030383094,513
30,25,0.3,0.8,1.5,1.5,7,0.1,-0.4433196779691356,363
25,25,0.8,1.2,1.5,1.5,3,0.05,-0.44355443546696693,414
25,35,0.8,0.5,2.0,1.5,5,0.05,-0.44361327552581126,357
25,25,0.3,0.5,2.0,2.0,5,0.07,-0.4438266124406208,411
25,30,0.5,0.5,2.0,1.5,7,0.1,-0.44513756363185103,399
25,25,0.3,0.8,2.0,2.0,5,0.05,-0.4453614393076784,405
20,30,0.3,1.2,2.0,1.5,3,0.07,-0.44630660366634795,516
25,35,0.5,1.2,2.0,1.5,7,0.07,-0.4473897196545347,375
30,35,0.3,0.5,1.2,1.5,5,0.1,-0.44903963407113934,333
30,35,0.5,0.5,1.2,1.5,5,0.07,-0.449262147168055,330
20,25,0.5,1.2,1.5,1.5,5,0.1,-0.44928115453715445,498
20,35,0.3,1.2,1.2,1.5,7,0.07,-0.4501169222956824,492
20,35,0.3,1.2,1.2,1.5,5,0.07,-0.4501169222956824,492
20,25,0.3,0.8,1.2,2.0,3,0.05,-0.45047507445985696,510
25,25,0.3,0.5,2.0,2.0,7,0.05,-0.4506467496907948,402
25,25,0.8,0.8,1.5,1.5,3,0.1,-0.45152793782063677,423
30,25,0.5,0.5,2.0,2.0,3,0.1,-0.45168500924612043,351
30,25,0.5,0.5,1.5,2.0,3,0.1,-0.45168500924612043,351
20,25,0.5,0.5,1.5,1.5,7,0.05,-0.4519234586294439,507
25,25,0.8,1.2,2.0,1.5,3,0.05,-0.4532140095146541,408
25,25,0.3,0.5,2.0,2.0,5,0.1,-0.4533163742249263,411
25,25,0.5,0.5,1.2,2.0,5,0.05,-0.4533676532445089,399
20,35,0.3,0.8,1.2,1.5,7,0.05,-0.45353936383449006,495
20,35,0.3,0.8,1.2,1.5,5,0.05,-0.45353936383449006,495
30,25,0.5,0.5,2.0,1.5,7,0.07,-0.4535988898762876,357
20,30,0.3,1.2,2.0,1.5,3,0.1,-0.45403081035545534,516
30,35,0.3,0.8,1.2,1.5,5,0.07,-0.45453301097418297,330
25,25,0.3,0.5,1.5,2.0,5,0.05,-0.4571307838905233,411
30,25,0.3,0.5,2.0,1.5,7,0.1,-0.45777029514401957,360
20,25,0.3,1.2,1.2,2.0,3,0.05,-0.45801645012284325,501
20,25,0.3,1.2,1.2,2.0,3,0.07,-0.4583627798893866,501
25,30,0.5,0.8,2.0,1.5,7,0.07,-0.4587792872640005,396
20,30,0.3,0.8,1.5,1.5,3,0.05,-0.4593102886529704,525
20,30,0.3,1.2,1.2,1.5,3,0.07,-0.4595733541282191,525
20,25,0.3,1.2,2.0,1.5,7,0.07,-0.4596325113185124,504
25,25,0.5,0.8,1.5,2.0,5,0.07,-0.46056346476937304,393
25,25,0.5,0.8,2.0,2.0,5,0.07,-0.46056346476937304,393
25,25,0.8,0.8,2.0,1.5,3,0.07,-0.4608128289673735,417
20,25,0.3,1.2,1.5,1.5,5,0.1,-0.4614647324501798,522
20,25,0.3,1.2,1.5,1.5,5,0.05,-0.462363441318373,522
20,25,0.3,1.2,2.0,1.5,5,0.05,-0.4624769825572697,513
30,25,0.5,0.5,1.5,1.5,7,0.1,-0.4634590517685045,366
20,35,0.3,0.5,1.2,1.5,7,0.05,-0.46346164279299595,498
20,35,0.3,0.5,1.2,1.5,5,0.05,-0.46346164279299595,498
20,25,0.3,1.2,2.0,1.5,7,0.1,-0.46381986151959614,504
30,25,0.3,0.8,1.2,1.5,7,0.1,-0.46401835031711486,375
20,30,0.3,0.8,2.0,1.5,3,0.05,-0.4642058943274678,519
25,25,0.8,0.8,1.5,1.5,3,0.05,-0.46480467133641173,423
30,25,0.3,1.2,1.5,1.5,5,0.1,-0.4654403957360563,360
25,25,0.8,0.5,2.0,1.5,7,0.05,-0.46566254575294125,399
20,25,0.5,0.5,1.5,1.5,7,0.1,-0.4661980853895477,507
20,25,0.5,1.2,1.5,1.5,5,0.07,-0.4666563550393982,498
20,25,0.5,0.5,1.5,1.5,7,0.07,-0.46706989307098074,507
20,25,0.3,1.2,2.0,2.0,3,0.1,-0.46762208493581,501
20,25,0.3,1.2,1.5,2.0,3,0.1,-0.46762208493581,501
20,30,0.3,0.5,1.5,1.5,3,0.05,-0.4676517741575774,528
25,30,0.5,0.5,2.0,1.5,7,0.07,-0.4681137886881558,399
25,35,0.5,0.8,2.0,1.5,7,0.1,-0.4682673976073351,378
20,25,0.3,0.8,2.0,1.5,7,0.05,-0.46875960929436394,513
20,25,0.3,1.2,1.5,1.5,7,0.05,-0.4688282328456087,516
30,25,0.5,1.2,1.2,1.5,7,0.05,-0.46926151378139075,363
25,25,0.5,0.8,1.5,2.0,5,0.1,-0.4699548906777982,393
25,25,0.5,0.8,2.0,2.0,5,0.1,-0.4699548906777982,393
20,25,0.5,1.2,1.5,1.5,3,0.1,-0.4702078355658628,522
20,30,0.3,1.2,1.2,1.5,3,0.1,-0.47145633419039457,525
20,25,0.3,0.8,1.2,2.0,3,0.1,-0.4717510534796251,510
30,25,0.5,0.8,1.2,1.5,7,0.07,-0.47198675818642927,372
25,25,0.8,0.8,1.2,1.5,3,0.07,-0.472037424458296,426
25,25,0.8,0.8,2.0,1.5,3,0.1,-0.4721657935791877,417
20,25,0.3,0.8,1.2,2.0,3,0.07,-0.472265600071123,510
20,30,0.3,0.5,2.0,1.5,3,0.05,-0.47262607130587736,522
25,25,0.8,0.8,2.0,1.5,3,0.05,-0.4728395839731799,417
20,25,0.3,0.8,1.5,2.0,3,0.05,-0.473152520068063,510
20,25,0.3,0.8,2.0,2.0,3,0.05,-0.473152520068063,510
30,25,0.5,0.8,2.0,1.5,7,0.05,-0.4739906808885673,351
25,30,0.5,1.2,2.0,1.5,7,0.05,-0.4740144397453567,393
20,25,0.5,0.5,1.2,1.5,7,0.1,-0.4742521434465668,519
25,25,0.5,1.2,1.2,2.0,3,0.1,-0.4752682022816984,402
25,25,0.8,1.2,1.2,1.5,3,0.05,-0.475741023591353,417
30,25,0.3,0.8,1.5,1.5,7,0.07,-0.4764349828969914,363
20,25,0.5,0.5,1.2,1.5,7,0.05,-0.4769754597475268,519
20,25,0.5,1.2,1.5,1.5,5,0.05,-0.47710956075643307,498
30,25,0.3,0.8,2.0,1.5,7,0.05,-0.47727909544955816,354
30,35,0.3,0.5,1.2,1.5,5,0.07,-0.47824695591525374,333
25,25,0.8,0.8,1.2,1.5,7,0.05,-0.47838746430582296,417
25,25,0.8,1.2,1.2,1.5,5,0.1,-0.48009948604212577,411
20,25,0.3,1.2,2.0,2.0,3,0.05,-0.48061240404200767,501
20,25,0.3,1.2,1.5,2.0,3,0.05,-0.48061240404200767,501
30,25,0.3,0.5,2.0,1.5,7,0.07,-0.48084025820897563,360
25,35,0.5,1.2,1.5,1.5,7,0.1,-0.4808442560374046,387
25,35,0.5,0.5,2.0,1.5,7,0.1,-0.4814247986002209,381
30,25,0.5,0.5,1.2,1.5,7,0.1,-0.48145708332889875,378
20,25,0.5,0.5,1.2,1.5,7,0.07,-0.48233553096573656,519
20,25,0.5,1.2,2.0,1.5,3,0.1,-0.482506384346627,516
20,25,0.5,1.2,1.5,1.5,3,0.07,-0.48274184306039664,522
25,25,0.8,0.8,1.5,1.5,5,0.1,-0.4830083337744067,408
30,25,0.3,1.2,1.2,1.5,7,0.05,-0.4835200658739393,366
25,25,0.8,0.8,1.2,1.5,3,0.1,-0.4835886951389798,426
20,25,0.5,1.2,1.2,1.5,3,0.1,-0.4837036139088405,522
20,30,0.3,0.8,1.5,1.5,3,0.07,-0.4843365920336668,525
30,25,0.5,1.2,1.5,1.5,5,0.07,-0.48548164009199496,357
25,30,0.5,1.2,1.5,1.5,7,0.07,-0.48558344084557564,405
25,25,0.8,0.5,1.5,1.5,7,0.05,-0.4858837083861831,408
20,25,0.5,0.8,1.5,1.5,3,0.05,-0.4858869004646632,531
25,25,0.8,0.5,1.5,1.5,3,0.07,-0.4862224957400761,429
20,25,0.3,1.2,2.0,1.5,5,0.1,-0.4877224877624987,513
20,25,0.5,0.8,2.0,1.5,3,0.05,-0.4882694600562529,525
20,25,0.3,1.2,1.5,2.0,3,0.07,-0.48839539213920874,501
20,25,0.3,1.2,2.0,2.0,3,0.07,-0.48839539213920874,501
20,35,0.3,0.8,1.2,1.5,5,0.1,-0.48866897563651723,495
20,35,0.3,0.8,1.2,1.5,7,0.1,-0.48866897563651723,495
20,25,0.3,1.2,1.5,1.5,5,0.07,-0.488949148093627,522
25,35,0.8,0.8,1.2,1.5,5,0.05,-0.4894534128201812,372
20,30,0.3,0.8,1.2,1.5,3,0.05,-0.4899985996810907,528
20,25,0.3,1.2,2.0,1.5,5,0.07,-0.4905991547843296,513
25,25,0.5,1.2,2.0,2.0,5,0.05,-0.4911176562885492,384
25,25,0.5,1.2,1.5,2.0,5,0.05,-0.4911176562885492,384
20,25,0.5,1.2,1.5,1.5,3,0.05,-0.4914247735858607,522
20,25,0.3,1.2,1.5,1.5,7,0.1,-0.49142911640729225,516
30,25,0.5,0.5,1.5,1.5,7,0.07,-0.49159071790302505,366
30,25,0.3,0.5,1.5,1.5,7,0.1,-0.4916207453435731,369
20,30,0.3,0.5,1.5,1.5,3,0.07,-0.4925431690609651,528
20,30,0.3,0.8,1.5,1.5,3,0.1,-0.49261104790269156,525
25,25,0.3,0.5,2.0,2.0,5,0.05,-0.4926417541221555,411
20,25,0.5,1.2,1.2,1.5,3,0.07,-0.4933015088785,522
20,25,0.5,1.2,2.0,1.5,3,0.05,-0.49520596044973125,516
20,25,0.5,1.2,2.0,1.5,3,0.07,-0.4954641548825369,516
25,25,0.8,0.8,1.2,1.5,3,0.05,-0.49612635964092333,426
25,25,0.8,0.5,1.5,1.5,3,0.1,-0.4963328205567862,429
20,25,0.5,0.8,1.2,1.5,3,0.05,-0.49650360931246346,531
20,35,0.3,0.8,1.2,1.5,7,0.07,-0.49653000082160365,495
20,35,0.3,0.8,1.2,1.5,5,0.07,-0.49653000082160365,495
20,35,0.3,1.2,1.5,1.5,3,0.05,-0.49672805357691796,504
20,25,0.3,0.5,1.2,2.0,3,0.05,-0.4968969415593269,516
25,25,0.8,1.2,2.0,1.5,5,0.1,-0.497411177628666,393
20,30,0.3,0.8,2.0,1.5,3,0.07,-0.4976441207677932,519
25,25,0.5,1.2,1.2,2.0,3,0.07,-0.49800003979671587,402
20,30,0.3,0.5,1.2,1.5,3,0.05,-0.4983400851856977,531
25,30,0.3,1.2,2.0,1.5,7,0.1,-0.49874682001348064,408
20,35,0.3,0.5,1.2,1.5,5,0.1,-0.498855935536754,498
20,35,0.3,0.5,1.2,1.5,7,0.1,-0.498855935536754,498
25,25,0.8,0.8,1.5,1.5,5,0.07,-0.49931373582778193,408
20,25,0.5,0.8,1.5,1.5,3,0.07,-0.5004857522341659,531
20,35,0.3,1.2,2.0,1.5,3,0.05,-0.5006006237627605,498
20,30,0.3,0.5,1.5,1.5,3,0.1,-0.5008086253505638,528
20,25,0.3,0.8,1.5,2.0,3,0.1,-0.501359716742802,510
20,25,0.3,0.8,2.0,2.0,3,0.1,-0.501359716742802,510
20,35,0.3,1.2,1.5,1.5,3,0.1,-0.50147855115377,504
25,30,0.5,0.8,1.5,1.5,7,0.1,-0.5018881777519238,408
25,35,0.8,0.5,1.2,1.5,5,0.05,-0.5019589093084051,375
20,25,0.5,1.2,1.2,1.5,3,0.05,-0.5019656570254054,522
30,25,0.3,0.8,1.2,1.5,7,0.07,-0.5021901876475442,375
20,25,0.3,0.8,1.5,2.0,3,0.07,-0.5024434961187076,510
20,25,0.3,0.8,2.0,2.0,3,0.07,-0.5024434961187076,510
30,35,0.5,0.8,1.2,1.5,5,0.05,-0.5028015839360886,327
30,25,0.5,0.8,1.5,1.5,7,0.05,-0.5047561643372488,360
20,30,0.3,0.8,2.0,1.5,3,0.1,-0.5051193957156975,519
25,35,0.5,0.8,2.0,1.5,7,0.07,-0.5056453304068148,378
20,30,0.3,0.5,2.0,1.5,3,0.07,-0.5058891630513168,522
25,25,0.8,1.2,1.2,1.5,5,0.07,-0.5059698665057306,411
25,25,0.8,0.5,2.0,1.5,3,0.07,-0.5061337571540073,423
20,35,0.3,0.5,1.2,1.5,5,0.07,-0.506208330933863,498
20,35,0.3,0.5,1.2,1.5,7,0.07,-0.506208330933863,498
20,25,0.3,0.8,1.5,1.5,5,0.05,-0.5070783977376178,531
20,25,0.3,0.5,2.0,1.5,7,0.05,-0.5077091812363571,519
20,25,0.5,1.2,2.0,1.5,5,0.07,-0.5080412028896854,489
25,25,0.5,0.5,2.0,2.0,5,0.07,-0.508530102416097,399
25,25,0.5,0.5,1.5,2.0,5,0.07,-0.508530102416097,399
20,25,0.3,0.8,2.0,1.5,5,0.05,-0.5091068222404526,522
20,25,0.5,0.8,1.5,1.5,3,0.1,-0.5094011842279943,531
20,30,0.3,0.8,1.2,1.5,3,0.07,-0.5097199818445589,528
25,25,0.5,1.2,2.0,2.0,3,0.1,-0.5097948886546401,402
25,25,0.5,1.2,1.5,2.0,3,0.1,-0.5097948886546401,402
25,30,0.5,1.2,1.2,1.5,7,0.1,-0.5098453094438701,417
20,35,0.3,1.2,1.5,1.5,3,0.07,-0.5104537651303649,504
20,25,0.3,1.2,1.5,1.5,7,0.07,-0.5109581253238276,516
25,25,0.8,0.5,1.5,1.5,3,0.05,-0.5110304054239616,429
20,25,0.5,0.8,1.2,1.5,3,0.07,-0.511121563835799,531
30,25,0.3,0.5,1.2,1.5,7,0.1,-0.5114979530139199,381
25,30,0.5,0.5,1.5,1.5,7,0.1,-0.5116888735280223,411
25,25,0.8,1.2,2.0,1.5,5,0.07,-0.5120995538188039,393
20,25,0.5,0.8,2.0,1.5,3,0.07,-0.5122194407565311,525
20,25,0.5,0.8,1.5,1.5,5,0.1,-0.5122325128997665,507
20,35,0.3,1.2,2.0,1.5,3,0.1,-0.51290688840834,498
20,25,0.5,1.2,2.0,1.5,5,0.05,-0.5132449517449654,489
20,30,0.3,0.5,2.0,1.5,3,0.1,-0.5133640856623226,522
20,25,0.3,0.8,1.5,1.5,7,0.05,-0.5138189852604348,525
25,30,0.3,1.2,2.0,1.5,7,0.07,-0.5139430972428174,408
20,25,0.5,0.8,1.5,1.5,5,0.05,-0.5142821648490161,507
30,35,0.3,0.8,1.2,1.5,5,0.05,-0.5166557517221383,330
20,25,0.5,0.8,1.5,1.5,5,0.07,-0.5167462488893826,507
20,25,0.3,0.5,1.2,2.0,3,0.1,-0.5167754478290499,516
25,25,0.8,0.5,2.0,1.5,3,0.1,-0.516810459349136,423
30,25,0.3,0.8,1.5,1.5,7,0.05,-0.5171683090634478,363
25,25,0.8,0.5,1.2,1.5,3,0.07,-0.5175242353760242,432
25,25,0.5,0.5,2.0,2.0,5,0.1,-0.5177141266459632,399
25,25,0.5,0.5,1.5,2.0,5,0.1,-0.5177141266459632,399
20,25,0.3,0.5,1.2,2.0,3,0.07,-0.5177531140503563,516
20,30,0.3,0.5,1.2,1.5,3,0.07,-0.5179265588718572,531
20,25,0.3,0.8,2.0,1.5,7,0.07,-0.5182797592772646,513
25,35,0.5,0.5,2.0,1.5,7,0.07,-0.5184784197383249,381
30,25,0.3,1.2,1.5,1.5,3,0.1,-0.5186789229788406,369
25,25,0.8,0.5,2.0,1.5,3,0.05,-0.5189601801248925,423
30,25,0.3,1.2,2.0,1.5,5,0.1,-0.5191063204606968,354
20,25,0.3,0.5,1.5,2.0,3,0.05,-0.5191553709208494,516
20,25,0.3,0.5,2.0,2.0,3,0.05,-0.5191553709208494,516
20,25,0.5,1.2,1.2,1.5,5,0.1,-0.5192928215288423,507
30,25,0.5,0.5,1.2,1.5,7,0.07,-0.5197084284740028,378
20,25,0.5,1.2,2.0,1.5,5,0.1,-0.5197800816042369,489
30,25,0.3,1.2,1.5,1.5,5,0.07,-0.520232938206136,360
20,25,0.5,0.8,2.0,1.5,3,0.1,-0.5211210654157729,525
20,30,0.3,0.8,1.2,1.5,3,0.1,-0.5213938044723946,528
25,25,0.8,0.5,1.2,1.5,7,0.05,-0.521408780781576,423
20,25,0.5,0.8,1.2,1.5,3,0.1,-0.5229908644898874,531
20,35,0.3,1.2,2.0,1.5,3,0.07,-0.5230899898148164,498
30,25,0.5,0.5,2.0,1.5,7,0.05,-0.5236319223104233,357
25,30,0.3,1.2,1.5,1.5,5,0.1,-0.5236465383266525,420
25,30,0.3,1.2,2.0,1.5,5,0.1,-0.5240505026304307,411
25,25,0.8,1.2,1.5,1.5,5,0.05,-0.5243829768958751,399
30,25,0.3,0.5,1.5,1.5,7,0.07,-0.5253318298062516,369
30,35,0.5,0.5,1.2,1.5,5,0.05,-0.5257787213081875,330
25,25,0.5,0.8,1.2,2.0,3,0.07,-0.5259276805653551,411
25,25,0.8,0.5,1.5,1.5,5,0.1,-0.5262750527740866,414
30,25,0.3,0.5,2.0,1.5,7,0.05,-0.5269203368714143,360
25,25,0.5,0.8,1.2,2.0,3,0.1,-0.5272977028800324,411
25,25,0.8,0.5,1.2,1.5,3,0.1,-0.5283935778751292,432
25,30,0.5,1.2,1.5,1.5,3,0.07,-0.528441496387649,423
25,25,0.5,1.2,1.2,2.0,3,0.05,-0.528582885674438,402
20,35,0.3,1.2,1.2,1.5,3,0.05,-0.5288805215341131,507
20,25,0.3,0.8,1.5,1.5,5,0.1,-0.5290678188684946,531
20,25,0.5,0.5,1.5,1.5,3,0.05,-0.5292726055026347,537
20,30,0.3,0.5,1.2,1.5,3,0.1,-0.5295913819202669,531
25,25,0.5,0.8,1.2,2.0,3,0.05,-0.5305049707320423,411
20,25,0.5,0.5,2.0,1.5,3,0.05,-0.5316390488512781,531
20,35,0.3,1.2,1.2,1.5,3,0.1,-0.5316686961941797,507
20,25,0.5,1.2,1.2,1.5,5,0.07,-0.5326007537713628,507
25,30,0.5,0.8,2.0,1.5,7,0.05,-0.5330696832091497,396
25,25,0.5,1.2,2.0,2.0,3,0.07,-0.5332507119836697,402
25,25,0.5,1.2,1.5,2.0,3,0.07,-0.5332507119836697,402
20,25,0.3,0.8,2.0,1.5,7,0.1,-0.5342609714617408,513
30,25,0.3,1.2,2.0,1.5,3,0.1,-0.5349959276516498,363
25,30,0.5,1.2,1.5,1.5,3,0.05,-0.5356091277697829,423
25,30,0.5,1.2,1.5,1.5,3,0.1,-0.5365232895759505,423
20,35,0.3,1.2,1.2,1.5,3,0.07,-0.5372827955576225,507
30,25,0.5,0.8,1.5,1.5,5,0.1,-0.5381442314214837,366
25,35,0.3,1.2,2.0,1.5,7,0.1,-0.5388971945149144,390
30,35,0.3,0.5,1.2,1.5,5,0.05,-0.539632889094237,333
30,25,0.3,1.2,1.5,1.5,3,0.07,-0.539819875158829,369
20,25,0.5,0.5,1.2,1.5,3,0.05,-0.5398893143504349,537
20,25,0.5,1.2,1.2,1.5,5,0.05,-0.5404334671878462,507
30,25,0.5,1.2,2.0,1.5,5,0.1,-0.5404904495000565,351
30,25,0.5,1.2,1.2,1.5,5,0.1,-0.5407941531769005,366
25,35,0.5,0.8,1.5,1.5,7,0.1,-0.5413034763902753,390
25,30,0.5,1.2,2.0,1.5,3,0.05,-0.5415742854510345,417
25,35,0.5,1.2,1.5,1.5,7,0.07,-0.5421981879569269,387
25,30,0.5,0.5,2.0,1.5,7,0.05,-0.5422111423701003,399
25,25,0.8,0.5,1.2,1.5,3,0.05,-0.542352093728473,432
25,25,0.5,0.8,2.0,2.0,5,0.05,-0.5427745329033407,393
25,25,0.5,0.8,1.5,2.0,5,0.05,-0.5427745329033407,393
25,25,0.8,0.5,1.5,1.5,5,0.07,-0.542802006359331,414
20,25,0.5,0.5,1.5,1.5,3,0.07,-0.5429126162762149,537
25,30,0.5,1.2,2.0,1.5,3,0.07,-0.5434375106359292,417
25,35,0.5,1.2,2.0,1.5,7,0.05,-0.5443378388659458,375
25,30,0.3,1.2,2.0,1.5,5,0.07,-0.5445317084509468,411
20,25,0.3,0.8,1.5,1.5,5,0.07,-0.5451226099040383,531
20,25,0.3,0.5,2.0,2.0,3,0.1,-0.5459558453686477,516
20,25,0.3,0.5,1.5,2.0,3,0.1,-0.5459558453686477,516
25,30,0.5,0.8,1.5,1.5,7,0.07,-0.5461512159334945,408
20,25,0.3,0.5,1.5,1.5,5,0.05,-0.5464014432439839,537
30,25,0.5,0.8,1.2,1.5,7,0.05,-0.5464707485554162,372
20,25,0.3,0.5,2.0,2.0,3,0.07,-0.5474882550829133,516
20,25,0.3,0.5,1.5,2.0,3,0.07,-0.5474882550829133,516
20,25,0.3,0.5,2.0,1.5,5,0.05,-0.5481620643186431,528
20,35,0.3,0.8,1.5,1.5,3,0.05,-0.5485429609354399,507
20,25,0.3,0.8,2.0,1.5,5,0.07,-0.5489761495768544,522
30,25,0.3,0.5,1.2,1.5,7,0.07,-0.5499118579351177,381
25,30,0.5,1.2,1.5,1.5,5,0.1,-0.5503312075411575,408
25,30,0.5,1.2,2.0,1.5,3,0.1,-0.5505515298964222,417
20,25,0.5,0.5,1.5,1.5,3,0.1,-0.5511431259539143,537
20,25,0.5,0.8,2.0,1.5,5,0.05,-0.5514113864150295,498
20,25,0.5,0.5,1.5,1.5,5,0.1,-0.5518845455010788,513
20,35,0.3,0.8,2.0,1.5,3,0.05,-0.5521610161706104,501
25,30,0.5,1.2,1.5,1.5,7,0.05,-0.5524535603061059,405
25,30,0.5,1.2,1.2,1.5,7,0.07,-0.5527600767047127,417
20,35,0.3,0.8,1.5,1.5,3,0.1,-0.5528234099064766,507
20,25,0.3,0.5,1.5,1.5,7,0.05,-0.5530026473804243,531
20,25,0.5,0.5,1.2,1.5,3,0.07,-0.5535484278778479,537
25,30,0.3,1.2,2.0,1.5,7,0.05,-0.5537388562179245,408
30,25,0.5,1.2,1.5,1.5,3,0.1,-0.5541591943292997,369
30,25,0.5,0.5,1.5,1.5,7,0.05,-0.5544777974358155,366
20,25,0.5,0.5,2.0,1.5,3,0.07,-0.5545786014431199,531
25,35,0.5,0.5,1.5,1.5,7,0.1,-0.5547560394866013,393
25,35,0.5,1.2,1.2,1.5,7,0.1,-0.5551971610329001,399
20,25,0.5,0.5,1.5,1.5,5,0.05,-0.555519819700434,513
25,30,0.5,0.5,1.5,1.5,7,0.07,-0.5557597101002615,411
25,25,0.5,1.2,1.5,2.0,3,0.05,-0.5557716532259719,402
25,25,0.5,1.2,2.0,2.0,3,0.05,-0.5557716532259719,402
20,25,0.3,0.5,2.0,1.5,7,0.07,-0.5560473992195095,519
30,25,0.3,1.2,2.0,1.5,3,0.07,-0.5566283955481954,363
20,25,0.5,0.5,1.5,1.5,5,0.07,-0.5568529561950396,513
25,25,0.5,0.8,1.5,2.0,3,0.05,-0.5576439048897621,411
25,25,0.5,0.8,2.0,2.0,3,0.05,-0.5576439048897621,411
25,30,0.3,0.8,2.0,1.5,7,0.1,-0.5577680326447785,411
20,25,0.3,0.8,2.0,1.5,5,0.1,-0.5580067229604733,522
25,30,0.5,1.2,1.2,1.5,3,0.07,-0.5587063433088545,426
20,35,0.3,0.5,1.5,1.5,3,0.05,-0.5593220706075985,510
20,25,0.3,0.8,1.5,1.5,7,0.1,-0.5594452490979775,525
20,25,0.5,0.8,2.0,1.5,5,0.07,-0.5595290634247092,498
30,25,0.3,0.8,1.2,1.5,7,0.05,-0.5609692970848084,375
25,25,0.5,0.8,2.0,2.0,3,0.07,-0.561236130560355,411
25,25,0.5,0.8,1.5,2.0,3,0.07,-0.561236130560355,411
30,25,0.3,1.2,1.2,1.5,3,0.1,-0.5616216694330064,372
25,25,0.5,0.8,1.5,2.0,3,0.1,-0.5619420683145447,411
25,25,0.5,0.8,2.0,2.0,3,0.1,-0.5619420683145447,411
20,35,0.3,0.8,1.5,1.5,3,0.07,-0.5620460334630702,507
20,25,0.5,0.5,2.0,1.5,3,0.1,-0.5627917679524067,531
20,35,0.3,0.5,2.0,1.5,3,0.05,-0.5630854432480111,504
30,25,0.3,1.2,2.0,1.5,5,0.07,-0.5631970359580054,354
20,35,0.3,0.5,1.5,1.5,3,0.1,-0.5635618681642413,510
20,35,0.3,0.8,2.0,1.5,3,0.1,-0.5639954737685822,501
25,30,0.3,1.2,1.5,1.5,5,0.07,-0.5640730001566171,420
20,25,0.5,0.5,1.2,1.5,3,0.1,-0.5647328062158075,537
25,35,0.3,1.2,2.0,1.5,7,0.07,-0.565613605740953,390
25,30,0.5,1.2,1.2,1.5,3,0.05,-0.5660261137104796,426
20,25,0.3,1.2,1.2,1.5,5,0.05,-0.5662009544254948,534
20,25,0.3,1.2,1.2,1.5,7,0.05,-0.5662009544254948,534
30,25,0.3,0.8,1.5,1.5,5,0.1,-0.5663059249965522,369
25,35,0.3,1.2,1.5,1.5,5,0.1,-0.5666497219541552,402
30,25,0.3,0.5,1.5,1.5,7,0.05,-0.5668899421620144,369
20,25,0.3,0.5,1.5,1.5,5,0.1,-0.567232370430846,537
25,30,0.3,0.5,2.0,1.5,7,0.1,-0.5672932365549854,414
20,25,0.3,1.2,1.2,1.5,7,0.1,-0.5674287758454296,534
20,25,0.3,1.2,1.2,1.5,5,0.1,-0.5674287758454296,534
20,25,0.3,0.8,1.5,1.5,7,0.07,-0.567588999645296,525
25,30,0.5,1.2,1.2,1.5,3,0.1,-0.5681827827137317,426
25,35,0.3,1.2,2.0,1.5,5,0.1,-0.5698880700936436,393
30,25,0.5,1.2,2.0,1.5,3,0.1,-0.5699582242980716,363
25,30,0.5,0.8,1.2,1.5,7,0.1,-0.5703323168219664,420
30,25,0.3,1.2,1.2,1.5,5,0.1,-0.570422981542489,369
30,25,0.5,0.8,1.5,1.5,5,0.07,-0.5704799775869349,366
30,25,0.5,1.2,1.2,1.5,3,0.1,-0.5710429594230305,369
20,25,0.3,0.5,2.0,1.5,7,0.1,-0.5718764425207108,519
20,35,0.3,0.5,1.5,1.5,3,0.07,-0.5726996223280112,510
25,25,0.8,0.8,1.2,1.5,5,0.1,-0.5727431512039521,420
25,30,0.3,0.8,2.0,1.5,7,0.07,-0.5732777980798501,411
30,25,0.5,1.2,2.0,1.5,5,0.07,-0.5740215577220376,351
25,30,0.3,1.2,1.5,1.5,7,0.1,-0.5743835209735428,420
20,35,0.3,0.8,2.0,1.5,3,0.07,-0.5744275069162617,501
30,25,0.5,1.2,1.5,1.5,3,0.07,-0.5745070722753213,369
20,35,0.3,0.5,2.0,1.5,3,0.1,-0.5748498900943342,504
20,25,0.5,0.8,1.2,1.5,5,0.05,-0.5780595701522871,516
30,25,0.3,1.2,1.2,1.5,3,0.07,-0.578188040775378,372
25,25,0.5,0.5,1.2,2.0,3,0.07,-0.5787072488078568,417
20,35,0.3,0.8,1.2,1.5,3,0.05,-0.5792312719635604,510
25,25,0.5,0.5,1.2,2.0,3,0.1,-0.5794796720921798,417
25,30,0.5,0.5,1.2,1.5,7,0.1,-0.5796138523080033,423
30,25,0.5,1.2,1.5,1.5,5,0.05,-0.5814991099053288,357
20,35,0.3,0.8,1.2,1.5,3,0.1,-0.5816061664761797,510
20,25,0.5,0.8,1.2,1.5,5,0.1,-0.5824268786157419,516
25,30,0.3,0.5,2.0,1.5,7,0.07,-0.5826122995040055,414
20,25,0.5,0.8,1.2,1.5,5,0.07,-0.5830212331442338,516
25,30,0.3,0.8,1.5,1.5,5,0.1,-0.5830521225717583,423
25,30,0.3,0.8,2.0,1.5,5,0.1,-0.5830717152617285,414
30,25,0.3,0.8,1.5,1.5,3,0.07,-0.5831112787461863,378
20,25,0.3,0.5,1.5,1.5,5,0.07,-0.583419473456271,537
30,25,0.5,1.2,1.2,1.5,5,0.07,-0.5837535469427254,366
25,35,0.5,1.2,1.5,1.5,3,0.1,-0.5838329115295714,405
25,25,0.5,0.5,1.2,2.0,3,0.05,-0.5840785119263171,417
25,25,0.8,0.8,1.2,1.5,5,0.07,-0.5842365894941453,420
20,25,0.5,0.8,2.0,1.5,5,0.1,-0.5847011436077424,498
20,25,0.3,1.2,1.2,1.5,5,0.07,-0.5851716051891838,534
20,25,0.3,1.2,1.2,1.5,7,0.07,-0.5851716051891838,534
20,35,0.3,0.5,2.0,1.5,3,0.07,-0.5851819311023732,504
30,25,0.3,1.2,1.5,1.5,3,0.05,-0.5856139052779562,369
25,30,0.3,1.2,2.0,1.5,5,0.05,-0.5859644311512706,411
20,25,0.3,0.5,2.0,1.5,5,0.07,-0.5869898796315342,528
20,35,0.3,0.8,1.2,1.5,3,0.07,-0.5874294232739623,510
30,25,0.5,0.5,1.5,1.5,5,0.1,-0.5876221517325908,372
30,25,0.5,1.2,1.2,1.5,3,0.07,-0.5876982140057401,369
25,25,0.8,0.8,1.5,1.5,5,0.05,-0.5879936766727634,408
25,25,0.8,0.8,2.0,1.5,5,0.07,-0.5893414552120155,402
25,25,0.8,0.8,2.0,1.5,5,0.1,-0.5895782650380894,402
30,25,0.3,0.8,1.5,1.5,3,0.1,-0.5899644002665536,378
20,35,0.3,0.5,1.2,1.5,3,0.05,-0.5900103816357191,513
30,25,0.3,1.2,2.0,1.5,3,0.05,-0.590760955874262,363
30,25,0.5,1.2,2.0,1.5,3,0.07,-0.5908227311020845,363
25,35,0.5,1.2,1.5,1.5,5,0.1,-0.5914080381449125,390
25,25,0.5,0.5,1.5,2.0,5,0.05,-0.5914923629335429,399
25,25,0.5,0.5,2.0,2.0,5,0.05,-0.5914923629335429,399
20,35,0.3,0.5,1.2,1.5,3,0.1,-0.5923446247339444,513
20,25,0.5,0.5,2.0,1.5,5,0.05,-0.5923731140169455,504
25,30,0.3,0.5,2.0,1.5,5,0.1,-0.5931341446304049,417
25,30,0.3,0.5,1.5,1.5,5,0.1,-0.5937005788647353,426
25,30,0.5,0.8,1.5,1.5,3,0.07,-0.5937701909138003,426
25,35,0.5,1.2,1.5,1.5,3,0.07,-0.5943918381249527,405
30,25,0.5,0.5,1.2,1.5,7,0.05,-0.5949459697274324,378
25,35,0.5,1.2,2.0,1.5,3,0.1,-0.5950817691137206,399
30,25,0.3,1.2,1.5,1.5,5,0.05,-0.5951627390720453,360
25,30,0.5,1.2,1.5,1.5,5,0.07,-0.5958295439710528,408
20,25,0.3,0.5,2.0,1.5,5,0.1,-0.5959733464060745,528
20,25,0.3,0.5,1.5,1.5,7,0.1,-0.5972380648660761,531
25,35,0.3,0.8,2.0,1.5,7,0.1,-0.5979184071462121,393
20,35,0.3,0.5,1.2,1.5,3,0.07,-0.5980830121389034,513
30,25,0.3,0.8,2.0,1.5,3,0.07,-0.5983081348262651,372
30,25,0.3,0.8,1.5,1.5,3,0.05,-0.5986947031647548,378
20,25,0.5,0.5,2.0,1.5,5,0.07,-0.5993421338460309,504
25,30,0.5,0.8,1.5,1.5,3,0.05,-0.6009874664261553,426
30,25,0.3,0.8,2.0,1.5,3,0.05,-0.601535046250529,372
25,30,0.5,0.8,1.5,1.5,3,0.1,-0.6018038674226697,426
25,35,0.5,0.8,1.5,1.5,7,0.07,-0.6027659630448455,390
25,30,0.5,0.5,1.5,1.5,3,0.07,-0.6032003296294485,429
25,35,0.5,0.8,2.0,1.5,7,0.05,-0.6033930823297388,378
25,30,0.3,0.8,2.0,1.5,5,0.07,-0.6038664092879797,414
25,25,0.8,1.2,1.2,1.5,5,0.05,-0.6039140653133301,411
30,25,0.3,0.8,1.5,1.5,5,0.07,-0.6042210894901615,369
25,35,0.3,1.2,2.0,1.5,5,0.07,-0.6046503878804408,393
25,30,0.3,1.2,1.5,1.5,7,0.07,-0.6053598995218274,420
30,25,0.3,0.8,2.0,1.5,3,0.1,-0.6053612592572903,372
20,25,0.3,0.5,1.5,1.5,7,0.07,-0.6056097340651172,531
25,30,0.3,1.2,1.5,1.5,5,0.05,-0.605646684312557,420
25,30,0.5,0.8,2.0,1.5,3,0.05,-0.6065153448068844,420
25,25,0.8,1.2,2.0,1.5,5,0.05,-0.6068239576247554,393
25,35,0.5,1.2,2.0,1.5,3,0.07,-0.6071607411260783,399
25,30,0.5,1.2,2.0,1.5,5,0.1,-0.6082707217107799,399
25,30,0.5,0.8,2.0,1.5,3,0.07,-0.6083281747295668,420
30,25,0.3,0.5,1.2,1.5,7,0.05,-0.6094445182568246,381
25,30,0.5,0.5,1.5,1.5,3,0.05,-0.6101828689064803,429
25,25,0.5,0.5,1.5,2.0,3,0.05,-0.6106327086363541,417
25,25,0.5,0.5,2.0,2.0,3,0.05,-0.6106327086363541,417
25,30,0.5,0.8,1.5,1.5,5,0.1,-0.6107904278940282,411
25,35,0.3,0.5,2.0,1.5,7,0.1,-0.6110758081390981,396
25,30,0.5,0.5,1.5,1.5,3,0.1,-0.6111948697917652,429
20,25,0.3,0.8,1.2,1.5,7,0.05,-0.6126418711089132,543
20,25,0.3,0.8,1.2,1.5,5,0.05,-0.6126418711089132,543
25,30,0.3,0.8,2.0,1.5,7,0.05,-0.6131365314428774,411
25,30,0.5,0.8,1.5,1.5,7,0.05,-0.6132371722506428,408
25,30,0.5,0.8,1.2,1.5,7,0.07,-0.6133575901150438,420
25,25,0.5,0.5,1.5,2.0,3,0.07,-0.613393059277215,417
25,25,0.5,0.5,2.0,2.0,3,0.07,-0.613393059277215,417
30,25,0.3,1.2,1.2,1.5,5,0.07,-0.6135216356452993,369
25,25,0.5,0.5,1.5,2.0,3,0.1,-0.6135230288993786,417
25,25,0.5,0.5,2.0,2.0,3,0.1,-0.6135230288993786,417
25,30,0.3,0.5,2.0,1.5,5,0.07,-0.6135679887075735,417
25,25,0.8,0.5,1.2,1.5,5,0.1,-0.614793164132553,426
25,30,0.5,0.8,2.0,1.5,3,0.1,-0.6153900006683115,420
25,35,0.5,1.2,1.2,1.5,3,0.1,-0.6156824264602683,408
25,35,0.5,0.8,1.2,1.5,7,0.1,-0.6156841684109964,402
30,25,0.3,0.5,1.5,1.5,5,0.1,-0.6157838453076593,375
25,30,0.5,0.5,2.0,1.5,3,0.05,-0.6157991636554467,423
25,35,0.5,0.5,2.0,1.5,7,0.05,-0.6158390450603763,381
25,35,0.5,0.5,1.5,1.5,7,0.07,-0.6158903757470264,393
25,30,0.5,0.5,2.0,1.5,3,0.07,-0.6177964638911314,423
25,35,0.5,1.2,1.2,1.5,7,0.07,-0.617979295053514,399
20,25,0.5,0.5,1.2,1.5,5,0.05,-0.6182447172627044,522
25,35,0.5,1.2,1.5,1.5,3,0.05,-0.6184409353990369,405
30,25,0.3,0.8,1.2,1.5,3,0.07,-0.6185469170725483,381
30,25,0.5,0.8,1.5,1.5,3,0.07,-0.6190993206991829,378
30,25,0.3,0.8,2.0,1.5,5,0.1,-0.6200344704624724,363
30,25,0.5,0.5,1.5,1.5,5,0.07,-0.6202756640576546,372
30,25,0.5,1.2,1.5,1.5,3,0.05,-0.6203683148334842,369
25,30,0.5,1.2,1.2,1.5,7,0.05,-0.6207618321331531,417
20,25,0.5,0.5,1.2,1.5,5,0.1,-0.6211518629233618,522
25,35,0.3,1.2,1.5,1.5,7,0.1,-0.6214179643772987,402
25,30,0.5,0.5,1.5,1.5,5,0.1,-0.6214388841870051,414
20,25,0.5,0.5,1.2,1.5,5,0.07,-0.622147261071661,522
25,35,0.5,1.2,2.0,1.5,3,0.05,-0.6221874791177282,399
25,30,0.5,0.5,1.2,1.5,7,0.07,-0.6222243925405412,423
25,30,0.3,0.5,2.0,1.5,7,0.05,-0.6222779906038279,414
25,30,0.5,0.5,1.5,1.5,7,0.05,-0.6225625595838831,411
25,35,0.3,1.2,1.5,1.5,5,0.07,-0.6236038675634421,402
25,30,0.3,0.8,1.5,1.5,5,0.07,-0.6237888097453533,423
20,25,0.5,0.5,2.0,1.5,5,0.1,-0.624141283141995,504
25,30,0.5,0.8,1.2,1.5,3,0.07,-0.6241559976851955,429
25,30,0.5,0.5,2.0,1.5,3,0.1,-0.6248313346203151,423
25,35,0.3,0.8,2.0,1.5,7,0.07,-0.6249483065779858,393
30,25,0.5,1.2,2.0,1.5,3,0.05,-0.6250381660639337,363
25,35,0.5,1.2,1.2,1.5,3,0.07,-0.6251910901526021,408
25,35,0.3,0.8,1.5,1.5,5,0.1,-0.6260553061992611,405
25,25,0.8,0.5,1.2,1.5,5,0.07,-0.6264681806851485,426
30,25,0.5,0.8,1.5,1.5,3,0.1,-0.6267503405119578,378
25,35,0.3,1.2,2.0,1.5,7,0.05,-0.628322955824672,390
25,35,0.5,0.5,1.2,1.5,7,0.1,-0.6283665368981007,405
25,35,0.3,0.8,2.0,1.5,5,0.1,-0.6289092827249413,396
25,30,0.5,1.2,2.0,1.5,5,0.07,-0.6291197175844503,399
30,25,0.3,0.8,1.2,1.5,3,0.1,-0.6300207233405002,381
25,35,0.5,1.2,1.5,1.5,7,0.05,-0.6304928634386661,387
30,25,0.3,1.2,1.2,1.5,3,0.05,-0.6310895415350023,372
25,30,0.5,0.8,1.2,1.5,3,0.05,-0.6315244068151445,429
25,25,0.8,0.5,1.5,1.5,5,0.05,-0.632278678180423,414
25,25,0.8,0.5,2.0,1.5,5,0.07,-0.632331859839812,408
25,25,0.8,0.5,2.0,1.5,5,0.1,-0.6324220248952969,408
30,25,0.5,0.8,1.2,1.5,3,0.07,-0.6324921551528956,378
30,25,0.5,1.2,1.2,1.5,3,0.05,-0.6335203073076436,369
25,30,0.5,0.5,1.2,1.5,3,0.07,-0.6335861364008437,432
25,30,0.5,0.8,1.2,1.5,3,0.1,-0.6336109084047509,429
30,25,0.5,0.8,2.0,1.5,3,0.07,-0.6337831530320258,372
25,30,0.3,0.8,1.5,1.5,7,0.1,-0.6337891052186487,423
25,30,0.3,0.5,1.5,1.5,5,0.07,-0.6340487646193044,426
30,25,0.5,0.8,1.5,1.5,3,0.05,-0.6347437334028027,378
30,25,0.3,1.2,2.0,1.5,5,0.05,-0.6350416150030115,354
20,25,0.3,0.8,1.2,1.5,5,0.1,-0.6356646290040059,543
20,25,0.3,0.8,1.2,1.5,7,0.1,-0.6356646290040059,543
30,25,0.3,0.5,1.5,1.5,3,0.07,-0.6357068981143186,384
30,25,0.5,0.8,2.0,1.5,3,0.05,-0.6370871139823511,372
25,35,0.3,0.5,2.0,1.5,7,0.07,-0.6377813959094959,396
25,35,0.3,0.5,1.5,1.5,5,0.1,-0.640667368698177,408
25,30,0.5,0.5,1.2,1.5,3,0.05,-0.6407198092954697,432
25,30,0.3,1.2,1.5,1.5,7,0.05,-0.6411181352614359,420
30,25,0.3,0.8,1.2,1.5,3,0.05,-0.6412121303654101,381
30,25,0.5,0.8,2.0,1.5,3,0.1,-0.6416080291812013,372
30,25,0.3,0.5,1.5,1.5,3,0.1,-0.6416792853621979,384
30,25,0.5,0.8,2.0,1.5,5,0.1,-0.6419265727721228,360
20,25,0.3,0.8,1.2,1.5,5,0.07,-0.6424555557195776,543
20,25,0.3,0.8,1.2,1.5,7,0.07,-0.6424555557195776,543
30,25,0.5,0.8,1.2,1.5,5,0.1,-0.6427442781398497,375
25,35,0.3,0.5,2.0,1.5,5,0.1,-0.6428207070462231,399
25,30,0.5,0.5,1.2,1.5,3,0.1,-0.6430019107738463,432
25,30,0.3,0.5,1.5,1.5,7,0.1,-0.6435898009947473,426
30,25,0.5,0.8,1.2,1.5,3,0.1,-0.643882225934317,378
25,30,0.3,0.8,2.0,1.5,5,0.05,-0.6453621063762235,414
30,25,0.3,0.8,2.0,1.5,5,0.07,-0.6468630378657643,363
30,25,0.5,0.8,1.2,1.5,3,0.05,-0.6480960740518978,378
25,35,0.5,0.8,1.5,1.5,3,0.1,-0.6491134893762904,408
25,35,0.5,1.2,1.2,1.5,3,0.05,-0.6493882290521651,408
30,25,0.5,0.8,1.5,1.5,5,0.05,-0.6497484340306972,366
20,25,0.3,0.5,1.2,1.5,5,0.05,-0.6503985253974789,549
20,25,0.3,0.5,1.2,1.5,7,0.05,-0.6503985253974789,549
25,35,0.5,1.2,2.0,1.5,5,0.1,-0.6509371893715421,381
30,25,0.3,0.5,2.0,1.5,3,0.07,-0.6510290691858533,378
25,35,0.5,0.8,1.5,1.5,5,0.1,-0.6518672584977832,393
30,25,0.3,0.5,1.5,1.5,3,0.05,-0.6519810490323725,384
30,25,0.3,0.5,1.5,1.5,5,0.07,-0.6540167759608811,375
25,25,0.5,1.2,2.0,1.5,7,0.1,-0.6545381030820107,414
25,35,0.5,1.2,1.5,1.5,5,0.07,-0.6547754418952161,390
25,30,0.3,0.5,2.0,1.5,5,0.05,-0.6548029004218148,417
30,25,0.3,0.5,2.0,1.5,3,0.05,-0.6550146644326923,378
25,30,0.5,0.8,1.5,1.5,5,0.07,-0.6563973190589716,411
30,25,0.3,0.5,2.0,1.5,3,0.1,-0.6571991114987273,378
30,25,0.5,0.8,2.0,1.5,5,0.07,-0.6578392854555929,360
25,35,0.5,0.8,1.5,1.5,3,0.07,-0.6597205326511041,408
25,35,0.5,0.8,2.0,1.5,3,0.1,-0.65992023988561,402
30,25,0.3,0.8,1.5,1.5,5,0.05,-0.6621605787568963,369
30,25,0.5,1.2,2.0,1.5,5,0.05,-0.6622494823237066,351
25,35,0.5,0.5,1.5,1.5,3,0.1,-0.6622663547643042,411
25,35,0.3,0.8,2.0,1.5,5,0.07,-0.6639850887174739,396
25,30,0.3,0.8,1.5,1.5,7,0.07,-0.6650757091105637,423
25,30,0.3,0.8,1.5,1.5,5,0.05,-0.6654258632700626,423
25,35,0.5,0.5,1.5,1.5,5,0.1,-0.666479320996699,396
25,30,0.5,0.5,1.5,1.5,5,0.07,-0.6666572739329226,414
25,35,0.3,1.2,1.5,1.5,7,0.07,-0.6670193532920599,402
25,35,0.3,1.2,2.0,1.5,5,0.05,-0.6672227043641158,393
25,25,0.8,0.8,1.2,1.5,5,0.05,-0.6675491377125792,420
25,30,0.5,0.8,2.0,1.5,5,0.1,-0.667652906253527,402
30,25,0.3,0.5,2.0,1.5,5,0.1,-0.6690270098697907,369
25,25,0.8,0.8,2.0,1.5,5,0.05,-0.6690371313173168,402
30,25,0.5,0.8,1.2,1.5,5,0.07,-0.669068187936566,375
25,30,0.3,1.2,1.2,1.5,7,0.1,-0.6702651579951142,432
25,30,0.3,1.2,1.2,1.5,5,0.1,-0.6702651579951142,432
30,25,0.3,0.5,1.2,1.5,3,0.07,-0.6711425364406806,387
30,25,0.5,0.5,1.5,1.5,3,0.07,-0.6716949400673152,384
25,35,0.5,0.8,2.0,1.5,3,0.07,-0.6720514052197161,402
20,25,0.3,0.5,1.2,1.5,5,0.1,-0.6724428722282497,549
20,25,0.3,0.5,1.2,1.5,7,0.1,-0.6724428722282497,549
25,35,0.5,0.5,1.5,1.5,3,0.07,-0.6727717412605299,411
30,25,0.3,0.8,1.2,1.5,5,0.1,-0.6727851478248706,378
25,35,0.5,0.5,2.0,1.5,3,0.1,-0.6732434006146498,405
25,30,0.3,0.5,1.5,1.5,7,0.07,-0.6746842032773308,426
25,30,0.5,1.2,1.5,1.5,5,0.05,-0.6752671790917812,408
25,30,0.3,0.5,1.5,1.5,5,0.05,-0.6753493949736078,426
30,25,0.5,1.2,1.2,1.5,5,0.05,-0.6756872549459139,366
25,35,0.3,0.5,2.0,1.5,5,0.07,-0.6773067145494894,399
25,30,0.5,0.5,2.0,1.5,5,0.1,-0.6777153356222035,405
30,25,0.5,0.5,1.5,1.5,3,0.1,-0.6784652256076021,384
25,35,0.5,0.8,1.2,1.5,7,0.07,-0.6785768084638453,402
20,25,0.3,0.5,1.2,1.5,7,0.07,-0.6793340550703015,549
20,25,0.3,0.5,1.2,1.5,5,0.07,-0.6793340550703015,549
25,35,0.3,0.8,1.5,1.5,7,0.1,-0.6808235486224046,405
25,35,0.5,0.8,1.2,1.5,3,0.1,-0.6811105521512876,411
25,30,0.5,0.8,1.2,1.5,7,0.05,-0.6815858458832802,420
30,25,0.3,0.5,1.2,1.5,3,0.1,-0.6817356084361442,387
25,35,0.3,0.8,1.5,1.5,5,0.07,-0.6833196771521783,405
25,35,0.5,0.8,1.5,1.5,3,0.05,-0.6838192740554094,408
25,35,0.3,1.2,1.5,1.5,5,0.05,-0.6845310693872549,402
30,25,0.5,0.5,1.2,1.5,3,0.07,-0.6850877745210279,384
25,35,0.5,0.5,2.0,1.5,3,0.07,-0.6852489477907252,405
25,25,0.5,1.2,2.0,1.5,7,0.07,-0.6853833739299858,414
30,25,0.5,0.5,2.0,1.5,3,0.07,-0.6865040873916141,378
25,35,0.5,0.8,2.0,1.5,3,0.05,-0.687128538473578,402
25,35,0.3,0.8,2.0,1.5,7,0.05,-0.6877206310496248,393
25,35,0.5,1.2,2.0,1.5,5,0.07,-0.6877424416604188,381
30,25,0.5,0.5,1.5,1.5,3,0.05,-0.6880300792704203,384
25,25,0.5,1.2,1.5,1.5,7,0.1,-0.6885342911937067,426
25,30,0.5,0.8,2.0,1.5,5,0.07,-0.6885569756064469,402
30,25,0.3,1.2,1.2,1.5,5,0.05,-0.6899458070384624,369
25,30,0.5,0.5,1.2,1.5,7,0.05,-0.6901230263390781,423
30,25,0.5,0.5,1.2,1.5,5,0.1,-0.6902238808366546,381
30,25,0.5,0.5,2.0,1.5,3,0.05,-0.6905667321645145,378
25,35,0.5,0.5,1.2,1.5,7,0.07,-0.690628354223367,405
25,35,0.5,0.8,1.2,1.5,3,0.07,-0.6906407445289432,411
30,25,0.5,0.5,2.0,1.5,5,0.1,-0.6909191121794412,366
25,35,0.5,0.8,1.5,1.5,7,0.05,-0.6912764753832031,390
25,30,0.5,1.2,1.2,1.5,5,0.1,-0.6927259222446047,420
30,25,0.5,0.5,2.0,1.5,3,0.1,-0.6934458814226382,378
25,30,0.3,1.2,1.2,1.5,7,0.07,-0.6941661207403999,432
25,30,0.3,1.2,1.2,1.5,5,0.07,-0.6941661207403999,432
25,35,0.5,0.5,1.2,1.5,3,0.1,-0.6942634175393014,414
25,35,0.3,0.5,1.5,1.5,7,0.1,-0.6942761117187304,408
30,25,0.3,0.5,1.2,1.5,3,0.05,-0.6944984762330276,387
30,25,0.5,0.5,1.2,1.5,3,0.1,-0.6955971110299614,384
30,25,0.3,0.5,2.0,1.5,5,0.07,-0.6960912681454429,369
25,35,0.5,0.5,1.5,1.5,3,0.05,-0.6964565749751865,411
25,35,0.3,0.5,1.5,1.5,5,0.07,-0.6973178745960994,408
25,30,0.5,0.5,2.0,1.5,5,0.07,-0.6982585550260405,405
30,25,0.3,0.8,1.2,1.5,5,0.07,-0.699271617397681,378
25,35,0.5,0.5,2.0,1.5,3,0.05,-0.6999576233683309,405
25,35,0.3,0.5,2.0,1.5,7,0.05,-0.7001665937802622,396
30,25,0.5,0.5,1.5,1.5,5,0.05,-0.700348434039853,372
25,30,0.3,0.8,1.5,1.5,7,0.05,-0.7008973142189414,423
30,25,0.3,0.8,2.0,1.5,5,0.05,-0.7012228672610561,363
30,25,0.5,0.5,1.2,1.5,3,0.05,-0.7013824199195156,384
25,35,0.5,0.5,1.2,1.5,3,0.07,-0.7036919531383691,414
25,30,0.5,1.2,2.0,1.5,5,0.05,-0.7039005228359421,399
25,35,0.5,0.5,1.5,1.5,7,0.05,-0.703914039726383,393
25,25,0.3,1.2,1.2,2.0,3,0.1,-0.7058954115494367,414
30,25,0.5,0.5,2.0,1.5,5,0.07,-0.7070675157352713,366
25,35,0.5,1.2,1.2,1.5,7,0.05,-0.7074831432515819,399
25,30,0.3,0.5,1.5,1.5,7,0.05,-0.7102227015521815,426
25,35,0.5,0.8,2.0,1.5,5,0.1,-0.7103193739142893,384
25,25,0.8,0.5,1.2,1.5,5,0.05,-0.7105704541883323,426
30,25,0.3,0.5,1.5,1.5,5,0.05,-0.712760578766052,375
25,25,0.8,0.5,2.0,1.5,5,0.05,-0.7128899320932429,408
25,35,0.5,0.8,1.2,1.5,3,0.05,-0.7148865221568301,411
25,35,0.5,0.8,1.5,1.5,5,0.07,-0.7153432169831349,393
30,25,0.5,0.5,1.2,1.5,5,0.07,-0.7167898582241397,381
30,25,0.3,0.5,1.2,1.5,5,0.1,-0.7202647505216757,384
25,35,0.3,1.2,1.5,1.5,7,0.05,-0.7233281936532319,402
25,35,0.5,0.5,2.0,1.5,5,0.1,-0.7242307982355709,387
25,35,0.3,1.2,1.2,1.5,5,0.1,-0.7261879303115855,414
25,35,0.3,1.2,1.2,1.5,7,0.1,-0.7261879303115855,414
25,35,0.3,0.8,2.0,1.5,5,0.05,-0.7266203795890684,396
25,35,0.3,0.8,1.5,1.5,7,0.07,-0.7267351628807961,405
25,30,0.5,1.2,1.2,1.5,5,0.07,-0.7274916897661263,420
25,35,0.5,0.5,1.2,1.5,3,0.05,-0.7275238230766071,414
30,25,0.5,0.8,2.0,1.5,5,0.05,-0.7288695058880401,360
25,35,0.5,0.5,1.5,1.5,5,0.07,-0.7293414144270559,396
25,30,0.3,0.8,1.2,1.5,7,0.1,-0.7310171001048364,435
25,30,0.3,0.8,1.2,1.5,5,0.1,-0.7310171001048364,435
25,30,0.3,1.2,1.2,1.5,5,0.05,-0.7310743392471167,432
25,30,0.3,1.2,1.2,1.5,7,0.05,-0.7310743392471167,432
25,25,0.5,1.2,1.2,1.5,7,0.1,-0.7318936692640369,441
25,30,0.5,0.8,1.5,1.5,5,0.05,-0.7360507910363182,411
25,25,0.3,1.2,1.2,2.0,3,0.07,-0.7383316043933458,414
25,25,0.5,0.8,2.0,1.5,7,0.1,-0.7390642327649045,423
25,35,0.3,0.5,2.0,1.5,5,0.05,-0.7394870684685364,399
25,25,0.3,1.2,1.5,2.0,3,0.1,-0.7395553732140109,414
25,25,0.3,1.2,2.0,2.0,3,0.1,-0.7395553732140109,414
25,35,0.3,0.5,1.5,1.5,7,0.07,-0.7398595755829768,408
25,30,0.3,0.5,1.2,1.5,5,0.1,-0.7402986355908735,438
25,30,0.3,0.5,1.2,1.5,7,0.1,-0.7402986355908735,438
25,30,0.3,1.2,1.5,1.5,3,0.1,-0.7436821077311276,435
25,30,0.3,1.2,1.5,1.5,3,0.07,-0.7439394615033995,435
25,35,0.3,0.8,1.5,1.5,5,0.05,-0.7443102483447605,405
30,25,0.5,0.8,1.2,1.5,5,0.05,-0.7446331260738004,375
25,30,0.5,0.5,1.5,1.5,5,0.05,-0.7459743227398635,414
25,35,0.5,1.2,1.2,1.5,5,0.1,-0.746412409345863,402
30,25,0.3,0.5,1.2,1.5,5,0.07,-0.7469932876852544,384
25,35,0.5,0.8,2.0,1.5,5,0.07,-0.7471796996824154,384
25,25,0.3,0.8,1.2,2.0,3,0.1,-0.7479682283389999,423
25,25,0.5,1.2,1.5,1.5,7,0.07,-0.74903731614249,426
30,25,0.3,0.5,2.0,1.5,5,0.05,-0.7513163719318717,369
25,30,0.5,0.8,1.2,1.5,5,0.1,-0.7532129296227009,423
25,30,0.3,0.8,1.2,1.5,7,0.07,-0.7550451138497122,435
25,30,0.3,0.8,1.2,1.5,5,0.07,-0.7550451138497122,435
25,35,0.5,1.2,1.5,1.5,5,0.05,-0.7555492455197462,390
25,25,0.5,0.8,2.0,1.5,7,0.07,-0.7560957776267766,423
25,25,0.3,0.8,1.2,2.0,3,0.07,-0.756127951773555,423
25,30,0.3,1.2,2.0,1.5,3,0.1,-0.7573463231886279,429
25,35,0.3,0.5,1.5,1.5,5,0.05,-0.7577702592654325,408
25,30,0.3,1.2,2.0,1.5,3,0.07,-0.7584894986780311,429
30,25,0.3,0.8,1.2,1.5,5,0.05,-0.7591316746031924,378
20,25,0.3,1.2,1.5,1.5,3,0.1,-0.7594372222853494,546
25,30,0.3,1.2,1.5,1.5,3,0.05,-0.7598179924297763,435
25,35,0.5,0.5,2.0,1.5,5,0.07,-0.760501325514431,387
25,30,0.5,0.5,1.2,1.5,5,0.1,-0.7624944651087379,426
25,30,0.5,0.8,2.0,1.5,5,0.05,-0.7636014453188096,402
25,30,0.3,0.5,1.2,1.5,7,0.07,-0.7639119162752095,438
25,30,0.3,0.5,1.2,1.5,5,0.07,-0.7639119162752095,438
25,30,0.3,1.2,2.0,1.5,3,0.05,-0.765168356310341,429
25,35,0.3,1.2,1.2,1.5,5,0.07,-0.7674196474331986,414
25,35,0.3,1.2,1.2,1.5,7,0.07,-0.7674196474331986,414
25,35,0.5,0.8,1.2,1.5,7,0.05,-0.7683071570017089,402
25,25,0.3,1.2,1.5,1.5,5,0.1,-0.7683626390572631,444
25,25,0.3,0.8,1.2,2.0,3,0.05,-0.7709175581555238,423
25,25,0.5,0.8,1.5,1.5,7,0.1,-0.7715811280455289,435
25,25,0.3,1.2,1.5,2.0,3,0.07,-0.7726347424142196,414
25,25,0.3,1.2,2.0,2.0,3,0.07,-0.7726347424142196,414
25,30,0.5,0.5,2.0,1.5,5,0.05,-0.7730422393644009,405
25,25,0.3,1.2,2.0,1.5,7,0.1,-0.7734213401844271,429
20,25,0.3,1.2,2.0,1.5,3,0.1,-0.7742331871007633,540
30,25,0.5,0.5,2.0,1.5,5,0.05,-0.7789630105588559,366
25,25,0.3,1.2,1.2,2.0,3,0.05,-0.7792363529706096,414
25,35,0.5,0.5,1.2,1.5,7,0.05,-0.7798334644512449,405
25,25,0.5,0.5,2.0,1.5,7,0.1,-0.7799298786675176,429
25,25,0.3,0.8,1.5,2.0,3,0.1,-0.7817274686840694,423
25,25,0.3,0.8,2.0,2.0,3,0.1,-0.7817274686840694,423
25,25,0.5,1.2,2.0,1.5,7,0.05,-0.7829043864131621,414
25,35,0.3,0.8,1.5,1.5,7,0.05,-0.7831073726107374,405
25,35,0.5,1.2,2.0,1.5,5,0.05,-0.7856745456319452,381
25,35,0.3,0.8,1.2,1.5,5,0.1,-0.7869398724213078,417
25,35,0.3,0.8,1.2,1.5,7,0.1,-0.7869398724213078,417
20,25,0.3,1.2,1.2,1.5,3,0.1,-0.7870716659737533,549
25,30,0.5,0.8,1.2,1.5,5,0.07,-0.7880892031764577,423
25,25,0.5,1.2,1.5,1.5,5,0.1,-0.7894903299860035,432
20,25,0.3,1.2,1.5,1.5,3,0.07,-0.7897380439902658,546
25,25,0.3,0.8,1.5,2.0,3,0.07,-0.7904897437389653,423
25,25,0.3,0.8,2.0,2.0,3,0.07,-0.7904897437389653,423
25,30,0.3,1.2,1.2,1.5,3,0.07,-0.7920273164954036,441
25,30,0.3,0.8,1.2,1.5,5,0.05,-0.7920535300966314,435
25,30,0.3,0.8,1.2,1.5,7,0.05,-0.7920535300966314,435
30,25,0.5,0.5,1.2,1.5,5,0.05,-0.7931083472458165,381
25,30,0.3,1.2,1.2,1.5,3,0.1,-0.7940975015454991,441
25,35,0.3,0.5,1.5,1.5,7,0.05,-0.7957449369539173,408
25,35,0.3,1.2,1.5,1.5,3,0.1,-0.7960122562204146,417
25,25,0.3,1.2,2.0,1.5,7,0.07,-0.7966666450096712,429
25,30,0.5,1.2,1.2,1.5,5,0.05,-0.7967638842661628,420
25,25,0.3,0.8,2.0,2.0,3,0.05,-0.7969219504726909,423
25,25,0.3,0.8,1.5,2.0,3,0.05,-0.7969219504726909,423
25,30,0.5,0.5,1.2,1.5,5,0.07,-0.796956005601955,426
25,25,0.5,0.5,2.0,1.5,7,0.07,-0.7971832102681883,429
20,25,0.3,0.8,1.5,1.5,3,0.1,-0.7977356629665427,555
25,25,0.3,0.5,1.2,2.0,3,0.1,-0.798342527233493,429
25,25,0.5,1.2,1.2,1.5,7,0.07,-0.798692742695036,441
25,35,0.3,0.5,1.2,1.5,7,0.1,-0.7996222409084124,420
25,35,0.3,0.5,1.2,1.5,5,0.1,-0.7996222409084124,420
25,35,0.5,1.2,1.2,1.5,5,0.07,-0.7998444422395128,402
25,30,0.3,0.5,1.2,1.5,7,0.05,-0.8005907105524291,438
25,30,0.3,0.5,1.2,1.5,5,0.05,-0.8005907105524291,438
25,25,0.3,1.2,2.0,1.5,5,0.1,-0.8013888668641657,435
20,25,0.3,1.2,2.0,1.5,3,0.07,-0.8051941067123743,540
25,25,0.3,1.2,2.0,2.0,3,0.05,-0.8052443545265019,414
25,25,0.3,1.2,1.5,2.0,3,0.05,-0.8052443545265019,414
25,35,0.3,1.2,2.0,1.5,3,0.1,-0.8068191792173433,411
25,35,0.5,0.8,1.2,1.5,5,0.1,-0.8068994167239593,405
25,25,0.3,0.5,1.2,2.0,3,0.07,-0.8070968447120452,429
30,25,0.3,0.5,1.2,1.5,5,0.05,-0.8076068957752087,384
25,30,0.3,0.8,1.5,1.5,3,0.1,-0.8080327015007156,438
25,30,0.3,0.8,1.5,1.5,3,0.07,-0.8083406356337757,438
20,25,0.3,0.8,1.5,1.5,3,0.05,-0.8089173916695375,555
20,25,0.3,0.8,1.5,1.5,3,0.07,-0.809119432801631,555
20,25,0.3,1.2,1.5,1.5,3,0.05,-0.8099430983080794,546
20,25,0.3,0.8,2.0,1.5,3,0.1,-0.8121708455514418,549
25,25,0.5,0.5,1.5,1.5,7,0.1,-0.8126378678871554,441
20,25,0.3,1.2,1.2,1.5,3,0.07,-0.8139168274836254,549
25,25,0.5,0.8,1.2,1.5,7,0.1,-0.8143458241208543,450
20,25,0.3,0.8,2.0,1.5,3,0.05,-0.814498563706868,549
25,25,0.3,1.2,1.5,1.5,7,0.1,-0.8151917610234028,441
25,30,0.3,1.2,1.2,1.5,3,0.05,-0.8152517471554134,441
25,35,0.3,1.2,1.5,1.5,3,0.07,-0.8159213723936176,417
25,35,0.5,0.8,1.5,1.5,5,0.05,-0.8163328574642832,393
20,25,0.3,1.2,2.0,1.5,3,0.05,-0.8164563970861628,540
25,30,0.3,0.5,1.5,1.5,3,0.1,-0.817423703869811,441
25,30,0.3,0.5,1.5,1.5,3,0.07,-0.8177707743494236,441
25,25,0.5,0.8,1.5,1.5,7,0.07,-0.8187296420520579,435
25,35,0.5,0.5,1.2,1.5,5,0.1,-0.8195817852110637,408
25,30,0.3,0.8,2.0,1.5,3,0.1,-0.8212586543049459,432
25,30,0.3,0.8,2.0,1.5,3,0.07,-0.8224559878891801,432
25,25,0.3,0.5,1.2,2.0,3,0.05,-0.8226366456993174,429
20,25,0.3,0.8,2.0,1.5,3,0.07,-0.8239298570829713,549
20,25,0.3,0.8,1.2,1.5,3,0.1,-0.8242419476057291,558
25,35,0.3,1.2,1.2,1.5,5,0.05,-0.8242640080567507,414
25,35,0.3,1.2,1.2,1.5,7,0.05,-0.8242640080567507,414
25,30,0.3,0.8,1.5,1.5,3,0.05,-0.824273541175599,438
25,35,0.3,1.2,2.0,1.5,3,0.07,-0.8282002870848825,411
25,35,0.3,0.8,1.2,1.5,5,0.07,-0.828298640542511,417
25,35,0.3,0.8,1.2,1.5,7,0.07,-0.828298640542511,417
25,25,0.3,1.2,1.5,1.5,5,0.07,-0.8290637033918228,444
25,30,0.3,0.8,2.0,1.5,3,0.05,-0.8291897454337411,432
25,35,0.5,0.5,1.5,1.5,5,0.05,-0.8297928683849553,396
25,30,0.3,0.5,2.0,1.5,3,0.1,-0.8306999882569495,435
25,25,0.3,0.5,2.0,2.0,3,0.1,-0.8315309913584646,429
25,25,0.3,0.5,1.5,2.0,3,0.1,-0.8315309913584646,429
25,30,0.3,0.5,2.0,1.5,3,0.07,-0.8319242770507446,435
20,25,0.3,0.8,1.2,1.5,3,0.07,-0.8321374962667695,558
25,30,0.3,0.5,1.5,1.5,3,0.05,-0.8334689436559238,441
25,25,0.3,1.2,2.0,1.5,5,0.07,-0.8338527527830758,435
20,25,0.3,0.5,1.5,1.5,3,0.1,-0.8366324432102666,561
20,25,0.3,0.8,1.2,1.5,3,0.05,-0.8372477002502438,558
25,25,0.5,1.2,1.5,1.5,7,0.05,-0.8381191688628528,426
25,30,0.3,0.5,2.0,1.5,3,0.05,-0.8384735642823035,435
20,25,0.3,1.2,1.2,1.5,3,0.05,-0.8394447571004232,549
25,35,0.3,0.5,1.2,1.5,7,0.07,-0.8403501863020327,420
25,35,0.3,0.5,1.2,1.5,5,0.07,-0.8403501863020327,420
25,25,0.5,0.8,2.0,1.5,7,0.05,-0.8405690316425077,423
25,25,0.3,0.5,1.5,2.0,3,0.07,-0.840866240358915,429
25,25,0.3,0.5,2.0,2.0,3,0.07,-0.840866240358915,429
25,35,0.5,0.8,2.0,1.5,5,0.05,-0.8453754681148127,384
25,35,0.3,1.2,1.2,1.5,3,0.1,-0.8465527974601151,423
25,25,0.3,0.5,2.0,2.0,3,0.05,-0.8480872424707125,429
25,25,0.3,0.5,1.5,2.0,3,0.05,-0.8480872424707125,429
20,25,0.3,0.5,1.5,1.5,3,0.07,-0.848394232197307,561
20,25,0.3,0.5,1.5,1.5,3,0.05,-0.84890897886186,561
25,35,0.3,1.2,1.5,1.5,3,0.05,-0.8498710197548769,417
25,25,0.3,0.8,1.5,1.5,5,0.1,-0.8506943154075525,453
20,25,0.3,0.5,2.0,1.5,3,0.1,-0.8509423817958185,555
25,35,0.3,1.2,2.0,1.5,3,0.05,-0.8529898112576862,411
25,30,0.3,0.8,1.2,1.5,3,0.07,-0.8541507795234328,444
25,25,0.5,1.2,1.5,1.5,5,0.07,-0.8543812797961671,432
20,25,0.3,0.5,2.0,1.5,3,0.05,-0.8544060907787042,555
25,25,0.5,0.5,1.2,1.5,7,0.1,-0.8549889426393916,456
25,30,0.3,0.8,1.2,1.5,3,0.1,-0.8561954297048662,444
25,30,0.5,0.8,1.2,1.5,5,0.05,-0.85758789801629,423
25,35,0.5,0.5,2.0,1.5,5,0.05,-0.8582421569942807,387
25,25,0.3,1.2,2.0,1.5,7,0.05,-0.8591555969311723,429
25,25,0.3,0.8,2.0,1.5,7,0.1,-0.8592635037906644,438
25,25,0.5,0.5,1.5,1.5,7,0.07,-0.8600918804217793,441
25,35,0.3,0.8,1.5,1.5,3,0.1,-0.8603628499900026,420
25,35,0.5,0.8,1.2,1.5,5,0.07,-0.8604419556498438,405
25,25,0.3,1.2,1.5,1.5,7,0.07,-0.8628564632834461,441
20,25,0.3,0.5,2.0,1.5,3,0.07,-0.8630745670317299,555
20,25,0.3,0.5,1.2,1.5,3,0.1,-0.863138727849453,564
25,30,0.3,0.5,1.2,1.5,3,0.07,-0.8635809182390808,447
25,35,0.3,1.2,1.2,1.5,3,0.07,-0.8644625907697537,423
25,30,0.3,0.5,1.2,1.5,3,0.1,-0.8655864320739615,447
25,30,0.5,0.5,1.2,1.5,5,0.05,-0.8661250784720879,426
25,25,0.5,0.8,1.5,1.5,5,0.1,-0.8672640275474802,441
25,25,0.5,0.8,1.2,1.5,7,0.07,-0.8677480723691947,450
25,25,0.3,0.8,2.0,1.5,7,0.07,-0.8686909246633416,438
25,35,0.3,0.8,2.0,1.5,3,0.1,-0.8707315103336611,414
20,25,0.3,0.5,1.2,1.5,3,0.07,-0.8714122956624457,564
25,35,0.5,0.5,1.2,1.5,5,0.07,-0.8724935014093657,408
25,35,0.3,0.5,1.5,1.5,3,0.1,-0.8735157153780162,423
25,25,0.5,1.2,2.0,1.5,5,0.1,-0.8769904663078526,423
20,25,0.3,0.5,1.2,1.5,3,0.05,-0.8772392874425663,564
25,30,0.3,0.8,1.2,1.5,3,0.05,-0.8773971194876324,444
25,35,0.3,0.8,1.5,1.5,3,0.07,-0.8803225465239938,420
25,25,0.5,0.5,2.0,1.5,7,0.05,-0.882294232307304,429
25,35,0.3,0.5,2.0,1.5,3,0.1,-0.884054671062701,417
25,35,0.3,0.8,1.2,1.5,5,0.05,-0.8852431989062653,417
25,35,0.3,0.8,1.2,1.5,7,0.05,-0.8852431989062653,417
25,25,0.3,1.2,1.2,1.5,5,0.1,-0.8854814016495831,456
25,25,0.3,1.2,1.2,1.5,7,0.1,-0.8854814016495831,456
25,30,0.3,0.5,1.2,1.5,3,0.05,-0.8865925219679575,447
25,25,0.3,0.8,2.0,1.5,5,0.1,-0.8870933681960669,444
25,35,0.5,1.2,1.2,1.5,5,0.05,-0.8910612773792099,402
25,25,0.3,0.5,1.5,1.5,5,0.1,-0.8914270356153954,459
25,35,0.3,0.8,2.0,1.5,3,0.07,-0.8921667762960315,414
25,35,0.3,0.5,1.5,1.5,3,0.07,-0.8933737551334197,423
25,25,0.5,0.8,1.5,1.5,7,0.05,-0.8942410460623135,435
25,25,0.3,1.2,1.5,1.5,5,0.05,-0.8965286841015934,444
25,35,0.3,0.5,1.2,1.5,5,0.05,-0.8967695063558011,420
25,35,0.3,0.5,1.2,1.5,7,0.05,-0.8967695063558011,420
25,25,0.5,1.2,1.2,1.5,7,0.05,-0.8969131931852661,441
25,25,0.3,0.8,1.5,1.5,5,0.07,-0.8978516348496498,453
25,25,0.3,0.8,1.5,1.5,7,0.1,-0.8980372891668265,450
25,25,0.3,0.5,2.0,1.5,7,0.1,-0.8991420526458159,444
25,25,0.3,1.2,2.0,1.5,5,0.05,-0.9008542936734051,435
25,25,0.5,1.2,1.2,1.5,5,0.1,-0.9012083633094481,444
25,35,0.3,0.5,2.0,1.5,3,0.07,-0.9053643188670405,417
25,25,0.3,0.8,2.0,1.5,5,0.07,-0.9053884875464961,444
25,35,0.3,1.2,1.2,1.5,3,0.05,-0.9057360915225023,423
25,25,0.5,0.5,1.2,1.5,7,0.07,-0.9085108251029105,456
25,35,0.3,0.8,1.2,1.5,3,0.1,-0.9086507256194821,426
25,25,0.3,0.5,2.0,1.5,7,0.07,-0.9087903132080245,444
25,25,0.5,0.5,1.5,1.5,5,0.1,-0.9090081972382907,447
25,25,0.5,1.2,2.0,1.5,5,0.07,-0.9090432518263832,423
25,35,0.3,0.8,1.5,1.5,3,0.05,-0.9143265685006995,420
25,35,0.3,0.8,2.0,1.5,3,0.05,-0.9170112003810865,414
25,25,0.3,0.8,2.0,1.5,7,0.05,-0.9175891553989338,438
25,25,0.5,0.8,1.5,1.5,5,0.07,-0.9184241256469476,441
25,25,0.3,1.2,1.5,1.5,7,0.05,-0.9205515263009406,441
25,35,0.3,0.5,1.2,1.5,3,0.1,-0.9218035910074959,429
25,25,0.5,1.2,1.5,1.5,3,0.1,-0.9258995615650157,447
25,35,0.3,0.8,1.2,1.5,3,0.07,-0.9265860537977828,426
25,35,0.3,0.5,1.5,1.5,3,0.05,-0.9269638694204765,423
25,25,0.3,0.5,2.0,1.5,5,0.1,-0.9274032032537428,450
25,35,0.3,0.5,2.0,1.5,3,0.05,-0.9298402852758392,417
25,25,0.3,0.8,1.5,1.5,7,0.07,-0.9323249521296817,450
25,25,0.3,1.2,1.2,1.5,7,0.07,-0.9342830517720243,456
25,25,0.3,1.2,1.2,1.5,5,0.07,-0.9342830517720243,456
25,25,0.5,0.5,1.5,1.5,7,0.05,-0.9361837795869038,441
25,25,0.3,0.5,1.5,1.5,7,0.1,-0.9380825795254856,456
25,25,0.3,0.5,1.5,1.5,5,0.07,-0.9387363273676489,459
25,35,0.3,0.5,1.2,1.5,3,0.07,-0.9396372624072086,429
25,25,0.5,1.2,2.0,1.5,3,0.1,-0.9416008718623173,441
25,25,0.3,0.5,2.0,1.5,5,0.07,-0.9457885597467607,450
25,25,0.3,0.8,1.5,1.5,5,0.05,-0.9517166631290906,453
25,35,0.5,0.8,1.2,1.5,5,0.05,-0.951885291129337,405
25,25,0.5,0.8,1.2,1.5,7,0.05,-0.9525478018594102,450
25,25,0.5,1.2,1.2,1.5,3,0.1,-0.9561820925043522,450
25,25,0.5,0.8,2.0,1.5,5,0.1,-0.9568652907001806,432
25,25,0.3,0.5,2.0,1.5,7,0.05,-0.9583089875330647,444
25,25,0.3,0.8,2.0,1.5,5,0.05,-0.9584213866367036,444
25,25,0.5,1.2,1.5,1.5,5,0.05,-0.9595092334412956,432
25,25,0.5,1.2,1.2,1.5,5,0.07,-0.9600439344619429,444
25,25,0.5,0.5,1.5,1.5,5,0.07,-0.9603222281806761,447
25,25,0.5,1.2,1.5,1.5,3,0.07,-0.9613296954437996,447
25,35,0.5,0.5,1.2,1.5,5,0.05,-0.9634115985788729,408
25,35,0.3,0.8,1.2,1.5,3,0.05,-0.9678814638547214,426
25,25,0.3,0.8,1.2,1.5,5,0.1,-0.9687134851061772,465
25,25,0.3,0.8,1.2,1.5,7,0.1,-0.9687134851061772,465
25,25,0.3,0.5,1.5,1.5,7,0.07,-0.9726737804836738,456
25,25,0.5,0.8,2.0,1.5,5,0.07,-0.9745960699901574,432
25,25,0.3,0.8,1.5,1.5,7,0.05,-0.9763416898932475,450
25,25,0.5,0.8,1.5,1.5,3,0.1,-0.976580920054843,456
25,25,0.5,1.2,2.0,1.5,3,0.07,-0.9777593749052393,441
25,25,0.5,0.8,1.2,1.5,5,0.1,-0.9788081691754564,453
25,35,0.3,0.5,1.2,1.5,3,0.05,-0.9805187647744984,429
25,25,0.5,0.8,1.5,1.5,3,0.07,-0.9890594682568269,456
25,25,0.5,1.2,1.2,1.5,3,0.07,-0.9902590456690196,450
25,25,0.5,0.8,2.0,1.5,3,0.1,-0.9916265503626137,450
25,25,0.3,0.5,1.5,1.5,5,0.05,-0.9931205074521807,459
25,25,0.5,0.5,1.2,1.5,7,0.05,-0.9938445017156899,456
25,25,0.5,0.5,2.0,1.5,5,0.1,-0.9981622228053183,438
25,25,0.3,0.5,2.0,1.5,5,0.05,-0.9993844707675245,450
25,25,0.3,1.2,1.2,1.5,5,0.05,-1.0021169319245355,456
25,25,0.3,1.2,1.2,1.5,7,0.05,-1.0021169319245355,456
25,25,0.3,0.8,1.2,1.5,5,0.07,-1.0039567040630442,465
25,25,0.3,0.8,1.2,1.5,7,0.07,-1.0039567040630442,465
25,25,0.5,0.8,2.0,1.5,3,0.07,-1.0044146707430894,450
25,25,0.5,0.8,1.2,1.5,3,0.1,-1.0064017308488353,459
25,25,0.3,0.5,1.2,1.5,7,0.1,-1.0083451541417472,471
25,25,0.3,0.5,1.2,1.5,5,0.1,-1.0083451541417472,471
25,25,0.5,1.2,2.0,1.5,5,0.05,-1.0092605605368599,423
25,25,0.5,0.8,1.5,1.5,5,0.05,-1.0100114582560842,441
25,25,0.5,1.2,1.5,1.5,3,0.05,-1.0156920613794367,447
25,25,0.5,0.5,2.0,1.5,5,0.07,-1.0159841862871504,438
25,25,0.3,0.5,1.5,1.5,7,0.05,-1.0172519209548998,456
25,25,0.5,0.8,1.2,1.5,3,0.07,-1.0175022775832308,459
25,25,0.5,0.8,1.5,1.5,3,0.05,-1.0189559596112285,456
25,25,0.5,0.5,1.2,1.5,5,0.1,-1.0194512876939938,459
25,25,0.5,0.5,1.5,1.5,3,0.1,-1.0205228584654498,462
25,25,0.5,1.2,2.0,1.5,3,0.05,-1.0223937216458747,441
25,25,0.5,0.8,1.2,1.5,5,0.07,-1.0240404266867131,453
25,25,0.5,0.8,2.0,1.5,3,0.05,-1.0242133968544294,450
25,25,0.5,0.5,1.5,1.5,3,0.07,-1.0334717035465193,462
25,25,0.5,0.5,2.0,1.5,3,0.1,-1.0353982820538992,456
25,25,0.3,0.5,1.2,1.5,7,0.07,-1.0437060467810306,471
25,25,0.3,0.5,1.2,1.5,5,0.07,-1.0437060467810306,471
25,25,0.5,1.2,1.2,1.5,3,0.05,-1.0447241247102033,450
25,25,0.5,0.8,1.2,1.5,3,0.05,-1.0474865026680953,459
25,25,0.5,0.5,2.0,1.5,3,0.07,-1.0486512848617464,456
25,25,0.5,0.5,1.2,1.5,3,0.1,-1.0503436692594423,465
25,25,0.5,0.5,1.5,1.5,5,0.05,-1.0524478050421124,447
25,25,0.3,0.8,1.2,1.5,5,0.05,-1.0582365076821187,465
25,25,0.3,0.8,1.2,1.5,7,0.05,-1.0582365076821187,465
25,25,0.5,1.2,1.2,1.5,5,0.05,-1.0595664543231302,444
25,25,0.5,0.8,2.0,1.5,5,0.05,-1.0609409988381184,432
25,25,0.5,0.5,1.2,1.5,3,0.07,-1.0619145128729233,465
25,25,0.5,0.5,1.5,1.5,3,0.05,-1.0639094735053898,462
25,25,0.5,0.5,1.2,1.5,5,0.07,-1.064803179420429,459
25,25,0.5,0.5,2.0,1.5,3,0.05,-1.0690484717097861,456
25,25,0.5,0.5,1.2,1.5,3,0.05,-1.0924400165622565,465
25,25,0.3,0.5,1.2,1.5,7,0.05,-1.09850070507546,471
25,25,0.3,0.5,1.2,1.5,5,0.05,-1.09850070507546,471
25,25,0.5,0.5,2.0,1.5,5,0.05,-1.1029094514996047,438
25,25,0.3,1.2,1.5,1.5,3,0.1,-1.105349735628566,459
25,25,0.5,0.8,1.2,1.5,5,0.05,-1.1100320886123354,453
25,25,0.3,1.2,2.0,1.5,3,0.1,-1.1208829370916271,453
25,25,0.3,0.8,1.5,1.5,3,0.1,-1.1491500971106927,468
25,25,0.3,1.2,1.5,1.5,3,0.07,-1.1495502374723658,459
25,25,0.3,1.2,1.2,1.5,3,0.1,-1.1503125340678617,465
25,25,0.5,0.5,1.2,1.5,5,0.05,-1.151328788468615,459
25,25,0.3,0.8,2.0,1.5,3,0.1,-1.1640290110174787,462
25,25,0.3,1.2,2.0,1.5,3,0.07,-1.1657780829001814,453
25,25,0.3,0.8,1.5,1.5,3,0.07,-1.1703313936106874,468
25,25,0.3,0.8,2.0,1.5,3,0.07,-1.1854956540152155,462
25,25,0.3,0.5,1.5,1.5,3,0.1,-1.191878264763378,474
25,25,0.3,0.8,1.2,1.5,3,0.1,-1.191915559365909,474
25,25,0.3,1.2,1.2,1.5,3,0.07,-1.1922123790059247,465
25,25,0.3,0.5,2.0,1.5,3,0.1,-1.2066042712535934,468
25,25,0.3,0.8,1.5,1.5,3,0.05,-1.2093910533814205,468
25,25,0.3,0.8,1.2,1.5,3,0.07,-1.2107707006968873,474
25,25,0.3,1.2,1.5,1.5,3,0.05,-1.213121688527418,459
25,25,0.3,0.5,1.5,1.5,3,0.07,-1.2135273769546921,474
25,25,0.3,0.8,2.0,1.5,3,0.05,-1.2143917616219033,462
25,25,0.3,1.2,2.0,1.5,3,0.05,-1.2195318201755767,453
25,25,0.3,0.5,2.0,1.5,3,0.07,-1.2285333022429425,468
25,25,0.3,0.5,1.2,1.5,3,0.1,-1.234643727018594,480
25,25,0.3,0.5,1.5,1.5,3,0.05,-1.2531041995315773,474
25,25,0.3,0.5,1.2,1.5,3,0.07,-1.2539666840408923,480
25,25,0.3,0.8,1.2,1.5,3,0.05,-1.2570904213970813,474
25,25,0.3,0.5,2.0,1.5,3,0.05,-1.2580040344687495,468
25,25,0.3,1.2,1.2,1.5,3,0.05,-1.263074769458112,465
25,25,0.3,0.5,1.2,1.5,3,0.05,-1.3008035675472382,480
